anio,semana,fecha_inicio,entidad_federativa,ciudad_sede,enfermedad,casos_semana,fuente,baseline_mean,baseline_std,umbral_alerta,zscore,anomalia_zscore,anomalia_iqr,anomalia_rel,n_metodos,anomalia
2016,1,2016-01-04,Ciudad de México,CDMX,Erisipela,0,boletin_pdf,3.0,6.0,15.0,-0.5,False,False,False,0,False
2016,1,2016-01-04,Ciudad de México,CDMX,Escarlatina,0,boletin_pdf,2.0,2.8284271247461903,7.656854249492381,-0.7071067811865475,False,False,False,0,False
2016,1,2016-01-04,Ciudad de México,CDMX,Rubeola,0,boletin_pdf,0.0,0.0,0.0,0.0,False,False,False,0,False
2016,1,2016-01-04,Ciudad de México,CDMX,Sarampion,0,boletin_pdf,0.0,0.0,0.0,0.0,False,False,False,0,False
2016,1,2016-01-04,Jalisco,Guadalajara,Erisipela,6,boletin_pdf,6.0,4.898979485566356,15.797958971132712,0.0,False,False,False,0,False
2016,1,2016-01-04,Jalisco,Guadalajara,Escarlatina,4,boletin_pdf,3.0,2.5819888974716108,8.163977794943222,0.38729833462074176,False,False,False,0,False
2016,1,2016-01-04,Jalisco,Guadalajara,Rubeola,0,boletin_pdf,0.0,0.0,0.0,0.0,False,False,False,0,False
2016,1,2016-01-04,Jalisco,Guadalajara,Sarampion,0,SEFE_pdf,0.0,0.0,0.0,0.0,False,False,False,0,False
2016,1,2016-01-04,Jalisco,Guadalajara,Sarampion,0,boletin_pdf,0.0,0.0,0.0,0.0,False,False,False,0,False
2016,1,2016-01-04,Nuevo León,Monterrey,Erisipela,44,boletin_pdf,51.5,20.6801031589948,92.8602063179896,-0.3626674365373211,False,False,False,0,False
2016,1,2016-01-04,Nuevo León,Monterrey,Escarlatina,2,boletin_pdf,5.5,5.7445626465380295,16.989125293076057,-0.6092717958449424,False,False,False,0,False
2016,1,2016-01-04,Nuevo León,Monterrey,Rubeola,0,boletin_pdf,0.0,0.0,0.0,0.0,False,False,False,0,False
2016,1,2016-01-04,Nuevo León,Monterrey,Sarampion,0,SEFE_pdf,0.0,0.0,0.0,0.0,False,False,False,0,False
2016,1,2016-01-04,Nuevo León,Monterrey,Sarampion,0,boletin_pdf,0.0,0.0,0.0,0.0,False,False,False,0,False
2016,2,2016-01-11,Ciudad de México,CDMX,Erisipela,0,boletin_pdf,4.5,5.744562646538029,15.989125293076057,-0.7833494518006403,False,False,False,0,False
2016,2,2016-01-11,Ciudad de México,CDMX,Escarlatina,0,boletin_pdf,2.5,3.785938897200182,10.071877794400365,-0.6603381797442179,False,False,False,0,False
2016,2,2016-01-11,Ciudad de México,CDMX,Rubeola,0,boletin_pdf,0.0,0.0,0.0,0.0,False,False,False,0,False
2016,2,2016-01-11,Ciudad de México,CDMX,Sarampion,0,boletin_pdf,0.0,0.0,0.0,0.0,False,False,False,0,False
2016,2,2016-01-11,Jalisco,Guadalajara,Erisipela,2,boletin_pdf,7.0,4.163331998932265,15.32666399786453,-1.2009611535381535,False,False,False,0,False
2016,2,2016-01-11,Jalisco,Guadalajara,Escarlatina,12,boletin_pdf,8.0,3.265986323710904,14.531972647421808,1.224744871391589,False,False,False,0,False
2016,2,2016-01-11,Jalisco,Guadalajara,Rubeola,0,boletin_pdf,0.0,0.0,0.0,0.0,False,False,False,0,False
2016,2,2016-01-11,Jalisco,Guadalajara,Sarampion,0,boletin_pdf,0.0,0.0,0.0,0.0,False,False,False,0,False
2016,2,2016-01-11,Nuevo León,Monterrey,Erisipela,52,boletin_pdf,61.0,9.309493362512628,79.61898672502525,-0.9667550799532344,False,False,False,0,False
2016,2,2016-01-11,Nuevo León,Monterrey,Escarlatina,0,boletin_pdf,1.5,1.0,3.5,-1.5,False,False,False,0,False
2016,2,2016-01-11,Nuevo León,Monterrey,Rubeola,0,boletin_pdf,0.0,0.0,0.0,0.0,False,False,False,0,False
2016,2,2016-01-11,Nuevo León,Monterrey,Sarampion,0,boletin_pdf,0.0,0.0,0.0,0.0,False,False,False,0,False
2016,3,2016-01-18,Ciudad de México,CDMX,Erisipela,0,boletin_pdf,5.0,5.773502691896257,16.547005383792516,-0.8660254037844387,False,False,False,0,False
2016,3,2016-01-18,Ciudad de México,CDMX,Escarlatina,0,boletin_pdf,3.5,5.744562646538029,14.989125293076057,-0.6092717958449424,False,False,False,0,False
2016,3,2016-01-18,Ciudad de México,CDMX,Rubeola,0,boletin_pdf,0.0,0.0,0.0,0.0,False,False,False,0,False
2016,3,2016-01-18,Ciudad de México,CDMX,Sarampion,0,boletin_pdf,0.0,0.0,0.0,0.0,False,False,False,0,False
2016,3,2016-01-18,Jalisco,Guadalajara,Erisipela,0,boletin_pdf,6.0,4.0,14.0,-1.5,False,False,False,0,False
2016,3,2016-01-18,Jalisco,Guadalajara,Escarlatina,8,boletin_pdf,6.5,2.9999999999999996,12.5,0.5000000000000001,False,False,False,0,False
2016,3,2016-01-18,Jalisco,Guadalajara,Rubeola,0,boletin_pdf,0.0,0.0,0.0,0.0,False,False,False,0,False
2016,3,2016-01-18,Jalisco,Guadalajara,Sarampion,0,boletin_pdf,0.0,0.0,0.0,0.0,False,False,False,0,False
2016,3,2016-01-18,Nuevo León,Monterrey,Erisipela,54,boletin_pdf,77.0,16.77299416721217,110.54598833442434,-1.371251892817108,False,False,False,0,False
2016,3,2016-01-18,Nuevo León,Monterrey,Escarlatina,0,boletin_pdf,4.0,2.8284271247461903,9.65685424949238,-1.414213562373095,False,False,False,0,False
2016,3,2016-01-18,Nuevo León,Monterrey,Rubeola,0,boletin_pdf,0.0,0.0,0.0,0.0,False,False,False,0,False
2016,3,2016-01-18,Nuevo León,Monterrey,Sarampion,0,boletin_pdf,0.0,0.0,0.0,0.0,False,False,False,0,False
2016,4,2016-01-25,Ciudad de México,CDMX,Erisipela,0,boletin_pdf,4.5,6.60807586719967,17.71615173439934,-0.6809849176121797,False,False,False,0,False
2016,4,2016-01-25,Ciudad de México,CDMX,Escarlatina,0,boletin_pdf,6.0,6.928203230275509,19.856406460551018,-0.8660254037844387,False,False,False,0,False
2016,4,2016-01-25,Ciudad de México,CDMX,Rubeola,0,boletin_pdf,0.0,0.0,0.0,0.0,False,False,False,0,False
2016,4,2016-01-25,Ciudad de México,CDMX,Sarampion,0,boletin_pdf,0.0,0.0,0.0,0.0,False,False,False,0,False
2016,4,2016-01-25,Jalisco,Guadalajara,Erisipela,12,boletin_pdf,9.0,3.8297084310253524,16.659416862050705,0.7833494518006403,False,False,False,0,False
2016,4,2016-01-25,Jalisco,Guadalajara,Escarlatina,8,boletin_pdf,5.0,3.8297084310253524,12.659416862050705,0.7833494518006403,False,False,False,0,False
2016,4,2016-01-25,Jalisco,Guadalajara,Rubeola,0,boletin_pdf,0.0,0.0,0.0,0.0,False,False,False,0,False
2016,4,2016-01-25,Jalisco,Guadalajara,Sarampion,0,boletin_pdf,0.0,0.0,0.0,0.0,False,False,False,0,False
2016,4,2016-01-25,Nuevo León,Monterrey,Erisipela,62,boletin_pdf,55.5,5.507570547286103,66.5151410945722,1.1801936887041644,False,False,False,0,False
2016,4,2016-01-25,Nuevo León,Monterrey,Escarlatina,10,boletin_pdf,4.0,4.320493798938574,12.640987597877148,1.3887301496588271,False,False,False,0,False
2016,4,2016-01-25,Nuevo León,Monterrey,Rubeola,0,boletin_pdf,0.0,0.0,0.0,0.0,False,False,False,0,False
2016,4,2016-01-25,Nuevo León,Monterrey,Sarampion,0,boletin_pdf,0.0,0.0,0.0,0.0,False,False,False,0,False
2016,5,2016-02-01,Ciudad de México,CDMX,Erisipela,0,boletin_pdf,6.5,8.54400374531753,23.58800749063506,-0.7607674567748487,False,False,False,0,False
2016,5,2016-02-01,Ciudad de México,CDMX,Escarlatina,0,boletin_pdf,8.0,10.456258094238748,28.912516188477497,-0.7650920556760059,False,False,False,0,False
2016,5,2016-02-01,Ciudad de México,CDMX,Rubeola,0,boletin_pdf,0.0,0.0,0.0,0.0,False,False,False,0,False
2016,5,2016-02-01,Ciudad de México,CDMX,Sarampion,0,boletin_pdf,0.0,0.0,0.0,0.0,False,False,False,0,False
2016,5,2016-02-01,Jalisco,Guadalajara,Erisipela,6,boletin_pdf,8.0,3.6514837167011076,15.302967433402216,-0.5477225575051661,False,False,False,0,False
2016,5,2016-02-01,Jalisco,Guadalajara,Escarlatina,10,boletin_pdf,5.0,3.4641016151377544,11.928203230275509,1.4433756729740645,False,True,False,1,False
2016,5,2016-02-01,Jalisco,Guadalajara,Rubeola,0,boletin_pdf,0.0,0.0,0.0,0.0,False,False,False,0,False
2016,5,2016-02-01,Jalisco,Guadalajara,Sarampion,0,SEFE_pdf,0.0,0.0,0.0,0.0,False,False,False,0,False
2016,5,2016-02-01,Jalisco,Guadalajara,Sarampion,0,boletin_pdf,0.0,0.0,0.0,0.0,False,False,False,0,False
2016,5,2016-02-01,Nuevo León,Monterrey,Erisipela,68,boletin_pdf,69.0,7.745966692414834,84.49193338482966,-0.12909944487358055,False,False,False,0,False
2016,5,2016-02-01,Nuevo León,Monterrey,Escarlatina,4,boletin_pdf,5.0,2.0,9.0,-0.5,False,False,False,0,False
2016,5,2016-02-01,Nuevo León,Monterrey,Rubeola,0,boletin_pdf,0.0,0.0,0.0,0.0,False,False,False,0,False
2016,5,2016-02-01,Nuevo León,Monterrey,Sarampion,0,SEFE_pdf,0.0,0.0,0.0,0.0,False,False,False,0,False
2016,5,2016-02-01,Nuevo León,Monterrey,Sarampion,0,boletin_pdf,0.0,0.0,0.0,0.0,False,False,False,0,False
2016,6,2016-02-08,Ciudad de México,CDMX,Erisipela,0,boletin_pdf,8.0,9.797958971132712,27.595917942265423,-0.8164965809277261,False,False,False,0,False
2016,6,2016-02-08,Ciudad de México,CDMX,Escarlatina,0,boletin_pdf,9.0,10.519822558706334,30.039645117412668,-0.8555277382080452,False,False,False,0,False
2016,6,2016-02-08,Ciudad de México,CDMX,Rubeola,0,boletin_pdf,0.0,0.0,0.0,0.0,False,False,False,0,False
2016,6,2016-02-08,Ciudad de México,CDMX,Sarampion,0,boletin_pdf,0.0,0.0,0.0,0.0,False,False,False,0,False
2016,6,2016-02-08,Jalisco,Guadalajara,Erisipela,6,boletin_pdf,3.5,1.9148542155126762,7.329708431025352,1.3055824196677337,False,False,False,0,False
2016,6,2016-02-08,Jalisco,Guadalajara,Escarlatina,8,boletin_pdf,5.5,1.9148542155126762,9.329708431025352,1.3055824196677337,False,False,False,0,False
2016,6,2016-02-08,Jalisco,Guadalajara,Rubeola,0,boletin_pdf,0.0,0.0,0.0,0.0,False,False,False,0,False
2016,6,2016-02-08,Jalisco,Guadalajara,Sarampion,0,boletin_pdf,0.0,0.0,0.0,0.0,False,False,False,0,False
2016,6,2016-02-08,Nuevo León,Monterrey,Erisipela,82,boletin_pdf,69.5,9.71253485622231,88.92506971244462,1.286996668227338,False,False,False,0,False
2016,6,2016-02-08,Nuevo León,Monterrey,Escarlatina,8,boletin_pdf,5.5,4.123105625617661,13.746211251235321,0.6063390625908325,False,False,False,0,False
2016,6,2016-02-08,Nuevo León,Monterrey,Rubeola,0,boletin_pdf,0.0,0.0,0.0,0.0,False,False,False,0,False
2016,6,2016-02-08,Nuevo León,Monterrey,Sarampion,0,boletin_pdf,0.0,0.0,0.0,0.0,False,False,False,0,False
2016,7,2016-02-15,Ciudad de México,CDMX,Erisipela,0,boletin_pdf,5.0,6.6332495807108,18.2664991614216,-0.753778361444409,False,False,False,0,False
2016,7,2016-02-15,Ciudad de México,CDMX,Escarlatina,0,boletin_pdf,5.0,6.6332495807108,18.2664991614216,-0.753778361444409,False,False,False,0,False
2016,7,2016-02-15,Ciudad de México,CDMX,Rubeola,0,boletin_pdf,0.0,0.0,0.0,0.0,False,False,False,0,False
2016,7,2016-02-15,Ciudad de México,CDMX,Sarampion,0,boletin_pdf,0.0,0.0,0.0,0.0,False,False,False,0,False
2016,7,2016-02-15,Jalisco,Guadalajara,Erisipela,6,boletin_pdf,8.0,3.6514837167011076,15.302967433402216,-0.5477225575051661,False,False,False,0,False
2016,7,2016-02-15,Jalisco,Guadalajara,Escarlatina,2,boletin_pdf,5.0,2.581988897471611,10.163977794943222,-1.161895003862225,False,False,False,0,False
2016,7,2016-02-15,Jalisco,Guadalajara,Rubeola,0,boletin_pdf,0.0,0.0,0.0,0.0,False,False,False,0,False
2016,7,2016-02-15,Jalisco,Guadalajara,Sarampion,0,boletin_pdf,0.0,0.0,0.0,0.0,False,False,False,0,False
2016,7,2016-02-15,Nuevo León,Monterrey,Erisipela,52,boletin_pdf,72.5,13.79613472438325,100.0922694487665,-1.4859234422934677,False,False,False,0,False
2016,7,2016-02-15,Nuevo León,Monterrey,Escarlatina,16,boletin_pdf,7.0,6.6332495807108,20.2664991614216,1.3568010505999364,False,False,False,0,False
2016,7,2016-02-15,Nuevo León,Monterrey,Rubeola,0,boletin_pdf,0.0,0.0,0.0,0.0,False,False,False,0,False
2016,7,2016-02-15,Nuevo León,Monterrey,Sarampion,0,boletin_pdf,0.0,0.0,0.0,0.0,False,False,False,0,False
2016,8,2016-02-22,Ciudad de México,CDMX,Erisipela,0,boletin_pdf,10.0,12.000000000000002,34.0,-0.8333333333333333,False,False,False,0,False
2016,8,2016-02-22,Ciudad de México,CDMX,Escarlatina,0,boletin_pdf,6.0,9.521904571390465,25.04380914278093,-0.6301260378126046,False,False,False,0,False
2016,8,2016-02-22,Ciudad de México,CDMX,Rubeola,0,boletin_pdf,0.0,0.0,0.0,0.0,False,False,False,0,False
2016,8,2016-02-22,Ciudad de México,CDMX,Sarampion,0,boletin_pdf,0.0,0.0,0.0,0.0,False,False,False,0,False
2016,8,2016-02-22,Jalisco,Guadalajara,Erisipela,12,boletin_pdf,7.0,4.760952285695233,16.521904571390465,1.0502100630210074,False,False,False,0,False
2016,8,2016-02-22,Jalisco,Guadalajara,Escarlatina,12,boletin_pdf,6.0,4.320493798938574,14.640987597877148,1.3887301496588271,False,False,False,0,False
2016,8,2016-02-22,Jalisco,Guadalajara,Rubeola,0,boletin_pdf,0.0,0.0,0.0,0.0,False,False,False,0,False
2016,8,2016-02-22,Jalisco,Guadalajara,Sarampion,0,boletin_pdf,0.0,0.0,0.0,0.0,False,False,False,0,False
2016,8,2016-02-22,Nuevo León,Monterrey,Erisipela,86,boletin_pdf,79.0,21.19748412744619,121.39496825489238,0.3302278684542805,False,False,False,0,False
2016,8,2016-02-22,Nuevo León,Monterrey,Escarlatina,14,boletin_pdf,7.0,4.760952285695232,16.521904571390465,1.4702940882294107,False,False,False,0,False
2016,8,2016-02-22,Nuevo León,Monterrey,Rubeola,0,boletin_pdf,0.0,0.0,0.0,0.0,False,False,False,0,False
2016,8,2016-02-22,Nuevo León,Monterrey,Sarampion,0,boletin_pdf,0.0,0.0,0.0,0.0,False,False,False,0,False
2016,9,2016-02-29,Ciudad de México,CDMX,Erisipela,0,boletin_pdf,7.5,10.376254944182254,28.252509888364507,-0.72280413697864,False,False,False,0,False
2016,9,2016-02-29,Ciudad de México,CDMX,Escarlatina,0,boletin_pdf,9.5,11.704699910719626,32.90939982143925,-0.8116397748309229,False,False,False,0,False
2016,9,2016-02-29,Ciudad de México,CDMX,Rubeola,0,boletin_pdf,0.0,0.0,0.0,0.0,False,False,False,0,False
2016,9,2016-02-29,Ciudad de México,CDMX,Sarampion,0,boletin_pdf,0.0,0.0,0.0,0.0,False,False,False,0,False
2016,9,2016-02-29,Jalisco,Guadalajara,Erisipela,8,boletin_pdf,6.5,3.415650255319866,13.331300510639732,0.43915503282683993,False,False,False,0,False
2016,9,2016-02-29,Jalisco,Guadalajara,Escarlatina,10,boletin_pdf,5.5,3.415650255319866,12.331300510639732,1.3174650984805198,False,False,False,0,False
2016,9,2016-02-29,Jalisco,Guadalajara,Rubeola,0,boletin_pdf,0.0,0.0,0.0,0.0,False,False,False,0,False
2016,9,2016-02-29,Jalisco,Guadalajara,Sarampion,0,SEFE_pdf,0.0,0.0,0.0,0.0,False,False,False,0,False
2016,9,2016-02-29,Jalisco,Guadalajara,Sarampion,0,boletin_pdf,0.0,0.0,0.0,0.0,False,False,False,0,False
2016,9,2016-02-29,Nuevo León,Monterrey,Erisipela,90,boletin_pdf,91.5,22.8837642591132,137.2675285182264,-0.06554865637556295,False,False,False,0,False
2016,9,2016-02-29,Nuevo León,Monterrey,Escarlatina,6,boletin_pdf,6.5,4.123105625617661,14.746211251235321,-0.12126781251816648,False,False,False,0,False
2016,9,2016-02-29,Nuevo León,Monterrey,Rubeola,0,boletin_pdf,0.0,0.0,0.0,0.0,False,False,False,0,False
2016,9,2016-02-29,Nuevo León,Monterrey,Sarampion,0,SEFE_pdf,0.0,0.0,0.0,0.0,False,False,False,0,False
2016,9,2016-02-29,Nuevo León,Monterrey,Sarampion,0,boletin_pdf,0.0,0.0,0.0,0.0,False,False,False,0,False
2016,10,2016-03-07,Ciudad de México,CDMX,Erisipela,0,boletin_pdf,5.5,4.123105625617661,13.746211251235321,-1.3339459376998313,False,False,False,0,False
2016,10,2016-03-07,Ciudad de México,CDMX,Escarlatina,0,boletin_pdf,18.5,14.45683229480096,47.41366458960192,-1.279671758152238,False,False,False,0,False
2016,10,2016-03-07,Ciudad de México,CDMX,Rubeola,0,boletin_pdf,0.0,0.0,0.0,0.0,False,False,False,0,False
2016,10,2016-03-07,Ciudad de México,CDMX,Sarampion,0,boletin_pdf,0.0,0.0,0.0,0.0,False,False,False,0,False
2016,10,2016-03-07,Jalisco,Guadalajara,Erisipela,10,boletin_pdf,9.5,1.9148542155126764,13.329708431025352,0.26111648393354675,False,False,False,0,False
2016,10,2016-03-07,Jalisco,Guadalajara,Escarlatina,8,boletin_pdf,4.5,2.516611478423583,9.533222956847165,1.390758974918296,False,True,False,1,False
2016,10,2016-03-07,Jalisco,Guadalajara,Rubeola,0,boletin_pdf,0.0,0.0,0.0,0.0,False,False,False,0,False
2016,10,2016-03-07,Jalisco,Guadalajara,Sarampion,0,boletin_pdf,0.0,0.0,0.0,0.0,False,False,False,0,False
2016,10,2016-03-07,Nuevo León,Monterrey,Erisipela,78,boletin_pdf,89.5,17.0,123.5,-0.6764705882352942,False,False,False,0,False
2016,10,2016-03-07,Nuevo León,Monterrey,Escarlatina,4,boletin_pdf,9.5,9.0,27.5,-0.6111111111111112,False,False,False,0,False
2016,10,2016-03-07,Nuevo León,Monterrey,Rubeola,0,boletin_pdf,0.0,0.0,0.0,0.0,False,False,False,0,False
2016,10,2016-03-07,Nuevo León,Monterrey,Sarampion,0,boletin_pdf,0.0,0.0,0.0,0.0,False,False,False,0,False
2016,11,2016-03-14,Ciudad de México,CDMX,Erisipela,0,boletin_pdf,16.0,10.954451150103322,37.90890230020665,-1.4605934866804429,False,False,False,0,False
2016,11,2016-03-14,Ciudad de México,CDMX,Escarlatina,0,boletin_pdf,20.0,13.856406460551018,47.712812921102035,-1.4433756729740645,False,False,False,0,False
2016,11,2016-03-14,Ciudad de México,CDMX,Rubeola,0,boletin_pdf,0.0,0.0,0.0,0.0,False,False,False,0,False
2016,11,2016-03-14,Ciudad de México,CDMX,Sarampion,0,boletin_pdf,0.0,0.0,0.0,0.0,False,False,False,0,False
2016,11,2016-03-14,Jalisco,Guadalajara,Erisipela,8,boletin_pdf,7.5,4.725815626252609,16.951631252505216,0.10580184237878973,False,False,False,0,False
2016,11,2016-03-14,Jalisco,Guadalajara,Escarlatina,2,boletin_pdf,5.5,4.725815626252608,14.951631252505216,-0.7406128966515283,False,False,False,0,False
2016,11,2016-03-14,Jalisco,Guadalajara,Rubeola,0,boletin_pdf,0.0,0.0,0.0,0.0,False,False,False,0,False
2016,11,2016-03-14,Jalisco,Guadalajara,Sarampion,0,boletin_pdf,0.0,0.0,0.0,0.0,False,False,False,0,False
2016,11,2016-03-14,Nuevo León,Monterrey,Erisipela,80,boletin_pdf,74.0,9.521904571390467,93.04380914278093,0.6301260378126045,False,False,False,0,False
2016,11,2016-03-14,Nuevo León,Monterrey,Escarlatina,12,boletin_pdf,5.0,4.760952285695233,14.521904571390467,1.4702940882294102,False,False,False,0,False
2016,11,2016-03-14,Nuevo León,Monterrey,Rubeola,0,boletin_pdf,0.0,0.0,0.0,0.0,False,False,False,0,False
2016,11,2016-03-14,Nuevo León,Monterrey,Sarampion,0,boletin_pdf,0.0,0.0,0.0,0.0,False,False,False,0,False
2016,12,2016-03-21,Ciudad de México,CDMX,Erisipela,0,boletin_pdf,11.0,9.865765724632494,30.73153144926499,-1.1149666743591518,False,False,False,0,False
2016,12,2016-03-21,Ciudad de México,CDMX,Escarlatina,0,boletin_pdf,20.5,15.864005379054394,52.22801075810879,-1.2922335507441656,False,False,False,0,False
2016,12,2016-03-21,Ciudad de México,CDMX,Rubeola,0,boletin_pdf,0.0,0.0,0.0,0.0,False,False,False,0,False
2016,12,2016-03-21,Ciudad de México,CDMX,Sarampion,0,boletin_pdf,0.0,0.0,0.0,0.0,False,False,False,0,False
2016,12,2016-03-21,Jalisco,Guadalajara,Erisipela,6,boletin_pdf,10.5,6.60807586719967,23.71615173439934,-0.6809849176121797,False,False,False,0,False
2016,12,2016-03-21,Jalisco,Guadalajara,Escarlatina,0,boletin_pdf,5.0,6.2182527020592095,17.43650540411842,-0.8040844011283462,False,False,False,0,False
2016,12,2016-03-21,Jalisco,Guadalajara,Rubeola,0,boletin_pdf,0.0,0.0,0.0,0.0,False,False,False,0,False
2016,12,2016-03-21,Jalisco,Guadalajara,Sarampion,0,boletin_pdf,0.0,0.0,0.0,0.0,False,False,False,0,False
2016,12,2016-03-21,Nuevo León,Monterrey,Erisipela,90,boletin_pdf,81.0,16.852299546352715,114.70459909270542,0.534051746187234,False,False,False,0,False
2016,12,2016-03-21,Nuevo León,Monterrey,Escarlatina,20,boletin_pdf,11.0,11.604596790352806,34.209193580705616,0.7755547359889252,False,False,False,0,False
2016,12,2016-03-21,Nuevo León,Monterrey,Rubeola,0,boletin_pdf,0.0,0.0,0.0,0.0,False,False,False,0,False
2016,12,2016-03-21,Nuevo León,Monterrey,Sarampion,0,boletin_pdf,0.0,0.0,0.0,0.0,False,False,False,0,False
2016,13,2016-03-28,Ciudad de México,CDMX,Erisipela,0,boletin_pdf,9.5,7.54983443527075,24.5996688705415,-1.2583057392117916,False,False,False,0,False
2016,13,2016-03-28,Ciudad de México,CDMX,Escarlatina,0,boletin_pdf,18.0,15.05545305418162,48.11090610836324,-1.1955800954791287,False,False,False,0,False
2016,13,2016-03-28,Ciudad de México,CDMX,Rubeola,0,boletin_pdf,0.0,0.0,0.0,0.0,False,False,False,0,False
2016,13,2016-03-28,Ciudad de México,CDMX,Sarampion,0,boletin_pdf,0.0,0.0,0.0,0.0,False,False,False,0,False
2016,13,2016-03-28,Jalisco,Guadalajara,Erisipela,10,boletin_pdf,13.0,3.4641016151377544,19.928203230275507,-0.8660254037844387,False,False,False,0,False
2016,13,2016-03-28,Jalisco,Guadalajara,Escarlatina,0,boletin_pdf,5.5,6.191391873668904,17.882783747337808,-0.8883301383959731,False,False,False,0,False
2016,13,2016-03-28,Jalisco,Guadalajara,Rubeola,0,boletin_pdf,0.0,0.0,0.0,0.0,False,False,False,0,False
2016,13,2016-03-28,Jalisco,Guadalajara,Sarampion,0,boletin_pdf,0.0,0.0,0.0,0.0,False,False,False,0,False
2016,13,2016-03-28,Nuevo León,Monterrey,Erisipela,34,boletin_pdf,72.5,36.71057976478534,145.92115952957067,-1.04874399278573,False,False,False,0,False
2016,13,2016-03-28,Nuevo León,Monterrey,Escarlatina,6,boletin_pdf,6.0,1.632993161855452,9.265986323710905,0.0,False,False,False,0,False
2016,13,2016-03-28,Nuevo León,Monterrey,Rubeola,0,boletin_pdf,0.0,0.0,0.0,0.0,False,False,False,0,False
2016,13,2016-03-28,Nuevo León,Monterrey,Sarampion,0,boletin_pdf,0.0,0.0,0.0,0.0,False,False,False,0,False
2016,14,2016-04-04,Ciudad de México,CDMX,Erisipela,0,boletin_pdf,8.0,7.483314773547883,22.966629547095764,-1.0690449676496976,False,False,False,0,False
2016,14,2016-04-04,Ciudad de México,CDMX,Escarlatina,0,boletin_pdf,19.5,15.609825965290794,50.71965193058159,-1.2492131586450226,False,False,False,0,False
2016,14,2016-04-04,Ciudad de México,CDMX,Rubeola,0,boletin_pdf,0.0,0.0,0.0,0.0,False,False,False,0,False
2016,14,2016-04-04,Ciudad de México,CDMX,Sarampion,0,boletin_pdf,0.0,0.0,0.0,0.0,False,False,False,0,False
2016,14,2016-04-04,Jalisco,Guadalajara,Erisipela,8,boletin_pdf,8.0,5.887840577551898,19.775681155103797,0.0,False,False,False,0,False
2016,14,2016-04-04,Jalisco,Guadalajara,Escarlatina,2,boletin_pdf,6.0,5.656854249492381,17.31370849898476,-0.7071067811865475,False,False,False,0,False
2016,14,2016-04-04,Jalisco,Guadalajara,Rubeola,0,boletin_pdf,0.0,0.0,0.0,0.0,False,False,False,0,False
2016,14,2016-04-04,Jalisco,Guadalajara,Sarampion,0,SEFE_pdf,0.0,0.0,0.0,0.0,False,False,False,0,False
2016,14,2016-04-04,Jalisco,Guadalajara,Sarampion,0,boletin_pdf,0.0,0.0,0.0,0.0,False,False,False,0,False
2016,14,2016-04-04,Nuevo León,Monterrey,Erisipela,92,boletin_pdf,92.0,33.94112549695428,159.88225099390854,0.0,False,False,False,0,False
2016,14,2016-04-04,Nuevo León,Monterrey,Escarlatina,6,boletin_pdf,5.0,3.4641016151377544,11.928203230275509,0.2886751345948129,False,False,False,0,False
2016,14,2016-04-04,Nuevo León,Monterrey,Rubeola,0,boletin_pdf,0.0,0.0,0.0,0.0,False,False,False,0,False
2016,14,2016-04-04,Nuevo León,Monterrey,Sarampion,0,SEFE_pdf,0.0,0.0,0.0,0.0,False,False,False,0,False
2016,14,2016-04-04,Nuevo León,Monterrey,Sarampion,0,boletin_pdf,0.0,0.0,0.0,0.0,False,False,False,0,False
2016,15,2016-04-11,Ciudad de México,CDMX,Erisipela,0,boletin_pdf,13.5,18.138357147217054,49.77671429443411,-0.7442790926669612,False,False,False,0,False
2016,15,2016-04-11,Ciudad de México,CDMX,Escarlatina,0,boletin_pdf,14.5,11.0,36.5,-1.3181818181818181,False,False,False,0,False
2016,15,2016-04-11,Ciudad de México,CDMX,Rubeola,0,boletin_pdf,0.0,0.0,0.0,0.0,False,False,False,0,False
2016,15,2016-04-11,Ciudad de México,CDMX,Sarampion,0,boletin_pdf,0.0,0.0,0.0,0.0,False,False,False,0,False
2016,15,2016-04-11,Jalisco,Guadalajara,Erisipela,12,boletin_pdf,9.5,4.123105625617661,17.746211251235323,0.6063390625908325,False,False,False,0,False
2016,15,2016-04-11,Jalisco,Guadalajara,Escarlatina,0,boletin_pdf,7.0,5.773502691896258,18.547005383792516,-1.212435565298214,False,False,False,0,False
2016,15,2016-04-11,Jalisco,Guadalajara,Rubeola,0,boletin_pdf,0.0,0.0,0.0,0.0,False,False,False,0,False
2016,15,2016-04-11,Jalisco,Guadalajara,Sarampion,0,boletin_pdf,0.0,0.0,0.0,0.0,False,False,False,0,False
2016,15,2016-04-11,Nuevo León,Monterrey,Erisipela,96,boletin_pdf,93.5,11.0,115.5,0.22727272727272727,False,False,False,0,False
2016,15,2016-04-11,Nuevo León,Monterrey,Escarlatina,8,boletin_pdf,17.0,13.71130920080209,44.42261840160418,-0.6563924617405255,False,False,False,0,False
2016,15,2016-04-11,Nuevo León,Monterrey,Rubeola,0,boletin_pdf,0.0,0.0,0.0,0.0,False,False,False,0,False
2016,15,2016-04-11,Nuevo León,Monterrey,Sarampion,0,boletin_pdf,0.0,0.0,0.0,0.0,False,False,False,0,False
2016,16,2016-04-18,Ciudad de México,CDMX,Erisipela,0,boletin_pdf,8.0,5.41602560309064,18.83205120618128,-1.4770978917519928,False,False,False,0,False
2016,16,2016-04-18,Ciudad de México,CDMX,Escarlatina,0,boletin_pdf,20.0,13.856406460551018,47.712812921102035,-1.4433756729740645,False,False,False,0,False
2016,16,2016-04-18,Ciudad de México,CDMX,Rubeola,0,boletin_pdf,0.0,0.0,0.0,0.0,False,False,False,0,False
2016,16,2016-04-18,Ciudad de México,CDMX,Sarampion,0,boletin_pdf,0.0,0.0,0.0,0.0,False,False,False,0,False
2016,16,2016-04-18,Jalisco,Guadalajara,Erisipela,12,boletin_pdf,8.5,6.60807586719967,21.71615173439934,0.5296549359205842,False,False,False,0,False
2016,16,2016-04-18,Jalisco,Guadalajara,Escarlatina,2,boletin_pdf,4.0,1.632993161855452,7.265986323710904,-1.224744871391589,False,False,False,0,False
2016,16,2016-04-18,Jalisco,Guadalajara,Rubeola,0,boletin_pdf,0.0,0.0,0.0,0.0,False,False,False,0,False
2016,16,2016-04-18,Jalisco,Guadalajara,Sarampion,0,boletin_pdf,0.0,0.0,0.0,0.0,False,False,False,0,False
2016,16,2016-04-18,Nuevo León,Monterrey,Erisipela,102,boletin_pdf,94.0,16.08311744241976,126.16623488483953,0.4974160033738069,False,False,False,0,False
2016,16,2016-04-18,Nuevo León,Monterrey,Escarlatina,22,boletin_pdf,10.0,8.16496580927726,26.32993161855452,1.4696938456699067,False,True,False,1,False
2016,16,2016-04-18,Nuevo León,Monterrey,Rubeola,0,boletin_pdf,0.0,0.0,0.0,0.0,False,False,False,0,False
2016,16,2016-04-18,Nuevo León,Monterrey,Sarampion,0,boletin_pdf,0.0,0.0,0.0,0.0,False,False,False,0,False
2016,17,2016-04-25,Ciudad de México,CDMX,Erisipela,0,boletin_pdf,10.0,8.485281374238571,26.970562748477143,-1.178511301977579,False,False,False,0,False
2016,17,2016-04-25,Ciudad de México,CDMX,Escarlatina,0,boletin_pdf,18.5,12.583057392117917,43.66611478423583,-1.4702309163421985,False,False,False,0,False
2016,17,2016-04-25,Ciudad de México,CDMX,Rubeola,0,boletin_pdf,0.0,0.0,0.0,0.0,False,False,False,0,False
2016,17,2016-04-25,Ciudad de México,CDMX,Sarampion,0,boletin_pdf,0.0,0.0,0.0,0.0,False,False,False,0,False
2016,17,2016-04-25,Jalisco,Guadalajara,Erisipela,8,boletin_pdf,9.0,6.2182527020592095,21.43650540411842,-0.16081688022566923,False,False,False,0,False
2016,17,2016-04-25,Jalisco,Guadalajara,Escarlatina,4,boletin_pdf,5.0,4.163331998932265,13.32666399786453,-0.2401922307076307,False,False,False,0,False
2016,17,2016-04-25,Jalisco,Guadalajara,Rubeola,0,boletin_pdf,0.0,0.0,0.0,0.0,False,False,False,0,False
2016,17,2016-04-25,Jalisco,Guadalajara,Sarampion,0,boletin_pdf,0.0,0.0,0.0,0.0,False,False,False,0,False
2016,17,2016-04-25,Nuevo León,Monterrey,Erisipela,68,boletin_pdf,79.5,25.73583752927682,130.97167505855364,-0.44684770747863634,False,False,False,0,False
2016,17,2016-04-25,Nuevo León,Monterrey,Escarlatina,12,boletin_pdf,11.0,5.291502622129181,21.583005244258363,0.1889822365046136,False,False,False,0,False
2016,17,2016-04-25,Nuevo León,Monterrey,Rubeola,0,boletin_pdf,0.0,0.0,0.0,0.0,False,False,False,0,False
2016,17,2016-04-25,Nuevo León,Monterrey,Sarampion,0,boletin_pdf,0.0,0.0,0.0,0.0,False,False,False,0,False
2016,18,2016-05-02,Ciudad de México,CDMX,Erisipela,0,boletin_pdf,10.5,8.54400374531753,27.58800749063506,-1.228932045559371,False,False,False,0,False
2016,18,2016-05-02,Ciudad de México,CDMX,Escarlatina,0,boletin_pdf,15.0,10.893423092245461,36.786846184490926,-1.3769776380647352,False,False,False,0,False
2016,18,2016-05-02,Ciudad de México,CDMX,Rubeola,0,boletin_pdf,0.0,0.0,0.0,0.0,False,False,False,0,False
2016,18,2016-05-02,Ciudad de México,CDMX,Sarampion,0,boletin_pdf,0.0,0.0,0.0,0.0,False,False,False,0,False
2016,18,2016-05-02,Jalisco,Guadalajara,Erisipela,6,boletin_pdf,4.0,3.6514837167011076,11.302967433402216,0.5477225575051661,False,False,False,0,False
2016,18,2016-05-02,Jalisco,Guadalajara,Escarlatina,0,boletin_pdf,4.0,5.656854249492381,15.313708498984761,-0.7071067811865475,False,False,False,0,False
2016,18,2016-05-02,Jalisco,Guadalajara,Rubeola,0,boletin_pdf,0.0,0.0,0.0,0.0,False,False,False,0,False
2016,18,2016-05-02,Jalisco,Guadalajara,Sarampion,0,SEFE_pdf,0.0,0.0,0.0,0.0,False,False,False,0,False
2016,18,2016-05-02,Jalisco,Guadalajara,Sarampion,0,boletin_pdf,0.0,0.0,0.0,0.0,False,False,False,0,False
2016,18,2016-05-02,Nuevo León,Monterrey,Erisipela,104,boletin_pdf,95.5,15.864005379054392,127.22801075810878,0.5358041551866053,False,False,False,0,False
2016,18,2016-05-02,Nuevo León,Monterrey,Escarlatina,10,boletin_pdf,24.0,29.34848093740685,82.6969618748137,-0.4770263929454674,False,False,False,0,False
2016,18,2016-05-02,Nuevo León,Monterrey,Rubeola,0,boletin_pdf,0.0,0.0,0.0,0.0,False,False,False,0,False
2016,18,2016-05-02,Nuevo León,Monterrey,Sarampion,0,SEFE_pdf,0.0,0.0,0.0,0.0,False,False,False,0,False
2016,18,2016-05-02,Nuevo León,Monterrey,Sarampion,0,boletin_pdf,0.0,0.0,0.0,0.0,False,False,False,0,False
2016,19,2016-05-09,Ciudad de México,CDMX,Erisipela,0,boletin_pdf,13.0,9.309493362512628,31.618986725025255,-1.396424004376894,False,False,False,0,False
2016,19,2016-05-09,Ciudad de México,CDMX,Escarlatina,0,boletin_pdf,18.0,12.110601416389967,42.22120283277994,-1.4863010829205867,False,False,False,0,False
2016,19,2016-05-09,Ciudad de México,CDMX,Rubeola,0,boletin_pdf,0.0,0.0,0.0,0.0,False,False,False,0,False
2016,19,2016-05-09,Ciudad de México,CDMX,Sarampion,0,boletin_pdf,0.0,0.0,0.0,0.0,False,False,False,0,False
2016,19,2016-05-09,Jalisco,Guadalajara,Erisipela,10,boletin_pdf,10.0,5.887840577551898,21.775681155103797,0.0,False,False,False,0,False
2016,19,2016-05-09,Jalisco,Guadalajara,Escarlatina,2,boletin_pdf,6.0,3.265986323710904,12.531972647421808,-1.224744871391589,False,False,False,0,False
2016,19,2016-05-09,Jalisco,Guadalajara,Rubeola,0,boletin_pdf,0.0,0.0,0.0,0.0,False,False,False,0,False
2016,19,2016-05-09,Jalisco,Guadalajara,Sarampion,0,boletin_pdf,0.0,0.0,0.0,0.0,False,False,False,0,False
2016,19,2016-05-09,Nuevo León,Monterrey,Erisipela,92,boletin_pdf,97.5,24.78574859336174,147.0714971867235,-0.22190171014132862,False,False,False,0,False
2016,19,2016-05-09,Nuevo León,Monterrey,Escarlatina,8,boletin_pdf,11.5,7.187952884282608,25.875905768565218,-0.48692584054817667,False,False,False,0,False
2016,19,2016-05-09,Nuevo León,Monterrey,Rubeola,0,boletin_pdf,0.0,0.0,0.0,0.0,False,False,False,0,False
2016,19,2016-05-09,Nuevo León,Monterrey,Sarampion,0,boletin_pdf,0.0,0.0,0.0,0.0,False,False,False,0,False
2016,20,2016-05-16,Ciudad de México,CDMX,Erisipela,0,boletin_pdf,6.0,4.320493798938574,14.640987597877148,-1.3887301496588271,False,False,False,0,False
2016,20,2016-05-16,Ciudad de México,CDMX,Escarlatina,0,boletin_pdf,19.0,13.316656236958787,45.63331247391757,-1.4267845968170128,False,False,False,0,False
2016,20,2016-05-16,Ciudad de México,CDMX,Rubeola,0,boletin_pdf,0.0,0.0,0.0,0.0,False,False,False,0,False
2016,20,2016-05-16,Ciudad de México,CDMX,Sarampion,0,boletin_pdf,0.0,0.0,0.0,0.0,False,False,False,0,False
2016,20,2016-05-16,Jalisco,Guadalajara,Erisipela,8,boletin_pdf,6.0,2.8284271247461903,11.65685424949238,0.7071067811865475,False,False,False,0,False
2016,20,2016-05-16,Jalisco,Guadalajara,Escarlatina,558,boletin_pdf,143.5,276.3445916484224,696.1891832968448,1.4999388898022832,False,True,True,2,True
2016,20,2016-05-16,Jalisco,Guadalajara,Rubeola,0,boletin_pdf,0.0,0.0,0.0,0.0,False,False,False,0,False
2016,20,2016-05-16,Jalisco,Guadalajara,Sarampion,0,boletin_pdf,0.0,0.0,0.0,0.0,False,False,False,0,False
2016,20,2016-05-16,Nuevo León,Monterrey,Erisipela,18,boletin_pdf,87.0,46.88994206294849,180.77988412589698,-1.4715309289009004,False,False,False,0,False
2016,20,2016-05-16,Nuevo León,Monterrey,Escarlatina,658,boletin_pdf,172.0,324.0041152002034,820.0082304004068,1.4999809483891855,False,True,True,2,True
2016,20,2016-05-16,Nuevo León,Monterrey,Rubeola,0,boletin_pdf,0.0,0.0,0.0,0.0,False,False,False,0,False
2016,20,2016-05-16,Nuevo León,Monterrey,Sarampion,0,boletin_pdf,0.0,0.0,0.0,0.0,False,False,False,0,False
2016,21,2016-05-23,Ciudad de México,CDMX,Erisipela,0,boletin_pdf,11.0,7.571877794400366,26.14375558880073,-1.4527439954372792,False,False,False,0,False
2016,21,2016-05-23,Ciudad de México,CDMX,Escarlatina,0,boletin_pdf,13.5,10.754843869934453,35.00968773986891,-1.2552483479318308,False,False,False,0,False
2016,21,2016-05-23,Ciudad de México,CDMX,Rubeola,0,boletin_pdf,0.0,0.0,0.0,0.0,False,False,False,0,False
2016,21,2016-05-23,Ciudad de México,CDMX,Sarampion,0,boletin_pdf,0.0,0.0,0.0,0.0,False,False,False,0,False
2016,21,2016-05-23,Jalisco,Guadalajara,Erisipela,12,boletin_pdf,7.5,3.415650255319866,14.331300510639732,1.3174650984805198,False,False,False,0,False
2016,21,2016-05-23,Jalisco,Guadalajara,Escarlatina,8,boletin_pdf,7.0,5.773502691896258,18.547005383792516,0.1732050807568877,False,False,False,0,False
2016,21,2016-05-23,Jalisco,Guadalajara,Rubeola,0,boletin_pdf,0.0,0.0,0.0,0.0,False,False,False,0,False
2016,21,2016-05-23,Jalisco,Guadalajara,Sarampion,0,boletin_pdf,0.0,0.0,0.0,0.0,False,False,False,0,False
2016,21,2016-05-23,Nuevo León,Monterrey,Erisipela,116,boletin_pdf,107.5,5.7445626465380295,118.98912529307606,1.4796600756234315,False,True,False,1,False
2016,21,2016-05-23,Nuevo León,Monterrey,Escarlatina,14,boletin_pdf,10.0,4.898979485566356,19.79795897113271,0.8164965809277261,False,False,False,0,False
2016,21,2016-05-23,Nuevo León,Monterrey,Rubeola,0,boletin_pdf,0.0,0.0,0.0,0.0,False,False,False,0,False
2016,21,2016-05-23,Nuevo León,Monterrey,Sarampion,0,boletin_pdf,0.0,0.0,0.0,0.0,False,False,False,0,False
2016,22,2016-05-30,Ciudad de México,CDMX,Erisipela,0,boletin_pdf,11.0,8.717797887081348,28.435595774162696,-1.2617865362880896,False,False,False,0,False
2016,22,2016-05-30,Ciudad de México,CDMX,Escarlatina,0,boletin_pdf,16.0,11.313708498984761,38.62741699796952,-1.414213562373095,False,False,False,0,False
2016,22,2016-05-30,Ciudad de México,CDMX,Rubeola,0,boletin_pdf,0.0,0.0,0.0,0.0,False,False,False,0,False
2016,22,2016-05-30,Ciudad de México,CDMX,Sarampion,0,boletin_pdf,0.0,0.0,0.0,0.0,False,False,False,0,False
2016,22,2016-05-30,Jalisco,Guadalajara,Erisipela,10,boletin_pdf,9.0,2.581988897471611,14.163977794943222,0.3872983346207417,False,False,False,0,False
2016,22,2016-05-30,Jalisco,Guadalajara,Escarlatina,6,boletin_pdf,7.5,3.415650255319866,14.331300510639732,-0.43915503282683993,False,False,False,0,False
2016,22,2016-05-30,Jalisco,Guadalajara,Rubeola,0,boletin_pdf,0.0,0.0,0.0,0.0,False,False,False,0,False
2016,22,2016-05-30,Jalisco,Guadalajara,Sarampion,0,SEFE_pdf,0.0,0.0,0.0,0.0,False,False,False,0,False
2016,22,2016-05-30,Jalisco,Guadalajara,Sarampion,0,boletin_pdf,0.0,0.0,0.0,0.0,False,False,False,0,False
2016,22,2016-05-30,Nuevo León,Monterrey,Erisipela,118,boletin_pdf,125.5,13.69914839202301,152.898296784046,-0.5474792874254313,False,False,False,0,False
2016,22,2016-05-30,Nuevo León,Monterrey,Escarlatina,20,boletin_pdf,14.0,4.320493798938574,22.64098759787715,1.3887301496588271,False,False,False,0,False
2016,22,2016-05-30,Nuevo León,Monterrey,Rubeola,0,boletin_pdf,0.0,0.0,0.0,0.0,False,False,False,0,False
2016,22,2016-05-30,Nuevo León,Monterrey,Sarampion,0,SEFE_pdf,0.0,0.0,0.0,0.0,False,False,False,0,False
2016,22,2016-05-30,Nuevo León,Monterrey,Sarampion,0,boletin_pdf,0.0,0.0,0.0,0.0,False,False,False,0,False
2016,23,2016-06-06,Ciudad de México,CDMX,Erisipela,0,boletin_pdf,14.0,10.708252269472673,35.41650453894535,-1.3074028933658497,False,False,False,0,False
2016,23,2016-06-06,Ciudad de México,CDMX,Escarlatina,0,boletin_pdf,21.5,15.438048235879215,52.37609647175843,-1.3926630926072858,False,False,False,0,False
2016,23,2016-06-06,Ciudad de México,CDMX,Rubeola,0,boletin_pdf,0.0,0.0,0.0,0.0,False,False,False,0,False
2016,23,2016-06-06,Ciudad de México,CDMX,Sarampion,0,boletin_pdf,0.0,0.0,0.0,0.0,False,False,False,0,False
2016,23,2016-06-06,Jalisco,Guadalajara,Erisipela,8,boletin_pdf,6.0,2.8284271247461903,11.65685424949238,0.7071067811865475,False,False,False,0,False
2016,23,2016-06-06,Jalisco,Guadalajara,Escarlatina,20,boletin_pdf,12.5,5.0,22.5,1.5,False,True,False,1,False
2016,23,2016-06-06,Jalisco,Guadalajara,Rubeola,0,boletin_pdf,0.0,0.0,0.0,0.0,False,False,False,0,False
2016,23,2016-06-06,Jalisco,Guadalajara,Sarampion,0,boletin_pdf,0.0,0.0,0.0,0.0,False,False,False,0,False
2016,23,2016-06-06,Nuevo León,Monterrey,Erisipela,90,boletin_pdf,118.0,29.574764017091777,177.14952803418356,-0.946753116400804,False,False,False,0,False
2016,23,2016-06-06,Nuevo León,Monterrey,Escarlatina,8,boletin_pdf,13.0,7.393691004272944,27.78738200854589,-0.6762522260005742,False,False,False,0,False
2016,23,2016-06-06,Nuevo León,Monterrey,Rubeola,0,boletin_pdf,0.0,0.0,0.0,0.0,False,False,False,0,False
2016,23,2016-06-06,Nuevo León,Monterrey,Sarampion,0,boletin_pdf,0.0,0.0,0.0,0.0,False,False,False,0,False
2016,24,2016-06-13,Ciudad de México,CDMX,Erisipela,0,boletin_pdf,12.5,9.146948489341495,30.79389697868299,-1.3665759695231319,False,False,False,0,False
2016,24,2016-06-13,Ciudad de México,CDMX,Escarlatina,0,boletin_pdf,26.5,18.28478420253664,63.06956840507328,-1.4492924667015576,False,False,False,0,False
2016,24,2016-06-13,Ciudad de México,CDMX,Rubeola,0,boletin_pdf,0.0,0.0,0.0,0.0,False,False,False,0,False
2016,24,2016-06-13,Ciudad de México,CDMX,Sarampion,0,boletin_pdf,0.0,0.0,0.0,0.0,False,False,False,0,False
2016,24,2016-06-13,Jalisco,Guadalajara,Erisipela,16,boletin_pdf,14.5,5.972157622389639,26.444315244779276,0.25116550748367644,False,False,False,0,False
2016,24,2016-06-13,Jalisco,Guadalajara,Escarlatina,6,boletin_pdf,8.5,5.0,18.5,-0.5,False,False,False,0,False
2016,24,2016-06-13,Jalisco,Guadalajara,Rubeola,0,boletin_pdf,0.0,0.0,0.0,0.0,False,False,False,0,False
2016,24,2016-06-13,Jalisco,Guadalajara,Sarampion,0,boletin_pdf,0.0,0.0,0.0,0.0,False,False,False,0,False
2016,24,2016-06-13,Nuevo León,Monterrey,Erisipela,112,boletin_pdf,117.5,11.0,139.5,-0.5,False,False,False,0,False
2016,24,2016-06-13,Nuevo León,Monterrey,Escarlatina,6,boletin_pdf,5.5,1.9148542155126762,9.329708431025352,0.26111648393354675,False,False,False,0,False
2016,24,2016-06-13,Nuevo León,Monterrey,Rubeola,0,boletin_pdf,0.0,0.0,0.0,0.0,False,False,False,0,False
2016,24,2016-06-13,Nuevo León,Monterrey,Sarampion,0,boletin_pdf,0.0,0.0,0.0,0.0,False,False,False,0,False
2016,25,2016-06-20,Ciudad de México,CDMX,Erisipela,0,boletin_pdf,13.0,10.0,33.0,-1.3,False,False,False,0,False
2016,25,2016-06-20,Ciudad de México,CDMX,Escarlatina,0,boletin_pdf,24.0,16.0,56.0,-1.5,False,False,False,0,False
2016,25,2016-06-20,Ciudad de México,CDMX,Rubeola,0,boletin_pdf,0.0,0.0,0.0,0.0,False,False,False,0,False
2016,25,2016-06-20,Ciudad de México,CDMX,Sarampion,0,boletin_pdf,0.0,0.0,0.0,0.0,False,False,False,0,False
2016,25,2016-06-20,Jalisco,Guadalajara,Erisipela,14,boletin_pdf,12.5,3.0,18.5,0.5,False,False,False,0,False
2016,25,2016-06-20,Jalisco,Guadalajara,Escarlatina,2,boletin_pdf,7.0,4.163331998932265,15.32666399786453,-1.2009611535381535,False,False,False,0,False
2016,25,2016-06-20,Jalisco,Guadalajara,Rubeola,0,boletin_pdf,0.0,0.0,0.0,0.0,False,False,False,0,False
2016,25,2016-06-20,Jalisco,Guadalajara,Sarampion,0,boletin_pdf,0.0,0.0,0.0,0.0,False,False,False,0,False
2016,25,2016-06-20,Nuevo León,Monterrey,Erisipela,142,boletin_pdf,145.0,22.538855339169285,190.07771067833858,-0.1331034764124171,False,False,False,0,False
2016,25,2016-06-20,Nuevo León,Monterrey,Escarlatina,12,boletin_pdf,17.5,6.8068592855540455,31.11371857110809,-0.8080084763427464,False,False,False,0,False
2016,25,2016-06-20,Nuevo León,Monterrey,Rubeola,0,boletin_pdf,0.0,0.0,0.0,0.0,False,False,False,0,False
2016,25,2016-06-20,Nuevo León,Monterrey,Sarampion,0,boletin_pdf,0.0,0.0,0.0,0.0,False,False,False,0,False
2016,26,2016-06-27,Ciudad de México,CDMX,Erisipela,0,boletin_pdf,9.0,7.393691004272944,23.78738200854589,-1.2172540068010336,False,False,False,0,False
2016,26,2016-06-27,Ciudad de México,CDMX,Escarlatina,0,boletin_pdf,17.5,13.403979508588733,44.30795901717747,-1.3055824196677337,False,False,False,0,False
2016,26,2016-06-27,Ciudad de México,CDMX,Rubeola,0,boletin_pdf,0.0,0.0,0.0,0.0,False,False,False,0,False
2016,26,2016-06-27,Ciudad de México,CDMX,Sarampion,0,boletin_pdf,0.0,0.0,0.0,0.0,False,False,False,0,False
2016,26,2016-06-27,Jalisco,Guadalajara,Erisipela,8,boletin_pdf,12.0,4.320493798938574,20.64098759787715,-0.9258200997725514,False,False,False,0,False
2016,26,2016-06-27,Jalisco,Guadalajara,Escarlatina,0,boletin_pdf,4.5,3.415650255319866,11.331300510639732,-1.3174650984805198,False,False,False,0,False
2016,26,2016-06-27,Jalisco,Guadalajara,Rubeola,0,boletin_pdf,0.0,0.0,0.0,0.0,False,False,False,0,False
2016,26,2016-06-27,Jalisco,Guadalajara,Sarampion,0,boletin_pdf,0.0,0.0,0.0,0.0,False,False,False,0,False
2016,26,2016-06-27,Nuevo León,Monterrey,Erisipela,96,boletin_pdf,125.5,21.06339637063944,167.62679274127888,-1.4005338683708417,False,False,False,0,False
2016,26,2016-06-27,Nuevo León,Monterrey,Escarlatina,6,boletin_pdf,11.5,5.507570547286102,22.515141094572204,-0.998625428903524,False,False,False,0,False
2016,26,2016-06-27,Nuevo León,Monterrey,Rubeola,0,boletin_pdf,0.0,0.0,0.0,0.0,False,False,False,0,False
2016,26,2016-06-27,Nuevo León,Monterrey,Sarampion,0,boletin_pdf,0.0,0.0,0.0,0.0,False,False,False,0,False
2016,27,2016-07-04,Ciudad de México,CDMX,Erisipela,0,boletin_pdf,12.0,8.48528137423857,28.97056274847714,-1.4142135623730951,False,False,False,0,False
2016,27,2016-07-04,Ciudad de México,CDMX,Escarlatina,0,boletin_pdf,13.0,10.392304845413264,33.78460969082653,-1.2509255832441892,False,False,False,0,False
2016,27,2016-07-04,Ciudad de México,CDMX,Rubeola,0,boletin_pdf,0.0,0.0,0.0,0.0,False,False,False,0,False
2016,27,2016-07-04,Ciudad de México,CDMX,Sarampion,0,boletin_pdf,0.0,0.0,0.0,0.0,False,False,False,0,False
2016,27,2016-07-04,Jalisco,Guadalajara,Erisipela,8,boletin_pdf,12.5,5.744562646538029,23.989125293076057,-0.7833494518006403,False,False,False,0,False
2016,27,2016-07-04,Jalisco,Guadalajara,Escarlatina,4,boletin_pdf,4.5,6.60807586719967,17.71615173439934,-0.07566499084579774,False,False,False,0,False
2016,27,2016-07-04,Jalisco,Guadalajara,Rubeola,0,boletin_pdf,0.0,0.0,0.0,0.0,False,False,False,0,False
2016,27,2016-07-04,Jalisco,Guadalajara,Sarampion,0,SEFE_pdf,0.0,0.0,0.0,0.0,False,False,False,0,False
2016,27,2016-07-04,Jalisco,Guadalajara,Sarampion,0,boletin_pdf,0.0,0.0,0.0,0.0,False,False,False,0,False
2016,27,2016-07-04,Nuevo León,Monterrey,Erisipela,112,boletin_pdf,117.5,12.041594578792296,141.5831891575846,-0.45675013919556984,False,False,False,0,False
2016,27,2016-07-04,Nuevo León,Monterrey,Escarlatina,8,boletin_pdf,12.0,8.16496580927726,28.32993161855452,-0.4898979485566356,False,False,False,0,False
2016,27,2016-07-04,Nuevo León,Monterrey,Rubeola,0,boletin_pdf,0.0,0.0,0.0,0.0,False,False,False,0,False
2016,27,2016-07-04,Nuevo León,Monterrey,Sarampion,0,SEFE_pdf,0.0,0.0,0.0,0.0,False,False,False,0,False
2016,27,2016-07-04,Nuevo León,Monterrey,Sarampion,0,boletin_pdf,0.0,0.0,0.0,0.0,False,False,False,0,False
2016,28,2016-07-11,Ciudad de México,CDMX,Erisipela,0,boletin_pdf,8.5,5.972157622389639,20.444315244779276,-1.4232712090741664,False,False,False,0,False
2016,28,2016-07-11,Ciudad de México,CDMX,Escarlatina,0,boletin_pdf,11.5,7.724420150837646,26.94884030167529,-1.4887848894072555,False,False,False,0,False
2016,28,2016-07-11,Ciudad de México,CDMX,Rubeola,0,boletin_pdf,0.0,0.0,0.0,0.0,False,False,False,0,False
2016,28,2016-07-11,Ciudad de México,CDMX,Sarampion,0,boletin_pdf,0.0,0.0,0.0,0.0,False,False,False,0,False
2016,28,2016-07-11,Jalisco,Guadalajara,Erisipela,8,boletin_pdf,11.5,4.43471156521669,20.369423130433383,-0.7892283294029703,False,False,False,0,False
2016,28,2016-07-11,Jalisco,Guadalajara,Escarlatina,2,boletin_pdf,5.0,3.4641016151377544,11.928203230275509,-0.8660254037844387,False,False,False,0,False
2016,28,2016-07-11,Jalisco,Guadalajara,Rubeola,0,boletin_pdf,0.0,0.0,0.0,0.0,False,False,False,0,False
2016,28,2016-07-11,Jalisco,Guadalajara,Sarampion,0,boletin_pdf,0.0,0.0,0.0,0.0,False,False,False,0,False
2016,28,2016-07-11,Nuevo León,Monterrey,Erisipela,84,boletin_pdf,112.0,20.720360357226735,153.44072071445348,-1.3513278493843526,False,False,False,0,False
2016,28,2016-07-11,Nuevo León,Monterrey,Escarlatina,2,boletin_pdf,9.5,7.724420150837645,24.94884030167529,-0.970946667004732,False,False,False,0,False
2016,28,2016-07-11,Nuevo León,Monterrey,Rubeola,0,boletin_pdf,0.0,0.0,0.0,0.0,False,False,False,0,False
2016,28,2016-07-11,Nuevo León,Monterrey,Sarampion,0,boletin_pdf,0.0,0.0,0.0,0.0,False,False,False,0,False
2016,29,2016-07-18,Ciudad de México,CDMX,Erisipela,0,boletin_pdf,10.5,7.724420150837646,25.94884030167529,-1.3593253338066245,False,False,False,0,False
2016,29,2016-07-18,Ciudad de México,CDMX,Escarlatina,0,boletin_pdf,18.0,12.328828005937952,42.6576560118759,-1.459992790176863,False,False,False,0,False
2016,29,2016-07-18,Ciudad de México,CDMX,Rubeola,0,boletin_pdf,0.0,0.0,0.0,0.0,False,False,False,0,False
2016,29,2016-07-18,Ciudad de México,CDMX,Sarampion,0,boletin_pdf,0.0,0.0,0.0,0.0,False,False,False,0,False
2016,29,2016-07-18,Jalisco,Guadalajara,Erisipela,4,boletin_pdf,5.0,2.0,9.0,-0.5,False,False,False,0,False
2016,29,2016-07-18,Jalisco,Guadalajara,Escarlatina,0,boletin_pdf,4.5,5.259911279353167,15.019822558706334,-0.8555277382080452,False,False,False,0,False
2016,29,2016-07-18,Jalisco,Guadalajara,Rubeola,0,boletin_pdf,0.0,0.0,0.0,0.0,False,False,False,0,False
2016,29,2016-07-18,Jalisco,Guadalajara,Sarampion,0,boletin_pdf,0.0,0.0,0.0,0.0,False,False,False,0,False
2016,29,2016-07-18,Nuevo León,Monterrey,Erisipela,110,boletin_pdf,114.0,9.380831519646858,132.76166303929372,-0.42640143271122094,False,False,False,0,False
2016,29,2016-07-18,Nuevo León,Monterrey,Escarlatina,8,boletin_pdf,9.5,5.972157622389639,21.444315244779276,-0.25116550748367644,False,False,False,0,False
2016,29,2016-07-18,Nuevo León,Monterrey,Rubeola,0,boletin_pdf,0.0,0.0,0.0,0.0,False,False,False,0,False
2016,29,2016-07-18,Nuevo León,Monterrey,Sarampion,0,boletin_pdf,0.0,0.0,0.0,0.0,False,False,False,0,False
2016,30,2016-07-25,Ciudad de México,CDMX,Erisipela,0,boletin_pdf,6.0,6.324555320336759,18.64911064067352,-0.9486832980505138,False,False,False,0,False
2016,30,2016-07-25,Ciudad de México,CDMX,Escarlatina,0,boletin_pdf,9.0,7.393691004272944,23.78738200854589,-1.2172540068010336,False,False,False,0,False
2016,30,2016-07-25,Ciudad de México,CDMX,Rubeola,0,boletin_pdf,0.0,0.0,0.0,0.0,False,False,False,0,False
2016,30,2016-07-25,Ciudad de México,CDMX,Sarampion,0,boletin_pdf,0.0,0.0,0.0,0.0,False,False,False,0,False
2016,30,2016-07-25,Jalisco,Guadalajara,Erisipela,4,boletin_pdf,8.5,4.123105625617661,16.746211251235323,-1.0914103126634984,False,False,False,0,False
2016,30,2016-07-25,Jalisco,Guadalajara,Escarlatina,6,boletin_pdf,9.0,2.0,13.0,-1.5,False,False,False,0,False
2016,30,2016-07-25,Jalisco,Guadalajara,Rubeola,0,boletin_pdf,0.0,0.0,0.0,0.0,False,False,False,0,False
2016,30,2016-07-25,Jalisco,Guadalajara,Sarampion,0,boletin_pdf,0.0,0.0,0.0,0.0,False,False,False,0,False
2016,30,2016-07-25,Nuevo León,Monterrey,Erisipela,110,boletin_pdf,121.0,12.055427546683415,145.11085509336684,-0.9124520849553963,False,False,False,0,False
2016,30,2016-07-25,Nuevo León,Monterrey,Escarlatina,6,boletin_pdf,4.5,1.914854215512676,8.329708431025352,0.7833494518006404,False,False,False,0,False
2016,30,2016-07-25,Nuevo León,Monterrey,Rubeola,0,boletin_pdf,0.0,0.0,0.0,0.0,False,False,False,0,False
2016,30,2016-07-25,Nuevo León,Monterrey,Sarampion,0,boletin_pdf,0.0,0.0,0.0,0.0,False,False,False,0,False
2016,31,2016-08-01,Ciudad de México,CDMX,Erisipela,0,boletin_pdf,9.0,6.2182527020592095,21.43650540411842,-1.4473519220310231,False,False,False,0,False
2016,31,2016-08-01,Ciudad de México,CDMX,Escarlatina,0,boletin_pdf,10.5,7.724420150837646,25.94884030167529,-1.3593253338066245,False,False,False,0,False
2016,31,2016-08-01,Ciudad de México,CDMX,Rubeola,0,boletin_pdf,0.0,0.0,0.0,0.0,False,False,False,0,False
2016,31,2016-08-01,Ciudad de México,CDMX,Sarampion,0,boletin_pdf,0.0,0.0,0.0,0.0,False,False,False,0,False
2016,31,2016-08-01,Jalisco,Guadalajara,Erisipela,10,boletin_pdf,9.5,6.191391873668904,21.882783747337808,0.08075728530872482,False,False,False,0,False
2016,31,2016-08-01,Jalisco,Guadalajara,Escarlatina,4,boletin_pdf,5.5,4.43471156521669,14.36942313043338,-0.338240712601273,False,False,False,0,False
2016,31,2016-08-01,Jalisco,Guadalajara,Rubeola,0,boletin_pdf,0.0,0.0,0.0,0.0,False,False,False,0,False
2016,31,2016-08-01,Jalisco,Guadalajara,Sarampion,0,SEFE_pdf,0.0,0.0,0.0,0.0,False,False,False,0,False
2016,31,2016-08-01,Jalisco,Guadalajara,Sarampion,0,boletin_pdf,0.0,0.0,0.0,0.0,False,False,False,0,False
2016,31,2016-08-01,Nuevo León,Monterrey,Erisipela,92,boletin_pdf,107.5,16.11417595369576,139.72835190739153,-0.9618859843990409,False,False,False,0,False
2016,31,2016-08-01,Nuevo León,Monterrey,Escarlatina,6,boletin_pdf,3.5,2.5166114784235836,8.533222956847167,0.9933992677987827,False,False,False,0,False
2016,31,2016-08-01,Nuevo León,Monterrey,Rubeola,0,boletin_pdf,0.0,0.0,0.0,0.0,False,False,False,0,False
2016,31,2016-08-01,Nuevo León,Monterrey,Sarampion,0,SEFE_pdf,0.0,0.0,0.0,0.0,False,False,False,0,False
2016,31,2016-08-01,Nuevo León,Monterrey,Sarampion,0,boletin_pdf,0.0,0.0,0.0,0.0,False,False,False,0,False
2016,32,2016-08-08,Ciudad de México,CDMX,Erisipela,0,boletin_pdf,8.0,7.483314773547883,22.966629547095764,-1.0690449676496976,False,False,False,0,False
2016,32,2016-08-08,Ciudad de México,CDMX,Escarlatina,0,boletin_pdf,14.5,11.704699910719626,37.90939982143925,-1.2388186036893034,False,False,False,0,False
2016,32,2016-08-08,Ciudad de México,CDMX,Rubeola,0,boletin_pdf,0.0,0.0,0.0,0.0,False,False,False,0,False
2016,32,2016-08-08,Ciudad de México,CDMX,Sarampion,0,boletin_pdf,0.0,0.0,0.0,0.0,False,False,False,0,False
2016,32,2016-08-08,Jalisco,Guadalajara,Erisipela,16,boletin_pdf,11.0,5.033222956847167,21.066445913694334,0.9933992677987827,False,False,False,0,False
2016,32,2016-08-08,Jalisco,Guadalajara,Escarlatina,2,boletin_pdf,7.0,3.4641016151377544,13.928203230275509,-1.4433756729740645,False,False,False,0,False
2016,32,2016-08-08,Jalisco,Guadalajara,Rubeola,0,boletin_pdf,0.0,0.0,0.0,0.0,False,False,False,0,False
2016,32,2016-08-08,Jalisco,Guadalajara,Sarampion,0,boletin_pdf,0.0,0.0,0.0,0.0,False,False,False,0,False
2016,32,2016-08-08,Nuevo León,Monterrey,Erisipela,104,boletin_pdf,116.0,16.32993161855452,148.65986323710905,-0.7348469228349533,False,False,False,0,False
2016,32,2016-08-08,Nuevo León,Monterrey,Escarlatina,4,boletin_pdf,6.0,1.632993161855452,9.265986323710905,-1.224744871391589,False,False,False,0,False
2016,32,2016-08-08,Nuevo León,Monterrey,Rubeola,0,boletin_pdf,0.0,0.0,0.0,0.0,False,False,False,0,False
2016,32,2016-08-08,Nuevo León,Monterrey,Sarampion,0,boletin_pdf,0.0,0.0,0.0,0.0,False,False,False,0,False
2016,33,2016-08-15,Ciudad de México,CDMX,Erisipela,0,boletin_pdf,10.0,6.928203230275509,23.856406460551018,-1.4433756729740645,False,False,False,0,False
2016,33,2016-08-15,Ciudad de México,CDMX,Escarlatina,0,boletin_pdf,11.0,10.0,31.0,-1.1,False,False,False,0,False
2016,33,2016-08-15,Ciudad de México,CDMX,Rubeola,0,boletin_pdf,0.0,0.0,0.0,0.0,False,False,False,0,False
2016,33,2016-08-15,Ciudad de México,CDMX,Sarampion,0,boletin_pdf,0.0,0.0,0.0,0.0,False,False,False,0,False
2016,33,2016-08-15,Jalisco,Guadalajara,Erisipela,8,boletin_pdf,7.5,1.9148542155126762,11.329708431025352,0.26111648393354675,False,False,False,0,False
2016,33,2016-08-15,Jalisco,Guadalajara,Escarlatina,4,boletin_pdf,4.0,3.265986323710904,10.531972647421808,0.0,False,False,False,0,False
2016,33,2016-08-15,Jalisco,Guadalajara,Rubeola,0,boletin_pdf,0.0,0.0,0.0,0.0,False,False,False,0,False
2016,33,2016-08-15,Jalisco,Guadalajara,Sarampion,0,boletin_pdf,0.0,0.0,0.0,0.0,False,False,False,0,False
2016,33,2016-08-15,Nuevo León,Monterrey,Erisipela,86,boletin_pdf,112.0,27.80887148615228,167.61774297230457,-0.9349534378964991,False,False,False,0,False
2016,33,2016-08-15,Nuevo León,Monterrey,Escarlatina,2,boletin_pdf,0.5,1.0,2.5,1.5,False,True,True,2,True
2016,33,2016-08-15,Nuevo León,Monterrey,Rubeola,0,boletin_pdf,0.0,0.0,0.0,0.0,False,False,False,0,False
2016,33,2016-08-15,Nuevo León,Monterrey,Sarampion,0,boletin_pdf,0.0,0.0,0.0,0.0,False,False,False,0,False
2016,34,2016-08-22,Ciudad de México,CDMX,Erisipela,0,boletin_pdf,7.0,6.2182527020592095,19.43650540411842,-1.1257181615796847,False,False,False,0,False
2016,34,2016-08-22,Ciudad de México,CDMX,Escarlatina,0,boletin_pdf,9.0,6.6332495807108,22.2664991614216,-1.3568010505999364,False,False,False,0,False
2016,34,2016-08-22,Ciudad de México,CDMX,Rubeola,0,boletin_pdf,0.0,0.0,0.0,0.0,False,False,False,0,False
2016,34,2016-08-22,Ciudad de México,CDMX,Sarampion,0,boletin_pdf,0.0,0.0,0.0,0.0,False,False,False,0,False
2016,34,2016-08-22,Jalisco,Guadalajara,Erisipela,6,boletin_pdf,5.5,5.0,15.5,0.1,False,False,False,0,False
2016,34,2016-08-22,Jalisco,Guadalajara,Escarlatina,12,boletin_pdf,5.0,4.760952285695232,14.521904571390465,1.4702940882294107,False,False,False,0,False
2016,34,2016-08-22,Jalisco,Guadalajara,Rubeola,0,boletin_pdf,0.0,0.0,0.0,0.0,False,False,False,0,False
2016,34,2016-08-22,Jalisco,Guadalajara,Sarampion,0,boletin_pdf,0.0,0.0,0.0,0.0,False,False,False,0,False
2016,34,2016-08-22,Nuevo León,Monterrey,Erisipela,90,boletin_pdf,117.0,19.493588689617926,155.98717737923585,-1.385070775314958,False,False,False,0,False
2016,34,2016-08-22,Nuevo León,Monterrey,Escarlatina,8,boletin_pdf,6.0,2.8284271247461903,11.65685424949238,0.7071067811865475,False,False,False,0,False
2016,34,2016-08-22,Nuevo León,Monterrey,Rubeola,0,boletin_pdf,0.0,0.0,0.0,0.0,False,False,False,0,False
2016,34,2016-08-22,Nuevo León,Monterrey,Sarampion,0,boletin_pdf,0.0,0.0,0.0,0.0,False,False,False,0,False
2016,35,2016-08-29,Ciudad de México,CDMX,Erisipela,0,boletin_pdf,9.5,7.54983443527075,24.5996688705415,-1.2583057392117916,False,False,False,0,False
2016,35,2016-08-29,Ciudad de México,CDMX,Escarlatina,0,boletin_pdf,9.0,9.591663046625438,28.183326093250876,-0.9383148632568366,False,False,False,0,False
2016,35,2016-08-29,Ciudad de México,CDMX,Rubeola,0,boletin_pdf,0.0,0.0,0.0,0.0,False,False,False,0,False
2016,35,2016-08-29,Ciudad de México,CDMX,Sarampion,0,boletin_pdf,0.0,0.0,0.0,0.0,False,False,False,0,False
2016,35,2016-08-29,Jalisco,Guadalajara,Erisipela,6,boletin_pdf,9.5,4.725815626252608,18.951631252505216,-0.7406128966515283,False,False,False,0,False
2016,35,2016-08-29,Jalisco,Guadalajara,Escarlatina,8,boletin_pdf,6.0,2.309401076758503,10.618802153517006,0.8660254037844387,False,False,False,0,False
2016,35,2016-08-29,Jalisco,Guadalajara,Rubeola,0,boletin_pdf,0.0,0.0,0.0,0.0,False,False,False,0,False
2016,35,2016-08-29,Jalisco,Guadalajara,Sarampion,0,boletin_pdf,0.0,0.0,0.0,0.0,False,False,False,0,False
2016,35,2016-08-29,Nuevo León,Monterrey,Erisipela,92,boletin_pdf,114.0,19.6638416050035,153.327683210007,-1.118804780974337,False,False,False,0,False
2016,35,2016-08-29,Nuevo León,Monterrey,Escarlatina,12,boletin_pdf,6.5,5.0,16.5,1.1,False,False,False,0,False
2016,35,2016-08-29,Nuevo León,Monterrey,Rubeola,0,boletin_pdf,0.0,0.0,0.0,0.0,False,False,False,0,False
2016,35,2016-08-29,Nuevo León,Monterrey,Sarampion,0,boletin_pdf,0.0,0.0,0.0,0.0,False,False,False,0,False
2016,36,2016-09-05,Ciudad de México,CDMX,Erisipela,0,boletin_pdf,10.0,7.118052168020874,24.23610433604175,-1.404878717372541,False,False,False,0,False
2016,36,2016-09-05,Ciudad de México,CDMX,Escarlatina,0,boletin_pdf,7.0,6.831300510639732,20.662601021279464,-1.02469507659596,False,False,False,0,False
2016,36,2016-09-05,Ciudad de México,CDMX,Rubeola,0,boletin_pdf,0.0,0.0,0.0,0.0,False,False,False,0,False
2016,36,2016-09-05,Ciudad de México,CDMX,Sarampion,0,boletin_pdf,0.0,0.0,0.0,0.0,False,False,False,0,False
2016,36,2016-09-05,Jalisco,Guadalajara,Erisipela,4,boletin_pdf,7.5,7.187952884282608,21.875905768565218,-0.48692584054817667,False,False,False,0,False
2016,36,2016-09-05,Jalisco,Guadalajara,Escarlatina,12,boletin_pdf,6.0,5.163977794943222,16.327955589886443,1.161895003862225,False,False,False,0,False
2016,36,2016-09-05,Jalisco,Guadalajara,Rubeola,0,boletin_pdf,0.0,0.0,0.0,0.0,False,False,False,0,False
2016,36,2016-09-05,Jalisco,Guadalajara,Sarampion,0,SEFE_pdf,0.0,0.0,0.0,0.0,False,False,False,0,False
2016,36,2016-09-05,Jalisco,Guadalajara,Sarampion,0,boletin_pdf,0.0,0.0,0.0,0.0,False,False,False,0,False
2016,36,2016-09-05,Nuevo León,Monterrey,Erisipela,80,boletin_pdf,107.0,20.165977949672232,147.33195589934445,-1.3388886999372547,False,False,False,0,False
2016,36,2016-09-05,Nuevo León,Monterrey,Escarlatina,4,boletin_pdf,6.5,5.259911279353167,17.019822558706334,-0.4752931878933584,False,False,False,0,False
2016,36,2016-09-05,Nuevo León,Monterrey,Rubeola,0,boletin_pdf,0.0,0.0,0.0,0.0,False,False,False,0,False
2016,36,2016-09-05,Nuevo León,Monterrey,Sarampion,0,SEFE_pdf,0.0,0.0,0.0,0.0,False,False,False,0,False
2016,36,2016-09-05,Nuevo León,Monterrey,Sarampion,0,boletin_pdf,0.0,0.0,0.0,0.0,False,False,False,0,False
2016,37,2016-09-12,Ciudad de México,CDMX,Erisipela,0,boletin_pdf,12.5,8.386497083606082,29.272994167212165,-1.4904911878446832,False,False,False,0,False
2016,37,2016-09-12,Ciudad de México,CDMX,Escarlatina,0,boletin_pdf,10.5,8.225975119502044,26.951950239004088,-1.2764444150951448,False,False,False,0,False
2016,37,2016-09-12,Ciudad de México,CDMX,Rubeola,0,boletin_pdf,0.0,0.0,0.0,0.0,False,False,False,0,False
2016,37,2016-09-12,Ciudad de México,CDMX,Sarampion,0,boletin_pdf,0.0,0.0,0.0,0.0,False,False,False,0,False
2016,37,2016-09-12,Jalisco,Guadalajara,Erisipela,10,boletin_pdf,9.5,5.0,19.5,0.1,False,False,False,0,False
2016,37,2016-09-12,Jalisco,Guadalajara,Escarlatina,4,boletin_pdf,8.5,6.403124237432849,21.306248474865697,-0.7027819284987272,False,False,False,0,False
2016,37,2016-09-12,Jalisco,Guadalajara,Rubeola,0,boletin_pdf,0.0,0.0,0.0,0.0,False,False,False,0,False
2016,37,2016-09-12,Jalisco,Guadalajara,Sarampion,0,boletin_pdf,0.0,0.0,0.0,0.0,False,False,False,0,False
2016,37,2016-09-12,Nuevo León,Monterrey,Erisipela,86,boletin_pdf,100.0,17.73884626086676,135.47769252173353,-0.7892283294029703,False,False,False,0,False
2016,37,2016-09-12,Nuevo León,Monterrey,Escarlatina,6,boletin_pdf,4.5,1.0,6.5,1.5,False,True,False,1,False
2016,37,2016-09-12,Nuevo León,Monterrey,Rubeola,0,boletin_pdf,0.0,0.0,0.0,0.0,False,False,False,0,False
2016,37,2016-09-12,Nuevo León,Monterrey,Sarampion,0,boletin_pdf,0.0,0.0,0.0,0.0,False,False,False,0,False
2016,38,2016-09-19,Ciudad de México,CDMX,Erisipela,0,boletin_pdf,10.0,10.583005244258363,31.166010488516726,-0.944911182523068,False,False,False,0,False
2016,38,2016-09-19,Ciudad de México,CDMX,Escarlatina,0,boletin_pdf,6.5,5.972157622389639,18.444315244779276,-1.088383865762598,False,False,False,0,False
2016,38,2016-09-19,Ciudad de México,CDMX,Rubeola,0,boletin_pdf,0.0,0.0,0.0,0.0,False,False,False,0,False
2016,38,2016-09-19,Ciudad de México,CDMX,Sarampion,0,boletin_pdf,0.0,0.0,0.0,0.0,False,False,False,0,False
2016,38,2016-09-19,Jalisco,Guadalajara,Erisipela,10,boletin_pdf,7.5,2.516611478423583,12.533222956847165,0.9933992677987828,False,False,False,0,False
2016,38,2016-09-19,Jalisco,Guadalajara,Escarlatina,10,boletin_pdf,10.0,5.656854249492381,21.31370849898476,0.0,False,False,False,0,False
2016,38,2016-09-19,Jalisco,Guadalajara,Rubeola,0,boletin_pdf,0.0,0.0,0.0,0.0,False,False,False,0,False
2016,38,2016-09-19,Jalisco,Guadalajara,Sarampion,0,boletin_pdf,0.0,0.0,0.0,0.0,False,False,False,0,False
2016,38,2016-09-19,Nuevo León,Monterrey,Erisipela,92,boletin_pdf,98.0,4.320493798938572,106.64098759787714,-1.3887301496588276,False,False,False,0,False
2016,38,2016-09-19,Nuevo León,Monterrey,Escarlatina,14,boletin_pdf,9.0,6.0,21.0,0.8333333333333334,False,False,False,0,False
2016,38,2016-09-19,Nuevo León,Monterrey,Rubeola,0,boletin_pdf,0.0,0.0,0.0,0.0,False,False,False,0,False
2016,38,2016-09-19,Nuevo León,Monterrey,Sarampion,0,boletin_pdf,0.0,0.0,0.0,0.0,False,False,False,0,False
2016,39,2016-09-26,Ciudad de México,CDMX,Erisipela,0,boletin_pdf,12.0,10.708252269472673,33.41650453894535,-1.1206310514564426,False,False,False,0,False
2016,39,2016-09-26,Ciudad de México,CDMX,Escarlatina,0,boletin_pdf,9.5,8.06225774829855,25.6245154965971,-1.1783299785974803,False,False,False,0,False
2016,39,2016-09-26,Ciudad de México,CDMX,Rubeola,0,boletin_pdf,0.0,0.0,0.0,0.0,False,False,False,0,False
2016,39,2016-09-26,Ciudad de México,CDMX,Sarampion,0,boletin_pdf,0.0,0.0,0.0,0.0,False,False,False,0,False
2016,39,2016-09-26,Jalisco,Guadalajara,Erisipela,14,boletin_pdf,9.0,8.406346808612328,25.812693617224657,0.5947886892886081,False,False,False,0,False
2016,39,2016-09-26,Jalisco,Guadalajara,Escarlatina,10,boletin_pdf,5.0,3.8297084310253524,12.659416862050705,1.3055824196677337,False,False,False,0,False
2016,39,2016-09-26,Jalisco,Guadalajara,Rubeola,0,boletin_pdf,0.0,0.0,0.0,0.0,False,False,False,0,False
2016,39,2016-09-26,Jalisco,Guadalajara,Sarampion,0,boletin_pdf,0.0,0.0,0.0,0.0,False,False,False,0,False
2016,39,2016-09-26,Nuevo León,Monterrey,Erisipela,136,boletin_pdf,123.5,10.630145812734648,144.7602916254693,1.1759010854794967,False,False,False,0,False
2016,39,2016-09-26,Nuevo León,Monterrey,Escarlatina,24,boletin_pdf,10.5,9.146948489341495,28.79389697868299,1.4759020470849824,False,True,False,1,False
2016,39,2016-09-26,Nuevo León,Monterrey,Rubeola,0,boletin_pdf,0.0,0.0,0.0,0.0,False,False,False,0,False
2016,39,2016-09-26,Nuevo León,Monterrey,Sarampion,0,boletin_pdf,0.0,0.0,0.0,0.0,False,False,False,0,False
2016,40,2016-10-03,Ciudad de México,CDMX,Erisipela,0,boletin_pdf,10.0,7.118052168020874,24.23610433604175,-1.404878717372541,False,False,False,0,False
2016,40,2016-10-03,Ciudad de México,CDMX,Escarlatina,0,boletin_pdf,14.0,14.787382008545888,43.57476401709178,-0.946753116400804,False,False,False,0,False
2016,40,2016-10-03,Ciudad de México,CDMX,Rubeola,0,boletin_pdf,0.0,0.0,0.0,0.0,False,False,False,0,False
2016,40,2016-10-03,Ciudad de México,CDMX,Sarampion,0,boletin_pdf,0.0,0.0,0.0,0.0,False,False,False,0,False
2016,40,2016-10-03,Jalisco,Guadalajara,Erisipela,12,boletin_pdf,9.5,1.9148542155126762,13.329708431025352,1.3055824196677337,False,False,False,0,False
2016,40,2016-10-03,Jalisco,Guadalajara,Escarlatina,6,boletin_pdf,9.0,3.4641016151377544,15.928203230275509,-0.8660254037844387,False,False,False,0,False
2016,40,2016-10-03,Jalisco,Guadalajara,Rubeola,0,boletin_pdf,0.0,0.0,0.0,0.0,False,False,False,0,False
2016,40,2016-10-03,Jalisco,Guadalajara,Sarampion,0,SEFE_pdf,0.0,0.0,0.0,0.0,False,False,False,0,False
2016,40,2016-10-03,Jalisco,Guadalajara,Sarampion,0,boletin_pdf,0.0,0.0,0.0,0.0,False,False,False,0,False
2016,40,2016-10-03,Nuevo León,Monterrey,Erisipela,84,boletin_pdf,85.5,5.972157622389639,97.44431524477928,-0.25116550748367644,False,False,False,0,False
2016,40,2016-10-03,Nuevo León,Monterrey,Escarlatina,22,boletin_pdf,11.5,7.54983443527075,26.5996688705415,1.390758974918296,False,False,False,0,False
2016,40,2016-10-03,Nuevo León,Monterrey,Rubeola,0,boletin_pdf,0.0,0.0,0.0,0.0,False,False,False,0,False
2016,40,2016-10-03,Nuevo León,Monterrey,Sarampion,0,SEFE_pdf,0.0,0.0,0.0,0.0,False,False,False,0,False
2016,40,2016-10-03,Nuevo León,Monterrey,Sarampion,0,boletin_pdf,0.0,0.0,0.0,0.0,False,False,False,0,False
2016,41,2016-10-10,Ciudad de México,CDMX,Erisipela,0,boletin_pdf,12.5,10.376254944182254,33.25250988836451,-1.2046735616310666,False,False,False,0,False
2016,41,2016-10-10,Ciudad de México,CDMX,Escarlatina,0,boletin_pdf,15.0,12.489995996796797,39.97999199359359,-1.2009611535381535,False,False,False,0,False
2016,41,2016-10-10,Ciudad de México,CDMX,Rubeola,0,boletin_pdf,0.0,0.0,0.0,0.0,False,False,False,0,False
2016,41,2016-10-10,Ciudad de México,CDMX,Sarampion,0,boletin_pdf,0.0,0.0,0.0,0.0,False,False,False,0,False
2016,41,2016-10-10,Jalisco,Guadalajara,Erisipela,8,boletin_pdf,7.0,2.5819888974716108,12.163977794943222,0.38729833462074176,False,False,False,0,False
2016,41,2016-10-10,Jalisco,Guadalajara,Escarlatina,2,boletin_pdf,7.0,5.291502622129181,17.583005244258363,-0.944911182523068,False,False,False,0,False
2016,41,2016-10-10,Jalisco,Guadalajara,Rubeola,0,boletin_pdf,0.0,0.0,0.0,0.0,False,False,False,0,False
2016,41,2016-10-10,Jalisco,Guadalajara,Sarampion,0,boletin_pdf,0.0,0.0,0.0,0.0,False,False,False,0,False
2016,41,2016-10-10,Nuevo León,Monterrey,Erisipela,108,boletin_pdf,104.5,9.848857801796102,124.1977156035922,0.35537115779676676,False,False,False,0,False
2016,41,2016-10-10,Nuevo León,Monterrey,Escarlatina,12,boletin_pdf,7.5,4.123105625617661,15.746211251235321,1.0914103126634984,False,False,False,0,False
2016,41,2016-10-10,Nuevo León,Monterrey,Rubeola,0,boletin_pdf,0.0,0.0,0.0,0.0,False,False,False,0,False
2016,41,2016-10-10,Nuevo León,Monterrey,Sarampion,0,boletin_pdf,0.0,0.0,0.0,0.0,False,False,False,0,False
2016,42,2016-10-17,Ciudad de México,CDMX,Erisipela,0,boletin_pdf,16.0,13.9522996909709,43.9045993819418,-1.1467643581619917,False,False,False,0,False
2016,42,2016-10-17,Ciudad de México,CDMX,Escarlatina,0,boletin_pdf,12.5,10.115993936995679,32.73198787399136,-1.2356670118480064,False,False,False,0,False
2016,42,2016-10-17,Ciudad de México,CDMX,Rubeola,0,boletin_pdf,0.0,0.0,0.0,0.0,False,False,False,0,False
2016,42,2016-10-17,Ciudad de México,CDMX,Sarampion,0,boletin_pdf,0.0,0.0,0.0,0.0,False,False,False,0,False
2016,42,2016-10-17,Jalisco,Guadalajara,Erisipela,2,boletin_pdf,7.5,5.972157622389639,19.444315244779276,-0.9209401941068136,False,False,False,0,False
2016,42,2016-10-17,Jalisco,Guadalajara,Escarlatina,4,boletin_pdf,6.0,2.8284271247461903,11.65685424949238,-0.7071067811865475,False,False,False,0,False
2016,42,2016-10-17,Jalisco,Guadalajara,Rubeola,0,boletin_pdf,0.0,0.0,0.0,0.0,False,False,False,0,False
2016,42,2016-10-17,Jalisco,Guadalajara,Sarampion,0,boletin_pdf,0.0,0.0,0.0,0.0,False,False,False,0,False
2016,42,2016-10-17,Nuevo León,Monterrey,Erisipela,110,boletin_pdf,112.5,5.507570547286103,123.5151410945722,-0.4539206495016017,False,False,False,0,False
2016,42,2016-10-17,Nuevo León,Monterrey,Escarlatina,14,boletin_pdf,9.0,5.773502691896258,20.547005383792516,0.8660254037844386,False,False,False,0,False
2016,42,2016-10-17,Nuevo León,Monterrey,Rubeola,0,boletin_pdf,0.0,0.0,0.0,0.0,False,False,False,0,False
2016,42,2016-10-17,Nuevo León,Monterrey,Sarampion,0,boletin_pdf,0.0,0.0,0.0,0.0,False,False,False,0,False
2016,43,2016-10-24,Ciudad de México,CDMX,Erisipela,0,boletin_pdf,16.0,12.649110640673518,41.29822128134704,-1.2649110640673518,False,False,False,0,False
2016,43,2016-10-24,Ciudad de México,CDMX,Escarlatina,0,boletin_pdf,15.5,10.503967504392486,36.50793500878497,-1.4756328971427513,False,False,False,0,False
2016,43,2016-10-24,Ciudad de México,CDMX,Rubeola,0,boletin_pdf,0.0,0.0,0.0,0.0,False,False,False,0,False
2016,43,2016-10-24,Ciudad de México,CDMX,Sarampion,0,boletin_pdf,0.0,0.0,0.0,0.0,False,False,False,0,False
2016,43,2016-10-24,Jalisco,Guadalajara,Erisipela,18,boletin_pdf,12.5,4.123105625617661,20.746211251235323,1.3339459376998313,False,True,False,1,False
2016,43,2016-10-24,Jalisco,Guadalajara,Escarlatina,2,boletin_pdf,5.0,2.581988897471611,10.163977794943222,-1.161895003862225,False,False,False,0,False
2016,43,2016-10-24,Jalisco,Guadalajara,Rubeola,0,boletin_pdf,0.0,0.0,0.0,0.0,False,False,False,0,False
2016,43,2016-10-24,Jalisco,Guadalajara,Sarampion,0,boletin_pdf,0.0,0.0,0.0,0.0,False,False,False,0,False
2016,43,2016-10-24,Nuevo León,Monterrey,Erisipela,84,boletin_pdf,104.0,23.03620339089466,150.0724067817893,-0.8681986202598491,False,False,False,0,False
2016,43,2016-10-24,Nuevo León,Monterrey,Escarlatina,2,boletin_pdf,5.0,3.4641016151377544,11.928203230275509,-0.8660254037844387,False,False,False,0,False
2016,43,2016-10-24,Nuevo León,Monterrey,Rubeola,0,boletin_pdf,0.0,0.0,0.0,0.0,False,False,False,0,False
2016,43,2016-10-24,Nuevo León,Monterrey,Sarampion,0,boletin_pdf,0.0,0.0,0.0,0.0,False,False,False,0,False
2016,44,2016-10-31,Ciudad de México,CDMX,Erisipela,0,boletin_pdf,15.0,10.519822558706334,36.03964511741267,-1.4258795636800752,False,False,False,0,False
2016,44,2016-10-31,Ciudad de México,CDMX,Escarlatina,0,boletin_pdf,19.5,13.69914839202301,46.898296784046025,-1.4234461473061213,False,False,False,0,False
2016,44,2016-10-31,Ciudad de México,CDMX,Rubeola,0,boletin_pdf,0.0,0.0,0.0,0.0,False,False,False,0,False
2016,44,2016-10-31,Ciudad de México,CDMX,Sarampion,0,boletin_pdf,0.0,0.0,0.0,0.0,False,False,False,0,False
2016,44,2016-10-31,Jalisco,Guadalajara,Erisipela,8,boletin_pdf,11.0,5.291502622129181,21.583005244258363,-0.5669467095138409,False,False,False,0,False
2016,44,2016-10-31,Jalisco,Guadalajara,Escarlatina,4,boletin_pdf,5.0,2.0,9.0,-0.5,False,False,False,0,False
2016,44,2016-10-31,Jalisco,Guadalajara,Rubeola,0,boletin_pdf,0.0,0.0,0.0,0.0,False,False,False,0,False
2016,44,2016-10-31,Jalisco,Guadalajara,Sarampion,0,SEFE_pdf,0.0,0.0,0.0,0.0,False,False,False,0,False
2016,44,2016-10-31,Jalisco,Guadalajara,Sarampion,0,boletin_pdf,0.0,0.0,0.0,0.0,False,False,False,0,False
2016,44,2016-10-31,Nuevo León,Monterrey,Erisipela,100,boletin_pdf,101.0,14.832396974191322,130.66479394838265,-0.06741998624632423,False,False,False,0,False
2016,44,2016-10-31,Nuevo León,Monterrey,Escarlatina,2,boletin_pdf,5.5,2.9999999999999996,11.5,-1.1666666666666667,False,False,False,0,False
2016,44,2016-10-31,Nuevo León,Monterrey,Rubeola,0,boletin_pdf,0.0,0.0,0.0,0.0,False,False,False,0,False
2016,44,2016-10-31,Nuevo León,Monterrey,Sarampion,0,SEFE_pdf,0.0,0.0,0.0,0.0,False,False,False,0,False
2016,44,2016-10-31,Nuevo León,Monterrey,Sarampion,0,boletin_pdf,0.0,0.0,0.0,0.0,False,False,False,0,False
2016,45,2016-11-07,Ciudad de México,CDMX,Erisipela,0,boletin_pdf,8.5,5.744562646538028,19.989125293076057,-1.479660075623432,False,False,False,0,False
2016,45,2016-11-07,Ciudad de México,CDMX,Escarlatina,0,boletin_pdf,15.0,10.893423092245461,36.786846184490926,-1.3769776380647352,False,False,False,0,False
2016,45,2016-11-07,Ciudad de México,CDMX,Rubeola,0,boletin_pdf,0.0,0.0,0.0,0.0,False,False,False,0,False
2016,45,2016-11-07,Ciudad de México,CDMX,Sarampion,0,boletin_pdf,0.0,0.0,0.0,0.0,False,False,False,0,False
2016,45,2016-11-07,Jalisco,Guadalajara,Erisipela,10,boletin_pdf,7.0,2.581988897471611,12.163977794943222,1.161895003862225,False,False,False,0,False
2016,45,2016-11-07,Jalisco,Guadalajara,Escarlatina,8,boletin_pdf,7.0,2.581988897471611,12.163977794943222,0.3872983346207417,False,False,False,0,False
2016,45,2016-11-07,Jalisco,Guadalajara,Rubeola,0,boletin_pdf,0.0,0.0,0.0,0.0,False,False,False,0,False
2016,45,2016-11-07,Jalisco,Guadalajara,Sarampion,0,boletin_pdf,0.0,0.0,0.0,0.0,False,False,False,0,False
2016,45,2016-11-07,Nuevo León,Monterrey,Erisipela,72,boletin_pdf,72.0,11.31370849898476,94.62741699796952,0.0,False,False,False,0,False
2016,45,2016-11-07,Nuevo León,Monterrey,Escarlatina,4,boletin_pdf,8.0,4.320493798938574,16.64098759787715,-0.9258200997725514,False,False,False,0,False
2016,45,2016-11-07,Nuevo León,Monterrey,Rubeola,0,boletin_pdf,0.0,0.0,0.0,0.0,False,False,False,0,False
2016,45,2016-11-07,Nuevo León,Monterrey,Sarampion,0,boletin_pdf,0.0,0.0,0.0,0.0,False,False,False,0,False
2016,46,2016-11-14,Ciudad de México,CDMX,Erisipela,0,boletin_pdf,12.0,9.092121131323903,30.184242262647807,-1.3198240351921797,False,False,False,0,False
2016,46,2016-11-14,Ciudad de México,CDMX,Escarlatina,0,boletin_pdf,19.5,16.36052158907737,52.22104317815474,-1.19189354042469,False,False,False,0,False
2016,46,2016-11-14,Ciudad de México,CDMX,Rubeola,0,boletin_pdf,0.0,0.0,0.0,0.0,False,False,False,0,False
2016,46,2016-11-14,Ciudad de México,CDMX,Sarampion,0,boletin_pdf,0.0,0.0,0.0,0.0,False,False,False,0,False
2016,46,2016-11-14,Jalisco,Guadalajara,Erisipela,12,boletin_pdf,11.5,4.123105625617661,19.746211251235323,0.12126781251816648,False,False,False,0,False
2016,46,2016-11-14,Jalisco,Guadalajara,Escarlatina,8,boletin_pdf,8.0,2.8284271247461903,13.65685424949238,0.0,False,False,False,0,False
2016,46,2016-11-14,Jalisco,Guadalajara,Rubeola,0,boletin_pdf,0.0,0.0,0.0,0.0,False,False,False,0,False
2016,46,2016-11-14,Jalisco,Guadalajara,Sarampion,0,boletin_pdf,0.0,0.0,0.0,0.0,False,False,False,0,False
2016,46,2016-11-14,Nuevo León,Monterrey,Erisipela,82,boletin_pdf,92.5,10.246950765959598,112.99390153191919,-1.02469507659596,False,False,False,0,False
2016,46,2016-11-14,Nuevo León,Monterrey,Escarlatina,4,boletin_pdf,8.5,4.123105625617661,16.746211251235323,-1.0914103126634984,False,False,False,0,False
2016,46,2016-11-14,Nuevo León,Monterrey,Rubeola,0,boletin_pdf,0.0,0.0,0.0,0.0,False,False,False,0,False
2016,46,2016-11-14,Nuevo León,Monterrey,Sarampion,0,boletin_pdf,0.0,0.0,0.0,0.0,False,False,False,0,False
2016,47,2016-11-21,Ciudad de México,CDMX,Erisipela,0,boletin_pdf,3.5,4.123105625617661,11.746211251235321,-0.8488746876271654,False,False,False,0,False
2016,47,2016-11-21,Ciudad de México,CDMX,Escarlatina,0,boletin_pdf,9.0,6.6332495807108,22.2664991614216,-1.3568010505999364,False,False,False,0,False
2016,47,2016-11-21,Ciudad de México,CDMX,Rubeola,0,boletin_pdf,0.0,0.0,0.0,0.0,False,False,False,0,False
2016,47,2016-11-21,Ciudad de México,CDMX,Sarampion,0,boletin_pdf,0.0,0.0,0.0,0.0,False,False,False,0,False
2016,47,2016-11-21,Jalisco,Guadalajara,Erisipela,8,boletin_pdf,10.5,4.43471156521669,19.369423130433383,-0.5637345210021216,False,False,False,0,False
2016,47,2016-11-21,Jalisco,Guadalajara,Escarlatina,4,boletin_pdf,4.0,3.265986323710904,10.531972647421808,0.0,False,False,False,0,False
2016,47,2016-11-21,Jalisco,Guadalajara,Rubeola,0,boletin_pdf,0.0,0.0,0.0,0.0,False,False,False,0,False
2016,47,2016-11-21,Jalisco,Guadalajara,Sarampion,0,boletin_pdf,0.0,0.0,0.0,0.0,False,False,False,0,False
2016,47,2016-11-21,Nuevo León,Monterrey,Erisipela,64,boletin_pdf,70.0,21.602468994692867,113.20493798938574,-0.27774602993176545,False,False,False,0,False
2016,47,2016-11-21,Nuevo León,Monterrey,Escarlatina,0,boletin_pdf,5.5,4.43471156521669,14.36942313043338,-1.2402159462046676,False,False,False,0,False
2016,47,2016-11-21,Nuevo León,Monterrey,Rubeola,0,boletin_pdf,0.0,0.0,0.0,0.0,False,False,False,0,False
2016,47,2016-11-21,Nuevo León,Monterrey,Sarampion,0,boletin_pdf,0.0,0.0,0.0,0.0,False,False,False,0,False
2016,48,2016-11-28,Ciudad de México,CDMX,Erisipela,0,boletin_pdf,15.0,11.135528725660043,37.27105745132009,-1.347039765200812,False,False,False,0,False
2016,48,2016-11-28,Ciudad de México,CDMX,Escarlatina,0,boletin_pdf,14.5,12.793227374930325,40.08645474986065,-1.1334122012412815,False,False,False,0,False
2016,48,2016-11-28,Ciudad de México,CDMX,Rubeola,0,boletin_pdf,0.0,0.0,0.0,0.0,False,False,False,0,False
2016,48,2016-11-28,Ciudad de México,CDMX,Sarampion,0,boletin_pdf,0.0,0.0,0.0,0.0,False,False,False,0,False
2016,48,2016-11-28,Jalisco,Guadalajara,Erisipela,12,boletin_pdf,9.0,3.4641016151377544,15.928203230275509,0.8660254037844387,False,False,False,0,False
2016,48,2016-11-28,Jalisco,Guadalajara,Escarlatina,4,boletin_pdf,3.5,1.0,5.5,0.5,False,False,False,0,False
2016,48,2016-11-28,Jalisco,Guadalajara,Rubeola,0,boletin_pdf,0.0,0.0,0.0,0.0,False,False,False,0,False
2016,48,2016-11-28,Jalisco,Guadalajara,Sarampion,0,boletin_pdf,0.0,0.0,0.0,0.0,False,False,False,0,False
2016,48,2016-11-28,Nuevo León,Monterrey,Erisipela,62,boletin_pdf,59.0,6.2182527020592095,71.43650540411842,0.4824506406770077,False,False,False,0,False
2016,48,2016-11-28,Nuevo León,Monterrey,Escarlatina,0,boletin_pdf,16.5,21.80978373727412,60.11956747454824,-0.7565412018185487,False,False,False,0,False
2016,48,2016-11-28,Nuevo León,Monterrey,Rubeola,0,boletin_pdf,0.0,0.0,0.0,0.0,False,False,False,0,False
2016,48,2016-11-28,Nuevo León,Monterrey,Sarampion,0,boletin_pdf,0.0,0.0,0.0,0.0,False,False,False,0,False
2016,49,2016-12-05,Ciudad de México,CDMX,Erisipela,0,boletin_pdf,10.5,10.246950765959598,30.993901531919196,-1.02469507659596,False,False,False,0,False
2016,49,2016-12-05,Ciudad de México,CDMX,Escarlatina,0,boletin_pdf,14.0,9.38083151964686,32.76166303929372,-1.4924050144892729,False,False,False,0,False
2016,49,2016-12-05,Ciudad de México,CDMX,Rubeola,0,boletin_pdf,0.0,0.0,0.0,0.0,False,False,False,0,False
2016,49,2016-12-05,Ciudad de México,CDMX,Sarampion,0,boletin_pdf,0.0,0.0,0.0,0.0,False,False,False,0,False
2016,49,2016-12-05,Jalisco,Guadalajara,Erisipela,4,boletin_pdf,2.5,1.9148542155126762,6.329708431025352,0.7833494518006403,False,False,False,0,False
2016,49,2016-12-05,Jalisco,Guadalajara,Escarlatina,0,boletin_pdf,7.0,5.773502691896258,18.547005383792516,-1.212435565298214,False,False,False,0,False
2016,49,2016-12-05,Jalisco,Guadalajara,Rubeola,0,boletin_pdf,0.0,0.0,0.0,0.0,False,False,False,0,False
2016,49,2016-12-05,Jalisco,Guadalajara,Sarampion,0,SEFE_pdf,0.0,0.0,0.0,0.0,False,False,False,0,False
2016,49,2016-12-05,Jalisco,Guadalajara,Sarampion,0,boletin_pdf,0.0,0.0,0.0,0.0,False,False,False,0,False
2016,49,2016-12-05,Nuevo León,Monterrey,Erisipela,72,boletin_pdf,66.5,9.146948489341495,84.793896978683,0.601293426590178,False,False,False,0,False
2016,49,2016-12-05,Nuevo León,Monterrey,Escarlatina,4,boletin_pdf,8.0,4.898979485566356,17.79795897113271,-0.8164965809277261,False,False,False,0,False
2016,49,2016-12-05,Nuevo León,Monterrey,Rubeola,0,boletin_pdf,0.0,0.0,0.0,0.0,False,False,False,0,False
2016,49,2016-12-05,Nuevo León,Monterrey,Sarampion,0,SEFE_pdf,0.0,0.0,0.0,0.0,False,False,False,0,False
2016,49,2016-12-05,Nuevo León,Monterrey,Sarampion,0,boletin_pdf,0.0,0.0,0.0,0.0,False,False,False,0,False
2016,50,2016-12-12,Ciudad de México,CDMX,Erisipela,0,boletin_pdf,10.5,9.0,28.5,-1.1666666666666667,False,False,False,0,False
2016,50,2016-12-12,Ciudad de México,CDMX,Escarlatina,0,boletin_pdf,10.5,8.225975119502044,26.951950239004088,-1.2764444150951448,False,False,False,0,False
2016,50,2016-12-12,Ciudad de México,CDMX,Rubeola,0,boletin_pdf,0.0,0.0,0.0,0.0,False,False,False,0,False
2016,50,2016-12-12,Ciudad de México,CDMX,Sarampion,0,boletin_pdf,0.0,0.0,0.0,0.0,False,False,False,0,False
2016,50,2016-12-12,Jalisco,Guadalajara,Erisipela,16,boletin_pdf,9.5,5.0,19.5,1.3,False,False,False,0,False
2016,50,2016-12-12,Jalisco,Guadalajara,Escarlatina,0,boletin_pdf,2.5,2.516611478423583,7.533222956847166,-0.9933992677987828,False,False,False,0,False
2016,50,2016-12-12,Jalisco,Guadalajara,Rubeola,0,boletin_pdf,0.0,0.0,0.0,0.0,False,False,False,0,False
2016,50,2016-12-12,Jalisco,Guadalajara,Sarampion,0,boletin_pdf,0.0,0.0,0.0,0.0,False,False,False,0,False
2016,50,2016-12-12,Nuevo León,Monterrey,Erisipela,76,boletin_pdf,78.0,12.328828005937952,102.6576560118759,-0.16222142113076254,False,False,False,0,False
2016,50,2016-12-12,Nuevo León,Monterrey,Escarlatina,4,boletin_pdf,3.5,2.516611478423583,8.533222956847165,0.1986798535597566,False,False,False,0,False
2016,50,2016-12-12,Nuevo León,Monterrey,Rubeola,0,boletin_pdf,0.0,0.0,0.0,0.0,False,False,False,0,False
2016,50,2016-12-12,Nuevo León,Monterrey,Sarampion,0,boletin_pdf,0.0,0.0,0.0,0.0,False,False,False,0,False
2016,51,2016-12-19,Ciudad de México,CDMX,Erisipela,0,boletin_pdf,6.5,5.972157622389639,18.444315244779276,-1.088383865762598,False,False,False,0,False
2016,51,2016-12-19,Ciudad de México,CDMX,Escarlatina,0,boletin_pdf,14.5,13.203534880225574,40.90706976045115,-1.0981907596363525,False,False,False,0,False
2016,51,2016-12-19,Ciudad de México,CDMX,Rubeola,0,boletin_pdf,0.0,0.0,0.0,0.0,False,False,False,0,False
2016,51,2016-12-19,Ciudad de México,CDMX,Sarampion,0,boletin_pdf,0.0,0.0,0.0,0.0,False,False,False,0,False
2016,51,2016-12-19,Jalisco,Guadalajara,Erisipela,6,boletin_pdf,6.0,4.320493798938574,14.640987597877148,0.0,False,False,False,0,False
2016,51,2016-12-19,Jalisco,Guadalajara,Escarlatina,4,boletin_pdf,9.0,6.6332495807108,22.2664991614216,-0.753778361444409,False,False,False,0,False
2016,51,2016-12-19,Jalisco,Guadalajara,Rubeola,0,boletin_pdf,0.0,0.0,0.0,0.0,False,False,False,0,False
2016,51,2016-12-19,Jalisco,Guadalajara,Sarampion,0,boletin_pdf,0.0,0.0,0.0,0.0,False,False,False,0,False
2016,51,2016-12-19,Nuevo León,Monterrey,Erisipela,72,boletin_pdf,59.0,10.132456102380443,79.26491220476089,1.2830058051715494,False,False,False,0,False
2016,51,2016-12-19,Nuevo León,Monterrey,Escarlatina,0,boletin_pdf,4.5,4.43471156521669,13.36942313043338,-1.014722137803819,False,False,False,0,False
2016,51,2016-12-19,Nuevo León,Monterrey,Rubeola,0,boletin_pdf,0.0,0.0,0.0,0.0,False,False,False,0,False
2016,51,2016-12-19,Nuevo León,Monterrey,Sarampion,0,boletin_pdf,0.0,0.0,0.0,0.0,False,False,False,0,False
2016,52,2016-12-26,Ciudad de México,CDMX,Erisipela,0,boletin_pdf,5.5,3.7859388972001824,13.071877794400365,-1.4527439954372794,False,False,False,0,False
2016,52,2016-12-26,Ciudad de México,CDMX,Escarlatina,0,boletin_pdf,10.5,11.474609652039003,33.44921930407801,-0.9150638076942497,False,False,False,0,False
2016,52,2016-12-26,Ciudad de México,CDMX,Rubeola,0,boletin_pdf,0.0,0.0,0.0,0.0,False,False,False,0,False
2016,52,2016-12-26,Ciudad de México,CDMX,Sarampion,0,boletin_pdf,0.0,0.0,0.0,0.0,False,False,False,0,False
2016,52,2016-12-26,Jalisco,Guadalajara,Erisipela,2,boletin_pdf,4.5,1.9148542155126762,8.329708431025352,-1.3055824196677337,False,False,False,0,False
2016,52,2016-12-26,Jalisco,Guadalajara,Escarlatina,2,boletin_pdf,5.5,5.7445626465380295,16.989125293076057,-0.6092717958449424,False,False,False,0,False
2016,52,2016-12-26,Jalisco,Guadalajara,Rubeola,0,boletin_pdf,0.0,0.0,0.0,0.0,False,False,False,0,False
2016,52,2016-12-26,Jalisco,Guadalajara,Sarampion,0,boletin_pdf,0.0,0.0,0.0,0.0,False,False,False,0,False
2016,52,2016-12-26,Nuevo León,Monterrey,Erisipela,44,boletin_pdf,50.5,15.351438586225939,81.20287717245188,-0.4234130868902487,False,False,False,0,False
2016,52,2016-12-26,Nuevo León,Monterrey,Escarlatina,2,boletin_pdf,9.0,12.701705922171767,34.40341184434354,-0.5511070751355519,False,False,False,0,False
2016,52,2016-12-26,Nuevo León,Monterrey,Rubeola,0,boletin_pdf,0.0,0.0,0.0,0.0,False,False,False,0,False
2016,52,2016-12-26,Nuevo León,Monterrey,Sarampion,0,boletin_pdf,0.0,0.0,0.0,0.0,False,False,False,0,False
2016,53,2016-12-26,Ciudad de México,CDMX,Erisipela,0,boletin_pdf,0.0,0.0,0.0,0.0,False,False,False,0,False
2016,53,2016-12-26,Ciudad de México,CDMX,Escarlatina,0,boletin_pdf,0.0,0.0,0.0,0.0,False,False,False,0,False
2016,53,2016-12-26,Ciudad de México,CDMX,Rubeola,0,boletin_pdf,0.0,0.0,0.0,0.0,False,False,False,0,False
2016,53,2016-12-26,Ciudad de México,CDMX,Sarampion,0,boletin_pdf,0.0,0.0,0.0,0.0,False,False,False,0,False
2016,53,2016-12-26,Jalisco,Guadalajara,Erisipela,0,boletin_pdf,0.0,0.0,0.0,0.0,False,False,False,0,False
2016,53,2016-12-26,Jalisco,Guadalajara,Escarlatina,0,boletin_pdf,0.0,0.0,0.0,0.0,False,False,False,0,False
2016,53,2016-12-26,Jalisco,Guadalajara,Rubeola,0,boletin_pdf,0.0,0.0,0.0,0.0,False,False,False,0,False
2016,53,2016-12-26,Jalisco,Guadalajara,Sarampion,0,boletin_pdf,0.0,0.0,0.0,0.0,False,False,False,0,False
2016,53,2016-12-26,Nuevo León,Monterrey,Erisipela,0,boletin_pdf,0.0,0.0,0.0,0.0,False,False,False,0,False
2016,53,2016-12-26,Nuevo León,Monterrey,Escarlatina,0,boletin_pdf,0.0,0.0,0.0,0.0,False,False,False,0,False
2016,53,2016-12-26,Nuevo León,Monterrey,Rubeola,0,boletin_pdf,0.0,0.0,0.0,0.0,False,False,False,0,False
2016,53,2016-12-26,Nuevo León,Monterrey,Sarampion,0,boletin_pdf,0.0,0.0,0.0,0.0,False,False,False,0,False
2017,1,2017-01-02,Ciudad de México,CDMX,Erisipela,0,boletin_pdf,3.0,6.0,15.0,-0.5,False,False,False,0,False
2017,1,2017-01-02,Ciudad de México,CDMX,Escarlatina,0,boletin_pdf,2.0,2.8284271247461903,7.656854249492381,-0.7071067811865475,False,False,False,0,False
2017,1,2017-01-02,Ciudad de México,CDMX,Rubeola,0,boletin_pdf,0.0,0.0,0.0,0.0,False,False,False,0,False
2017,1,2017-01-02,Ciudad de México,CDMX,Sarampion,0,boletin_pdf,0.0,0.0,0.0,0.0,False,False,False,0,False
2017,1,2017-01-02,Jalisco,Guadalajara,Erisipela,0,boletin_pdf,6.0,4.898979485566356,15.797958971132712,-1.2247448713915892,False,False,False,0,False
2017,1,2017-01-02,Jalisco,Guadalajara,Escarlatina,6,boletin_pdf,3.0,2.5819888974716108,8.163977794943222,1.1618950038622253,False,False,False,0,False
2017,1,2017-01-02,Jalisco,Guadalajara,Rubeola,0,boletin_pdf,0.0,0.0,0.0,0.0,False,False,False,0,False
2017,1,2017-01-02,Jalisco,Guadalajara,Sarampion,0,SEFE_pdf,0.0,0.0,0.0,0.0,False,False,False,0,False
2017,1,2017-01-02,Jalisco,Guadalajara,Sarampion,0,boletin_pdf,0.0,0.0,0.0,0.0,False,False,False,0,False
2017,1,2017-01-02,Nuevo León,Monterrey,Erisipela,82,boletin_pdf,51.5,20.6801031589948,92.8602063179896,1.4748475752517725,False,True,False,1,False
2017,1,2017-01-02,Nuevo León,Monterrey,Escarlatina,2,boletin_pdf,5.5,5.7445626465380295,16.989125293076057,-0.6092717958449424,False,False,False,0,False
2017,1,2017-01-02,Nuevo León,Monterrey,Rubeola,0,boletin_pdf,0.0,0.0,0.0,0.0,False,False,False,0,False
2017,1,2017-01-02,Nuevo León,Monterrey,Sarampion,0,SEFE_pdf,0.0,0.0,0.0,0.0,False,False,False,0,False
2017,1,2017-01-02,Nuevo León,Monterrey,Sarampion,0,boletin_pdf,0.0,0.0,0.0,0.0,False,False,False,0,False
2017,2,2017-01-09,Ciudad de México,CDMX,Erisipela,0,boletin_pdf,4.5,5.744562646538029,15.989125293076057,-0.7833494518006403,False,False,False,0,False
2017,2,2017-01-09,Ciudad de México,CDMX,Escarlatina,0,boletin_pdf,2.5,3.785938897200182,10.071877794400365,-0.6603381797442179,False,False,False,0,False
2017,2,2017-01-09,Ciudad de México,CDMX,Rubeola,0,boletin_pdf,0.0,0.0,0.0,0.0,False,False,False,0,False
2017,2,2017-01-09,Ciudad de México,CDMX,Sarampion,0,boletin_pdf,0.0,0.0,0.0,0.0,False,False,False,0,False
2017,2,2017-01-09,Jalisco,Guadalajara,Erisipela,8,boletin_pdf,7.0,4.163331998932265,15.32666399786453,0.2401922307076307,False,False,False,0,False
2017,2,2017-01-09,Jalisco,Guadalajara,Escarlatina,8,boletin_pdf,8.0,3.265986323710904,14.531972647421808,0.0,False,False,False,0,False
2017,2,2017-01-09,Jalisco,Guadalajara,Rubeola,0,boletin_pdf,0.0,0.0,0.0,0.0,False,False,False,0,False
2017,2,2017-01-09,Jalisco,Guadalajara,Sarampion,0,boletin_pdf,0.0,0.0,0.0,0.0,False,False,False,0,False
2017,2,2017-01-09,Nuevo León,Monterrey,Erisipela,74,boletin_pdf,61.0,9.309493362512628,79.61898672502525,1.396424004376894,False,False,False,0,False
2017,2,2017-01-09,Nuevo León,Monterrey,Escarlatina,2,boletin_pdf,1.5,1.0,3.5,0.5,False,False,False,0,False
2017,2,2017-01-09,Nuevo León,Monterrey,Rubeola,0,boletin_pdf,0.0,0.0,0.0,0.0,False,False,False,0,False
2017,2,2017-01-09,Nuevo León,Monterrey,Sarampion,0,boletin_pdf,0.0,0.0,0.0,0.0,False,False,False,0,False
2017,3,2017-01-16,Ciudad de México,CDMX,Erisipela,0,boletin_pdf,5.0,5.773502691896257,16.547005383792516,-0.8660254037844387,False,False,False,0,False
2017,3,2017-01-16,Ciudad de México,CDMX,Escarlatina,0,boletin_pdf,3.5,5.744562646538029,14.989125293076057,-0.6092717958449424,False,False,False,0,False
2017,3,2017-01-16,Ciudad de México,CDMX,Rubeola,0,boletin_pdf,0.0,0.0,0.0,0.0,False,False,False,0,False
2017,3,2017-01-16,Ciudad de México,CDMX,Sarampion,0,boletin_pdf,0.0,0.0,0.0,0.0,False,False,False,0,False
2017,3,2017-01-16,Jalisco,Guadalajara,Erisipela,8,boletin_pdf,6.0,4.0,14.0,0.5,False,False,False,0,False
2017,3,2017-01-16,Jalisco,Guadalajara,Escarlatina,10,boletin_pdf,6.5,2.9999999999999996,12.5,1.1666666666666667,False,False,False,0,False
2017,3,2017-01-16,Jalisco,Guadalajara,Rubeola,0,boletin_pdf,0.0,0.0,0.0,0.0,False,False,False,0,False
2017,3,2017-01-16,Jalisco,Guadalajara,Sarampion,0,boletin_pdf,0.0,0.0,0.0,0.0,False,False,False,0,False
2017,3,2017-01-16,Nuevo León,Monterrey,Erisipela,78,boletin_pdf,77.0,16.77299416721217,110.54598833442434,0.05961964751378731,False,False,False,0,False
2017,3,2017-01-16,Nuevo León,Monterrey,Escarlatina,6,boletin_pdf,4.0,2.8284271247461903,9.65685424949238,0.7071067811865475,False,False,False,0,False
2017,3,2017-01-16,Nuevo León,Monterrey,Rubeola,0,boletin_pdf,0.0,0.0,0.0,0.0,False,False,False,0,False
2017,3,2017-01-16,Nuevo León,Monterrey,Sarampion,0,boletin_pdf,0.0,0.0,0.0,0.0,False,False,False,0,False
2017,4,2017-01-23,Ciudad de México,CDMX,Erisipela,0,boletin_pdf,4.5,6.60807586719967,17.71615173439934,-0.6809849176121797,False,False,False,0,False
2017,4,2017-01-23,Ciudad de México,CDMX,Escarlatina,0,boletin_pdf,6.0,6.928203230275509,19.856406460551018,-0.8660254037844387,False,False,False,0,False
2017,4,2017-01-23,Ciudad de México,CDMX,Rubeola,0,boletin_pdf,0.0,0.0,0.0,0.0,False,False,False,0,False
2017,4,2017-01-23,Ciudad de México,CDMX,Sarampion,0,boletin_pdf,0.0,0.0,0.0,0.0,False,False,False,0,False
2017,4,2017-01-23,Jalisco,Guadalajara,Erisipela,8,boletin_pdf,9.0,3.8297084310253524,16.659416862050705,-0.26111648393354675,False,False,False,0,False
2017,4,2017-01-23,Jalisco,Guadalajara,Escarlatina,8,boletin_pdf,5.0,3.8297084310253524,12.659416862050705,0.7833494518006403,False,False,False,0,False
2017,4,2017-01-23,Jalisco,Guadalajara,Rubeola,0,boletin_pdf,0.0,0.0,0.0,0.0,False,False,False,0,False
2017,4,2017-01-23,Jalisco,Guadalajara,Sarampion,0,boletin_pdf,0.0,0.0,0.0,0.0,False,False,False,0,False
2017,4,2017-01-23,Nuevo León,Monterrey,Erisipela,58,boletin_pdf,55.5,5.507570547286103,66.5151410945722,0.4539206495016017,False,False,False,0,False
2017,4,2017-01-23,Nuevo León,Monterrey,Escarlatina,0,boletin_pdf,4.0,4.320493798938574,12.640987597877148,-0.9258200997725514,False,False,False,0,False
2017,4,2017-01-23,Nuevo León,Monterrey,Rubeola,0,boletin_pdf,0.0,0.0,0.0,0.0,False,False,False,0,False
2017,4,2017-01-23,Nuevo León,Monterrey,Sarampion,0,boletin_pdf,0.0,0.0,0.0,0.0,False,False,False,0,False
2017,5,2017-01-30,Ciudad de México,CDMX,Erisipela,0,boletin_pdf,6.5,8.54400374531753,23.58800749063506,-0.7607674567748487,False,False,False,0,False
2017,5,2017-01-30,Ciudad de México,CDMX,Escarlatina,0,boletin_pdf,8.0,10.456258094238748,28.912516188477497,-0.7650920556760059,False,False,False,0,False
2017,5,2017-01-30,Ciudad de México,CDMX,Rubeola,0,boletin_pdf,0.0,0.0,0.0,0.0,False,False,False,0,False
2017,5,2017-01-30,Ciudad de México,CDMX,Sarampion,0,boletin_pdf,0.0,0.0,0.0,0.0,False,False,False,0,False
2017,5,2017-01-30,Jalisco,Guadalajara,Erisipela,10,boletin_pdf,8.0,3.6514837167011076,15.302967433402216,0.5477225575051661,False,False,False,0,False
2017,5,2017-01-30,Jalisco,Guadalajara,Escarlatina,4,boletin_pdf,5.0,3.4641016151377544,11.928203230275509,-0.2886751345948129,False,False,False,0,False
2017,5,2017-01-30,Jalisco,Guadalajara,Rubeola,0,boletin_pdf,0.0,0.0,0.0,0.0,False,False,False,0,False
2017,5,2017-01-30,Jalisco,Guadalajara,Sarampion,0,SEFE_pdf,0.0,0.0,0.0,0.0,False,False,False,0,False
2017,5,2017-01-30,Jalisco,Guadalajara,Sarampion,0,boletin_pdf,0.0,0.0,0.0,0.0,False,False,False,0,False
2017,5,2017-01-30,Nuevo León,Monterrey,Erisipela,66,boletin_pdf,69.0,7.745966692414834,84.49193338482966,-0.3872983346207417,False,False,False,0,False
2017,5,2017-01-30,Nuevo León,Monterrey,Escarlatina,4,boletin_pdf,5.0,2.0,9.0,-0.5,False,False,False,0,False
2017,5,2017-01-30,Nuevo León,Monterrey,Rubeola,0,boletin_pdf,0.0,0.0,0.0,0.0,False,False,False,0,False
2017,5,2017-01-30,Nuevo León,Monterrey,Sarampion,0,SEFE_pdf,0.0,0.0,0.0,0.0,False,False,False,0,False
2017,5,2017-01-30,Nuevo León,Monterrey,Sarampion,0,boletin_pdf,0.0,0.0,0.0,0.0,False,False,False,0,False
2017,6,2017-02-06,Ciudad de México,CDMX,Erisipela,0,boletin_pdf,8.0,9.797958971132712,27.595917942265423,-0.8164965809277261,False,False,False,0,False
2017,6,2017-02-06,Ciudad de México,CDMX,Escarlatina,0,boletin_pdf,9.0,10.519822558706334,30.039645117412668,-0.8555277382080452,False,False,False,0,False
2017,6,2017-02-06,Ciudad de México,CDMX,Rubeola,0,boletin_pdf,0.0,0.0,0.0,0.0,False,False,False,0,False
2017,6,2017-02-06,Ciudad de México,CDMX,Sarampion,0,boletin_pdf,0.0,0.0,0.0,0.0,False,False,False,0,False
2017,6,2017-02-06,Jalisco,Guadalajara,Erisipela,2,boletin_pdf,3.5,1.9148542155126762,7.329708431025352,-0.7833494518006403,False,False,False,0,False
2017,6,2017-02-06,Jalisco,Guadalajara,Escarlatina,4,boletin_pdf,5.5,1.9148542155126762,9.329708431025352,-0.7833494518006403,False,False,False,0,False
2017,6,2017-02-06,Jalisco,Guadalajara,Rubeola,0,boletin_pdf,0.0,0.0,0.0,0.0,False,False,False,0,False
2017,6,2017-02-06,Jalisco,Guadalajara,Sarampion,0,boletin_pdf,0.0,0.0,0.0,0.0,False,False,False,0,False
2017,6,2017-02-06,Nuevo León,Monterrey,Erisipela,64,boletin_pdf,69.5,9.71253485622231,88.92506971244462,-0.5662785340200287,False,False,False,0,False
2017,6,2017-02-06,Nuevo León,Monterrey,Escarlatina,10,boletin_pdf,5.5,4.123105625617661,13.746211251235321,1.0914103126634984,False,False,False,0,False
2017,6,2017-02-06,Nuevo León,Monterrey,Rubeola,0,boletin_pdf,0.0,0.0,0.0,0.0,False,False,False,0,False
2017,6,2017-02-06,Nuevo León,Monterrey,Sarampion,0,boletin_pdf,0.0,0.0,0.0,0.0,False,False,False,0,False
2017,7,2017-02-13,Ciudad de México,CDMX,Erisipela,0,boletin_pdf,5.0,6.6332495807108,18.2664991614216,-0.753778361444409,False,False,False,0,False
2017,7,2017-02-13,Ciudad de México,CDMX,Escarlatina,0,boletin_pdf,5.0,6.6332495807108,18.2664991614216,-0.753778361444409,False,False,False,0,False
2017,7,2017-02-13,Ciudad de México,CDMX,Rubeola,0,boletin_pdf,0.0,0.0,0.0,0.0,False,False,False,0,False
2017,7,2017-02-13,Ciudad de México,CDMX,Sarampion,0,boletin_pdf,0.0,0.0,0.0,0.0,False,False,False,0,False
2017,7,2017-02-13,Jalisco,Guadalajara,Erisipela,12,boletin_pdf,8.0,3.6514837167011076,15.302967433402216,1.0954451150103321,False,False,False,0,False
2017,7,2017-02-13,Jalisco,Guadalajara,Escarlatina,6,boletin_pdf,5.0,2.581988897471611,10.163977794943222,0.3872983346207417,False,False,False,0,False
2017,7,2017-02-13,Jalisco,Guadalajara,Rubeola,0,boletin_pdf,0.0,0.0,0.0,0.0,False,False,False,0,False
2017,7,2017-02-13,Jalisco,Guadalajara,Sarampion,0,boletin_pdf,0.0,0.0,0.0,0.0,False,False,False,0,False
2017,7,2017-02-13,Nuevo León,Monterrey,Erisipela,82,boletin_pdf,72.5,13.79613472438325,100.0922694487665,0.6885986683798996,False,False,False,0,False
2017,7,2017-02-13,Nuevo León,Monterrey,Escarlatina,2,boletin_pdf,7.0,6.6332495807108,20.2664991614216,-0.753778361444409,False,False,False,0,False
2017,7,2017-02-13,Nuevo León,Monterrey,Rubeola,0,boletin_pdf,0.0,0.0,0.0,0.0,False,False,False,0,False
2017,7,2017-02-13,Nuevo León,Monterrey,Sarampion,0,boletin_pdf,0.0,0.0,0.0,0.0,False,False,False,0,False
2017,8,2017-02-20,Ciudad de México,CDMX,Erisipela,0,boletin_pdf,10.0,12.000000000000002,34.0,-0.8333333333333333,False,False,False,0,False
2017,8,2017-02-20,Ciudad de México,CDMX,Escarlatina,0,boletin_pdf,6.0,9.521904571390465,25.04380914278093,-0.6301260378126046,False,False,False,0,False
2017,8,2017-02-20,Ciudad de México,CDMX,Rubeola,0,boletin_pdf,0.0,0.0,0.0,0.0,False,False,False,0,False
2017,8,2017-02-20,Ciudad de México,CDMX,Sarampion,0,boletin_pdf,0.0,0.0,0.0,0.0,False,False,False,0,False
2017,8,2017-02-20,Jalisco,Guadalajara,Erisipela,4,boletin_pdf,7.0,4.760952285695233,16.521904571390465,-0.6301260378126045,False,False,False,0,False
2017,8,2017-02-20,Jalisco,Guadalajara,Escarlatina,4,boletin_pdf,6.0,4.320493798938574,14.640987597877148,-0.4629100498862757,False,False,False,0,False
2017,8,2017-02-20,Jalisco,Guadalajara,Rubeola,0,boletin_pdf,0.0,0.0,0.0,0.0,False,False,False,0,False
2017,8,2017-02-20,Jalisco,Guadalajara,Sarampion,0,boletin_pdf,0.0,0.0,0.0,0.0,False,False,False,0,False
2017,8,2017-02-20,Nuevo León,Monterrey,Erisipela,104,boletin_pdf,79.0,21.19748412744619,121.39496825489238,1.1793852444795732,False,False,False,0,False
2017,8,2017-02-20,Nuevo León,Monterrey,Escarlatina,4,boletin_pdf,7.0,4.760952285695232,16.521904571390465,-0.6301260378126046,False,False,False,0,False
2017,8,2017-02-20,Nuevo León,Monterrey,Rubeola,0,boletin_pdf,0.0,0.0,0.0,0.0,False,False,False,0,False
2017,8,2017-02-20,Nuevo León,Monterrey,Sarampion,0,boletin_pdf,0.0,0.0,0.0,0.0,False,False,False,0,False
2017,9,2017-02-27,Ciudad de México,CDMX,Erisipela,0,boletin_pdf,7.5,10.376254944182254,28.252509888364507,-0.72280413697864,False,False,False,0,False
2017,9,2017-02-27,Ciudad de México,CDMX,Escarlatina,0,boletin_pdf,9.5,11.704699910719626,32.90939982143925,-0.8116397748309229,False,False,False,0,False
2017,9,2017-02-27,Ciudad de México,CDMX,Rubeola,0,boletin_pdf,0.0,0.0,0.0,0.0,False,False,False,0,False
2017,9,2017-02-27,Ciudad de México,CDMX,Sarampion,0,boletin_pdf,0.0,0.0,0.0,0.0,False,False,False,0,False
2017,9,2017-02-27,Jalisco,Guadalajara,Erisipela,2,boletin_pdf,6.5,3.415650255319866,13.331300510639732,-1.3174650984805198,False,False,False,0,False
2017,9,2017-02-27,Jalisco,Guadalajara,Escarlatina,6,boletin_pdf,5.5,3.415650255319866,12.331300510639732,0.14638501094227999,False,False,False,0,False
2017,9,2017-02-27,Jalisco,Guadalajara,Rubeola,0,boletin_pdf,0.0,0.0,0.0,0.0,False,False,False,0,False
2017,9,2017-02-27,Jalisco,Guadalajara,Sarampion,0,SEFE_pdf,0.0,0.0,0.0,0.0,False,False,False,0,False
2017,9,2017-02-27,Jalisco,Guadalajara,Sarampion,0,boletin_pdf,0.0,0.0,0.0,0.0,False,False,False,0,False
2017,9,2017-02-27,Nuevo León,Monterrey,Erisipela,120,boletin_pdf,91.5,22.8837642591132,137.2675285182264,1.245424471135696,False,False,False,0,False
2017,9,2017-02-27,Nuevo León,Monterrey,Escarlatina,12,boletin_pdf,6.5,4.123105625617661,14.746211251235321,1.3339459376998313,False,True,False,1,False
2017,9,2017-02-27,Nuevo León,Monterrey,Rubeola,0,boletin_pdf,0.0,0.0,0.0,0.0,False,False,False,0,False
2017,9,2017-02-27,Nuevo León,Monterrey,Sarampion,0,SEFE_pdf,0.0,0.0,0.0,0.0,False,False,False,0,False
2017,9,2017-02-27,Nuevo León,Monterrey,Sarampion,0,boletin_pdf,0.0,0.0,0.0,0.0,False,False,False,0,False
2017,10,2017-03-06,Ciudad de México,CDMX,Erisipela,6,boletin_pdf,5.5,4.123105625617661,13.746211251235321,0.12126781251816648,False,False,False,0,False
2017,10,2017-03-06,Ciudad de México,CDMX,Escarlatina,30,boletin_pdf,18.5,14.45683229480096,47.41366458960192,0.7954716334459858,False,False,False,0,False
2017,10,2017-03-06,Ciudad de México,CDMX,Rubeola,0,boletin_pdf,0.0,0.0,0.0,0.0,False,False,False,0,False
2017,10,2017-03-06,Ciudad de México,CDMX,Sarampion,0,boletin_pdf,0.0,0.0,0.0,0.0,False,False,False,0,False
2017,10,2017-03-06,Jalisco,Guadalajara,Erisipela,8,boletin_pdf,9.5,1.9148542155126764,13.329708431025352,-0.7833494518006402,False,False,False,0,False
2017,10,2017-03-06,Jalisco,Guadalajara,Escarlatina,4,boletin_pdf,4.5,2.516611478423583,9.533222956847165,-0.1986798535597566,False,False,False,0,False
2017,10,2017-03-06,Jalisco,Guadalajara,Rubeola,0,boletin_pdf,0.0,0.0,0.0,0.0,False,False,False,0,False
2017,10,2017-03-06,Jalisco,Guadalajara,Sarampion,0,boletin_pdf,0.0,0.0,0.0,0.0,False,False,False,0,False
2017,10,2017-03-06,Nuevo León,Monterrey,Erisipela,114,boletin_pdf,89.5,17.0,123.5,1.4411764705882353,False,False,False,0,False
2017,10,2017-03-06,Nuevo León,Monterrey,Escarlatina,22,boletin_pdf,9.5,9.0,27.5,1.3888888888888888,False,False,False,0,False
2017,10,2017-03-06,Nuevo León,Monterrey,Rubeola,0,boletin_pdf,0.0,0.0,0.0,0.0,False,False,False,0,False
2017,10,2017-03-06,Nuevo León,Monterrey,Sarampion,0,boletin_pdf,0.0,0.0,0.0,0.0,False,False,False,0,False
2017,11,2017-03-13,Ciudad de México,CDMX,Erisipela,22,boletin_pdf,16.0,10.954451150103322,37.90890230020665,0.5477225575051661,False,False,False,0,False
2017,11,2017-03-13,Ciudad de México,CDMX,Escarlatina,24,boletin_pdf,20.0,13.856406460551018,47.712812921102035,0.2886751345948129,False,False,False,0,False
2017,11,2017-03-13,Ciudad de México,CDMX,Rubeola,0,boletin_pdf,0.0,0.0,0.0,0.0,False,False,False,0,False
2017,11,2017-03-13,Ciudad de México,CDMX,Sarampion,0,boletin_pdf,0.0,0.0,0.0,0.0,False,False,False,0,False
2017,11,2017-03-13,Jalisco,Guadalajara,Erisipela,4,boletin_pdf,7.5,4.725815626252609,16.951631252505216,-0.7406128966515281,False,False,False,0,False
2017,11,2017-03-13,Jalisco,Guadalajara,Escarlatina,12,boletin_pdf,5.5,4.725815626252608,14.951631252505216,1.3754239509242667,False,False,False,0,False
2017,11,2017-03-13,Jalisco,Guadalajara,Rubeola,0,boletin_pdf,0.0,0.0,0.0,0.0,False,False,False,0,False
2017,11,2017-03-13,Jalisco,Guadalajara,Sarampion,0,boletin_pdf,0.0,0.0,0.0,0.0,False,False,False,0,False
2017,11,2017-03-13,Nuevo León,Monterrey,Erisipela,68,boletin_pdf,74.0,9.521904571390467,93.04380914278093,-0.6301260378126045,False,False,False,0,False
2017,11,2017-03-13,Nuevo León,Monterrey,Escarlatina,4,boletin_pdf,5.0,4.760952285695233,14.521904571390467,-0.21004201260420147,False,False,False,0,False
2017,11,2017-03-13,Nuevo León,Monterrey,Rubeola,0,boletin_pdf,0.0,0.0,0.0,0.0,False,False,False,0,False
2017,11,2017-03-13,Nuevo León,Monterrey,Sarampion,0,boletin_pdf,0.0,0.0,0.0,0.0,False,False,False,0,False
2017,12,2017-03-20,Ciudad de México,CDMX,Erisipela,10,boletin_pdf,11.0,9.865765724632494,30.73153144926499,-0.1013606067599229,False,False,False,0,False
2017,12,2017-03-20,Ciudad de México,CDMX,Escarlatina,16,boletin_pdf,20.5,15.864005379054394,52.22801075810879,-0.2836610233340851,False,False,False,0,False
2017,12,2017-03-20,Ciudad de México,CDMX,Rubeola,0,boletin_pdf,0.0,0.0,0.0,0.0,False,False,False,0,False
2017,12,2017-03-20,Ciudad de México,CDMX,Sarampion,0,boletin_pdf,0.0,0.0,0.0,0.0,False,False,False,0,False
2017,12,2017-03-20,Jalisco,Guadalajara,Erisipela,10,boletin_pdf,10.5,6.60807586719967,23.71615173439934,-0.07566499084579774,False,False,False,0,False
2017,12,2017-03-20,Jalisco,Guadalajara,Escarlatina,4,boletin_pdf,5.0,6.2182527020592095,17.43650540411842,-0.16081688022566923,False,False,False,0,False
2017,12,2017-03-20,Jalisco,Guadalajara,Rubeola,0,boletin_pdf,0.0,0.0,0.0,0.0,False,False,False,0,False
2017,12,2017-03-20,Jalisco,Guadalajara,Sarampion,0,boletin_pdf,0.0,0.0,0.0,0.0,False,False,False,0,False
2017,12,2017-03-20,Nuevo León,Monterrey,Erisipela,92,boletin_pdf,81.0,16.852299546352715,114.70459909270542,0.6527299120066195,False,False,False,0,False
2017,12,2017-03-20,Nuevo León,Monterrey,Escarlatina,22,boletin_pdf,11.0,11.604596790352806,34.209193580705616,0.9479002328753531,False,False,False,0,False
2017,12,2017-03-20,Nuevo León,Monterrey,Rubeola,0,boletin_pdf,0.0,0.0,0.0,0.0,False,False,False,0,False
2017,12,2017-03-20,Nuevo León,Monterrey,Sarampion,0,boletin_pdf,0.0,0.0,0.0,0.0,False,False,False,0,False
2017,13,2017-03-27,Ciudad de México,CDMX,Erisipela,12,boletin_pdf,9.5,7.54983443527075,24.5996688705415,0.33113308926626095,False,False,False,0,False
2017,13,2017-03-27,Ciudad de México,CDMX,Escarlatina,26,boletin_pdf,18.0,15.05545305418162,48.11090610836324,0.5313689313240572,False,False,False,0,False
2017,13,2017-03-27,Ciudad de México,CDMX,Rubeola,0,boletin_pdf,0.0,0.0,0.0,0.0,False,False,False,0,False
2017,13,2017-03-27,Ciudad de México,CDMX,Sarampion,0,boletin_pdf,0.0,0.0,0.0,0.0,False,False,False,0,False
2017,13,2017-03-27,Jalisco,Guadalajara,Erisipela,10,boletin_pdf,13.0,3.4641016151377544,19.928203230275507,-0.8660254037844387,False,False,False,0,False
2017,13,2017-03-27,Jalisco,Guadalajara,Escarlatina,14,boletin_pdf,5.5,6.191391873668904,17.882783747337808,1.372873850248322,False,False,False,0,False
2017,13,2017-03-27,Jalisco,Guadalajara,Rubeola,0,boletin_pdf,0.0,0.0,0.0,0.0,False,False,False,0,False
2017,13,2017-03-27,Jalisco,Guadalajara,Sarampion,0,boletin_pdf,0.0,0.0,0.0,0.0,False,False,False,0,False
2017,13,2017-03-27,Nuevo León,Monterrey,Erisipela,122,boletin_pdf,72.5,36.71057976478534,145.92115952957067,1.3483851335816528,False,False,False,0,False
2017,13,2017-03-27,Nuevo León,Monterrey,Escarlatina,8,boletin_pdf,6.0,1.632993161855452,9.265986323710905,1.224744871391589,False,False,False,0,False
2017,13,2017-03-27,Nuevo León,Monterrey,Rubeola,0,boletin_pdf,0.0,0.0,0.0,0.0,False,False,False,0,False
2017,13,2017-03-27,Nuevo León,Monterrey,Sarampion,0,boletin_pdf,0.0,0.0,0.0,0.0,False,False,False,0,False
2017,14,2017-04-03,Ciudad de México,CDMX,Erisipela,18,boletin_pdf,8.0,7.483314773547883,22.966629547095764,1.3363062095621219,False,False,False,0,False
2017,14,2017-04-03,Ciudad de México,CDMX,Escarlatina,38,boletin_pdf,19.5,15.609825965290794,50.71965193058159,1.1851509453811753,False,False,False,0,False
2017,14,2017-04-03,Ciudad de México,CDMX,Rubeola,0,boletin_pdf,0.0,0.0,0.0,0.0,False,False,False,0,False
2017,14,2017-04-03,Ciudad de México,CDMX,Sarampion,0,SEFE_pdf,0.0,0.0,0.0,0.0,False,False,False,0,False
2017,14,2017-04-03,Ciudad de México,CDMX,Sarampion,0,boletin_pdf,0.0,0.0,0.0,0.0,False,False,False,0,False
2017,14,2017-04-03,Jalisco,Guadalajara,Erisipela,16,boletin_pdf,8.0,5.887840577551898,19.775681155103797,1.3587324409735149,False,False,False,0,False
2017,14,2017-04-03,Jalisco,Guadalajara,Escarlatina,14,boletin_pdf,6.0,5.656854249492381,17.31370849898476,1.414213562373095,False,False,False,0,False
2017,14,2017-04-03,Jalisco,Guadalajara,Rubeola,0,boletin_pdf,0.0,0.0,0.0,0.0,False,False,False,0,False
2017,14,2017-04-03,Jalisco,Guadalajara,Sarampion,0,SEFE_pdf,0.0,0.0,0.0,0.0,False,False,False,0,False
2017,14,2017-04-03,Jalisco,Guadalajara,Sarampion,0,boletin_pdf,0.0,0.0,0.0,0.0,False,False,False,0,False
2017,14,2017-04-03,Nuevo León,Monterrey,Erisipela,140,boletin_pdf,92.0,33.94112549695428,159.88225099390854,1.4142135623730951,False,False,False,0,False
2017,14,2017-04-03,Nuevo León,Monterrey,Escarlatina,8,boletin_pdf,5.0,3.4641016151377544,11.928203230275509,0.8660254037844387,False,False,False,0,False
2017,14,2017-04-03,Nuevo León,Monterrey,Rubeola,0,boletin_pdf,0.0,0.0,0.0,0.0,False,False,False,0,False
2017,14,2017-04-03,Nuevo León,Monterrey,Sarampion,0,SEFE_pdf,0.0,0.0,0.0,0.0,False,False,False,0,False
2017,14,2017-04-03,Nuevo León,Monterrey,Sarampion,0,boletin_pdf,0.0,0.0,0.0,0.0,False,False,False,0,False
2017,15,2017-04-10,Ciudad de México,CDMX,Erisipela,10,boletin_pdf,13.5,18.138357147217054,49.77671429443411,-0.19296124624698996,False,False,False,0,False
2017,15,2017-04-10,Ciudad de México,CDMX,Escarlatina,24,boletin_pdf,14.5,11.0,36.5,0.8636363636363636,False,False,False,0,False
2017,15,2017-04-10,Ciudad de México,CDMX,Rubeola,0,boletin_pdf,0.0,0.0,0.0,0.0,False,False,False,0,False
2017,15,2017-04-10,Ciudad de México,CDMX,Sarampion,0,boletin_pdf,0.0,0.0,0.0,0.0,False,False,False,0,False
2017,15,2017-04-10,Jalisco,Guadalajara,Erisipela,6,boletin_pdf,9.5,4.123105625617661,17.746211251235323,-0.8488746876271654,False,False,False,0,False
2017,15,2017-04-10,Jalisco,Guadalajara,Escarlatina,6,boletin_pdf,7.0,5.773502691896258,18.547005383792516,-0.1732050807568877,False,False,False,0,False
2017,15,2017-04-10,Jalisco,Guadalajara,Rubeola,0,boletin_pdf,0.0,0.0,0.0,0.0,False,False,False,0,False
2017,15,2017-04-10,Jalisco,Guadalajara,Sarampion,0,boletin_pdf,0.0,0.0,0.0,0.0,False,False,False,0,False
2017,15,2017-04-10,Nuevo León,Monterrey,Erisipela,84,boletin_pdf,93.5,11.0,115.5,-0.8636363636363636,False,False,False,0,False
2017,15,2017-04-10,Nuevo León,Monterrey,Escarlatina,36,boletin_pdf,17.0,13.71130920080209,44.42261840160418,1.3857174192299981,False,False,False,0,False
2017,15,2017-04-10,Nuevo León,Monterrey,Rubeola,0,boletin_pdf,0.0,0.0,0.0,0.0,False,False,False,0,False
2017,15,2017-04-10,Nuevo León,Monterrey,Sarampion,0,boletin_pdf,0.0,0.0,0.0,0.0,False,False,False,0,False
2017,16,2017-04-17,Ciudad de México,CDMX,Erisipela,12,boletin_pdf,8.0,5.41602560309064,18.83205120618128,0.7385489458759964,False,False,False,0,False
2017,16,2017-04-17,Ciudad de México,CDMX,Escarlatina,32,boletin_pdf,20.0,13.856406460551018,47.712812921102035,0.8660254037844387,False,False,False,0,False
2017,16,2017-04-17,Ciudad de México,CDMX,Rubeola,0,boletin_pdf,0.0,0.0,0.0,0.0,False,False,False,0,False
2017,16,2017-04-17,Ciudad de México,CDMX,Sarampion,0,boletin_pdf,0.0,0.0,0.0,0.0,False,False,False,0,False
2017,16,2017-04-17,Jalisco,Guadalajara,Erisipela,4,boletin_pdf,8.5,6.60807586719967,21.71615173439934,-0.6809849176121797,False,False,False,0,False
2017,16,2017-04-17,Jalisco,Guadalajara,Escarlatina,6,boletin_pdf,4.0,1.632993161855452,7.265986323710904,1.224744871391589,False,False,False,0,False
2017,16,2017-04-17,Jalisco,Guadalajara,Rubeola,0,boletin_pdf,0.0,0.0,0.0,0.0,False,False,False,0,False
2017,16,2017-04-17,Jalisco,Guadalajara,Sarampion,0,boletin_pdf,0.0,0.0,0.0,0.0,False,False,False,0,False
2017,16,2017-04-17,Nuevo León,Monterrey,Erisipela,86,boletin_pdf,94.0,16.08311744241976,126.16623488483953,-0.4974160033738069,False,False,False,0,False
2017,16,2017-04-17,Nuevo León,Monterrey,Escarlatina,8,boletin_pdf,10.0,8.16496580927726,26.32993161855452,-0.2449489742783178,False,False,False,0,False
2017,16,2017-04-17,Nuevo León,Monterrey,Rubeola,0,boletin_pdf,0.0,0.0,0.0,0.0,False,False,False,0,False
2017,16,2017-04-17,Nuevo León,Monterrey,Sarampion,0,boletin_pdf,0.0,0.0,0.0,0.0,False,False,False,0,False
2017,17,2017-04-24,Ciudad de México,CDMX,Erisipela,6,boletin_pdf,10.0,8.485281374238571,26.970562748477143,-0.4714045207910316,False,False,False,0,False
2017,17,2017-04-24,Ciudad de México,CDMX,Escarlatina,24,boletin_pdf,18.5,12.583057392117917,43.66611478423583,0.4370956778314644,False,False,False,0,False
2017,17,2017-04-24,Ciudad de México,CDMX,Rubeola,0,boletin_pdf,0.0,0.0,0.0,0.0,False,False,False,0,False
2017,17,2017-04-24,Ciudad de México,CDMX,Sarampion,0,boletin_pdf,0.0,0.0,0.0,0.0,False,False,False,0,False
2017,17,2017-04-24,Jalisco,Guadalajara,Erisipela,4,boletin_pdf,9.0,6.2182527020592095,21.43650540411842,-0.8040844011283462,False,False,False,0,False
2017,17,2017-04-24,Jalisco,Guadalajara,Escarlatina,6,boletin_pdf,5.0,4.163331998932265,13.32666399786453,0.2401922307076307,False,False,False,0,False
2017,17,2017-04-24,Jalisco,Guadalajara,Rubeola,0,boletin_pdf,0.0,0.0,0.0,0.0,False,False,False,0,False
2017,17,2017-04-24,Jalisco,Guadalajara,Sarampion,0,boletin_pdf,0.0,0.0,0.0,0.0,False,False,False,0,False
2017,17,2017-04-24,Nuevo León,Monterrey,Erisipela,112,boletin_pdf,79.5,25.73583752927682,130.97167505855364,1.2628304776570156,False,False,False,0,False
2017,17,2017-04-24,Nuevo León,Monterrey,Escarlatina,6,boletin_pdf,11.0,5.291502622129181,21.583005244258363,-0.944911182523068,False,False,False,0,False
2017,17,2017-04-24,Nuevo León,Monterrey,Rubeola,0,boletin_pdf,0.0,0.0,0.0,0.0,False,False,False,0,False
2017,17,2017-04-24,Nuevo León,Monterrey,Sarampion,0,boletin_pdf,0.0,0.0,0.0,0.0,False,False,False,0,False
2017,18,2017-05-01,Ciudad de México,CDMX,Erisipela,20,boletin_pdf,10.5,8.54400374531753,27.58800749063506,1.1118908983632405,False,False,False,0,False
2017,18,2017-05-01,Ciudad de México,CDMX,Escarlatina,22,boletin_pdf,15.0,10.893423092245461,36.786846184490926,0.6425895644302098,False,False,False,0,False
2017,18,2017-05-01,Ciudad de México,CDMX,Rubeola,0,boletin_pdf,0.0,0.0,0.0,0.0,False,False,False,0,False
2017,18,2017-05-01,Ciudad de México,CDMX,Sarampion,0,SEFE_pdf,0.0,0.0,0.0,0.0,False,False,False,0,False
2017,18,2017-05-01,Ciudad de México,CDMX,Sarampion,0,boletin_pdf,0.0,0.0,0.0,0.0,False,False,False,0,False
2017,18,2017-05-01,Jalisco,Guadalajara,Erisipela,0,boletin_pdf,4.0,3.6514837167011076,11.302967433402216,-1.0954451150103321,False,False,False,0,False
2017,18,2017-05-01,Jalisco,Guadalajara,Escarlatina,12,boletin_pdf,4.0,5.656854249492381,15.313708498984761,1.414213562373095,False,False,False,0,False
2017,18,2017-05-01,Jalisco,Guadalajara,Rubeola,0,boletin_pdf,0.0,0.0,0.0,0.0,False,False,False,0,False
2017,18,2017-05-01,Jalisco,Guadalajara,Sarampion,0,SEFE_pdf,0.0,0.0,0.0,0.0,False,False,False,0,False
2017,18,2017-05-01,Jalisco,Guadalajara,Sarampion,0,boletin_pdf,0.0,0.0,0.0,0.0,False,False,False,0,False
2017,18,2017-05-01,Nuevo León,Monterrey,Erisipela,76,boletin_pdf,95.5,15.864005379054392,127.22801075810878,-1.2291977677810355,False,False,False,0,False
2017,18,2017-05-01,Nuevo León,Monterrey,Escarlatina,68,boletin_pdf,24.0,29.34848093740685,82.6969618748137,1.4992258064000403,False,True,False,1,False
2017,18,2017-05-01,Nuevo León,Monterrey,Rubeola,0,boletin_pdf,0.0,0.0,0.0,0.0,False,False,False,0,False
2017,18,2017-05-01,Nuevo León,Monterrey,Sarampion,0,SEFE_pdf,0.0,0.0,0.0,0.0,False,False,False,0,False
2017,18,2017-05-01,Nuevo León,Monterrey,Sarampion,0,boletin_pdf,0.0,0.0,0.0,0.0,False,False,False,0,False
2017,19,2017-05-08,Ciudad de México,CDMX,Erisipela,22,boletin_pdf,13.0,9.309493362512628,31.618986725025255,0.9667550799532344,False,False,False,0,False
2017,19,2017-05-08,Ciudad de México,CDMX,Escarlatina,26,boletin_pdf,18.0,12.110601416389967,42.22120283277994,0.6605782590758164,False,False,False,0,False
2017,19,2017-05-08,Ciudad de México,CDMX,Rubeola,0,boletin_pdf,0.0,0.0,0.0,0.0,False,False,False,0,False
2017,19,2017-05-08,Ciudad de México,CDMX,Sarampion,0,boletin_pdf,0.0,0.0,0.0,0.0,False,False,False,0,False
2017,19,2017-05-08,Jalisco,Guadalajara,Erisipela,2,boletin_pdf,10.0,5.887840577551898,21.775681155103797,-1.3587324409735149,False,False,False,0,False
2017,19,2017-05-08,Jalisco,Guadalajara,Escarlatina,6,boletin_pdf,6.0,3.265986323710904,12.531972647421808,0.0,False,False,False,0,False
2017,19,2017-05-08,Jalisco,Guadalajara,Rubeola,0,boletin_pdf,0.0,0.0,0.0,0.0,False,False,False,0,False
2017,19,2017-05-08,Jalisco,Guadalajara,Sarampion,0,boletin_pdf,0.0,0.0,0.0,0.0,False,False,False,0,False
2017,19,2017-05-08,Nuevo León,Monterrey,Erisipela,98,boletin_pdf,97.5,24.78574859336174,147.0714971867235,0.020172882740120784,False,False,False,0,False
2017,19,2017-05-08,Nuevo León,Monterrey,Escarlatina,22,boletin_pdf,11.5,7.187952884282608,25.875905768565218,1.46077752164453,False,True,False,1,False
2017,19,2017-05-08,Nuevo León,Monterrey,Rubeola,0,boletin_pdf,0.0,0.0,0.0,0.0,False,False,False,0,False
2017,19,2017-05-08,Nuevo León,Monterrey,Sarampion,0,boletin_pdf,0.0,0.0,0.0,0.0,False,False,False,0,False
2017,20,2017-05-15,Ciudad de México,CDMX,Erisipela,10,boletin_pdf,6.0,4.320493798938574,14.640987597877148,0.9258200997725514,False,False,False,0,False
2017,20,2017-05-15,Ciudad de México,CDMX,Escarlatina,20,boletin_pdf,19.0,13.316656236958787,45.63331247391757,0.07509392614826382,False,False,False,0,False
2017,20,2017-05-15,Ciudad de México,CDMX,Rubeola,0,boletin_pdf,0.0,0.0,0.0,0.0,False,False,False,0,False
2017,20,2017-05-15,Ciudad de México,CDMX,Sarampion,0,boletin_pdf,0.0,0.0,0.0,0.0,False,False,False,0,False
2017,20,2017-05-15,Jalisco,Guadalajara,Erisipela,8,boletin_pdf,6.0,2.8284271247461903,11.65685424949238,0.7071067811865475,False,False,False,0,False
2017,20,2017-05-15,Jalisco,Guadalajara,Escarlatina,8,boletin_pdf,143.5,276.3445916484224,696.1891832968448,-0.4903298421428453,False,False,False,0,False
2017,20,2017-05-15,Jalisco,Guadalajara,Rubeola,0,boletin_pdf,0.0,0.0,0.0,0.0,False,False,False,0,False
2017,20,2017-05-15,Jalisco,Guadalajara,Sarampion,0,boletin_pdf,0.0,0.0,0.0,0.0,False,False,False,0,False
2017,20,2017-05-15,Nuevo León,Monterrey,Erisipela,108,boletin_pdf,87.0,46.88994206294849,180.77988412589698,0.44785723923070886,False,False,False,0,False
2017,20,2017-05-15,Nuevo León,Monterrey,Escarlatina,8,boletin_pdf,172.0,324.0041152002034,820.0082304004068,-0.5061664105675441,False,False,False,0,False
2017,20,2017-05-15,Nuevo León,Monterrey,Rubeola,0,boletin_pdf,0.0,0.0,0.0,0.0,False,False,False,0,False
2017,20,2017-05-15,Nuevo León,Monterrey,Sarampion,0,boletin_pdf,0.0,0.0,0.0,0.0,False,False,False,0,False
2017,21,2017-05-22,Ciudad de México,CDMX,Erisipela,16,boletin_pdf,11.0,7.571877794400366,26.14375558880073,0.6603381797442178,False,False,False,0,False
2017,21,2017-05-22,Ciudad de México,CDMX,Escarlatina,24,boletin_pdf,13.5,10.754843869934453,35.00968773986891,0.9763042706136462,False,False,False,0,False
2017,21,2017-05-22,Ciudad de México,CDMX,Rubeola,0,boletin_pdf,0.0,0.0,0.0,0.0,False,False,False,0,False
2017,21,2017-05-22,Ciudad de México,CDMX,Sarampion,0,boletin_pdf,0.0,0.0,0.0,0.0,False,False,False,0,False
2017,21,2017-05-22,Jalisco,Guadalajara,Erisipela,4,boletin_pdf,7.5,3.415650255319866,14.331300510639732,-1.02469507659596,False,False,False,0,False
2017,21,2017-05-22,Jalisco,Guadalajara,Escarlatina,14,boletin_pdf,7.0,5.773502691896258,18.547005383792516,1.212435565298214,False,False,False,0,False
2017,21,2017-05-22,Jalisco,Guadalajara,Rubeola,0,boletin_pdf,0.0,0.0,0.0,0.0,False,False,False,0,False
2017,21,2017-05-22,Jalisco,Guadalajara,Sarampion,0,boletin_pdf,0.0,0.0,0.0,0.0,False,False,False,0,False
2017,21,2017-05-22,Nuevo León,Monterrey,Erisipela,104,boletin_pdf,107.5,5.7445626465380295,118.98912529307606,-0.6092717958449424,False,False,False,0,False
2017,21,2017-05-22,Nuevo León,Monterrey,Escarlatina,4,boletin_pdf,10.0,4.898979485566356,19.79795897113271,-1.2247448713915892,False,False,False,0,False
2017,21,2017-05-22,Nuevo León,Monterrey,Rubeola,0,boletin_pdf,0.0,0.0,0.0,0.0,False,False,False,0,False
2017,21,2017-05-22,Nuevo León,Monterrey,Sarampion,0,boletin_pdf,0.0,0.0,0.0,0.0,False,False,False,0,False
2017,22,2017-05-29,Ciudad de México,CDMX,Erisipela,18,boletin_pdf,11.0,8.717797887081348,28.435595774162696,0.8029550685469661,False,False,False,0,False
2017,22,2017-05-29,Ciudad de México,CDMX,Escarlatina,24,boletin_pdf,16.0,11.313708498984761,38.62741699796952,0.7071067811865475,False,False,False,0,False
2017,22,2017-05-29,Ciudad de México,CDMX,Rubeola,0,boletin_pdf,0.0,0.0,0.0,0.0,False,False,False,0,False
2017,22,2017-05-29,Ciudad de México,CDMX,Sarampion,0,boletin_pdf,0.0,0.0,0.0,0.0,False,False,False,0,False
2017,22,2017-05-29,Jalisco,Guadalajara,Erisipela,6,boletin_pdf,9.0,2.581988897471611,14.163977794943222,-1.161895003862225,False,False,False,0,False
2017,22,2017-05-29,Jalisco,Guadalajara,Escarlatina,8,boletin_pdf,7.5,3.415650255319866,14.331300510639732,0.14638501094227999,False,False,False,0,False
2017,22,2017-05-29,Jalisco,Guadalajara,Rubeola,0,boletin_pdf,0.0,0.0,0.0,0.0,False,False,False,0,False
2017,22,2017-05-29,Jalisco,Guadalajara,Sarampion,0,boletin_pdf,0.0,0.0,0.0,0.0,False,False,False,0,False
2017,22,2017-05-29,Nuevo León,Monterrey,Erisipela,138,boletin_pdf,125.5,13.69914839202301,152.898296784046,0.9124654790423854,False,False,False,0,False
2017,22,2017-05-29,Nuevo León,Monterrey,Escarlatina,14,boletin_pdf,14.0,4.320493798938574,22.64098759787715,0.0,False,False,False,0,False
2017,22,2017-05-29,Nuevo León,Monterrey,Rubeola,0,boletin_pdf,0.0,0.0,0.0,0.0,False,False,False,0,False
2017,22,2017-05-29,Nuevo León,Monterrey,Sarampion,0,boletin_pdf,0.0,0.0,0.0,0.0,False,False,False,0,False
2017,23,2017-06-05,Ciudad de México,CDMX,Erisipela,14,boletin_pdf,14.0,10.708252269472673,35.41650453894535,0.0,False,False,False,0,False
2017,23,2017-06-05,Ciudad de México,CDMX,Escarlatina,22,boletin_pdf,21.5,15.438048235879215,52.37609647175843,0.032387513781564785,False,False,False,0,False
2017,23,2017-06-05,Ciudad de México,CDMX,Rubeola,0,boletin_pdf,0.0,0.0,0.0,0.0,False,False,False,0,False
2017,23,2017-06-05,Ciudad de México,CDMX,Sarampion,0,SEFE_pdf,0.0,0.0,0.0,0.0,False,False,False,0,False
2017,23,2017-06-05,Ciudad de México,CDMX,Sarampion,0,boletin_pdf,0.0,0.0,0.0,0.0,False,False,False,0,False
2017,23,2017-06-05,Jalisco,Guadalajara,Erisipela,2,boletin_pdf,6.0,2.8284271247461903,11.65685424949238,-1.414213562373095,False,False,False,0,False
2017,23,2017-06-05,Jalisco,Guadalajara,Escarlatina,10,boletin_pdf,12.5,5.0,22.5,-0.5,False,False,False,0,False
2017,23,2017-06-05,Jalisco,Guadalajara,Rubeola,0,boletin_pdf,0.0,0.0,0.0,0.0,False,False,False,0,False
2017,23,2017-06-05,Jalisco,Guadalajara,Sarampion,0,SEFE_pdf,0.0,0.0,0.0,0.0,False,False,False,0,False
2017,23,2017-06-05,Jalisco,Guadalajara,Sarampion,0,boletin_pdf,0.0,0.0,0.0,0.0,False,False,False,0,False
2017,23,2017-06-05,Nuevo León,Monterrey,Erisipela,98,boletin_pdf,118.0,29.574764017091777,177.14952803418356,-0.6762522260005742,False,False,False,0,False
2017,23,2017-06-05,Nuevo León,Monterrey,Escarlatina,24,boletin_pdf,13.0,7.393691004272944,27.78738200854589,1.4877548972012633,False,True,False,1,False
2017,23,2017-06-05,Nuevo León,Monterrey,Rubeola,0,boletin_pdf,0.0,0.0,0.0,0.0,False,False,False,0,False
2017,23,2017-06-05,Nuevo León,Monterrey,Sarampion,0,SEFE_pdf,0.0,0.0,0.0,0.0,False,False,False,0,False
2017,23,2017-06-05,Nuevo León,Monterrey,Sarampion,0,boletin_pdf,0.0,0.0,0.0,0.0,False,False,False,0,False
2017,24,2017-06-12,Ciudad de México,CDMX,Erisipela,22,boletin_pdf,12.5,9.146948489341495,30.79389697868299,1.0385977368375803,False,False,False,0,False
2017,24,2017-06-12,Ciudad de México,CDMX,Escarlatina,32,boletin_pdf,26.5,18.28478420253664,63.06956840507328,0.30079654969277614,False,False,False,0,False
2017,24,2017-06-12,Ciudad de México,CDMX,Rubeola,0,boletin_pdf,0.0,0.0,0.0,0.0,False,False,False,0,False
2017,24,2017-06-12,Ciudad de México,CDMX,Sarampion,0,boletin_pdf,0.0,0.0,0.0,0.0,False,False,False,0,False
2017,24,2017-06-12,Jalisco,Guadalajara,Erisipela,20,boletin_pdf,14.5,5.972157622389639,26.444315244779276,0.9209401941068136,False,False,False,0,False
2017,24,2017-06-12,Jalisco,Guadalajara,Escarlatina,6,boletin_pdf,8.5,5.0,18.5,-0.5,False,False,False,0,False
2017,24,2017-06-12,Jalisco,Guadalajara,Rubeola,0,boletin_pdf,0.0,0.0,0.0,0.0,False,False,False,0,False
2017,24,2017-06-12,Jalisco,Guadalajara,Sarampion,0,boletin_pdf,0.0,0.0,0.0,0.0,False,False,False,0,False
2017,24,2017-06-12,Nuevo León,Monterrey,Erisipela,112,boletin_pdf,117.5,11.0,139.5,-0.5,False,False,False,0,False
2017,24,2017-06-12,Nuevo León,Monterrey,Escarlatina,4,boletin_pdf,5.5,1.9148542155126762,9.329708431025352,-0.7833494518006403,False,False,False,0,False
2017,24,2017-06-12,Nuevo León,Monterrey,Rubeola,0,boletin_pdf,0.0,0.0,0.0,0.0,False,False,False,0,False
2017,24,2017-06-12,Nuevo León,Monterrey,Sarampion,0,boletin_pdf,0.0,0.0,0.0,0.0,False,False,False,0,False
2017,25,2017-06-19,Ciudad de México,CDMX,Erisipela,12,boletin_pdf,13.0,10.0,33.0,-0.1,False,False,False,0,False
2017,25,2017-06-19,Ciudad de México,CDMX,Escarlatina,32,boletin_pdf,24.0,16.0,56.0,0.5,False,False,False,0,False
2017,25,2017-06-19,Ciudad de México,CDMX,Rubeola,0,boletin_pdf,0.0,0.0,0.0,0.0,False,False,False,0,False
2017,25,2017-06-19,Ciudad de México,CDMX,Sarampion,0,boletin_pdf,0.0,0.0,0.0,0.0,False,False,False,0,False
2017,25,2017-06-19,Jalisco,Guadalajara,Erisipela,14,boletin_pdf,12.5,3.0,18.5,0.5,False,False,False,0,False
2017,25,2017-06-19,Jalisco,Guadalajara,Escarlatina,8,boletin_pdf,7.0,4.163331998932265,15.32666399786453,0.2401922307076307,False,False,False,0,False
2017,25,2017-06-19,Jalisco,Guadalajara,Rubeola,0,boletin_pdf,0.0,0.0,0.0,0.0,False,False,False,0,False
2017,25,2017-06-19,Jalisco,Guadalajara,Sarampion,0,boletin_pdf,0.0,0.0,0.0,0.0,False,False,False,0,False
2017,25,2017-06-19,Nuevo León,Monterrey,Erisipela,170,boletin_pdf,145.0,22.538855339169285,190.07771067833858,1.1091956367701425,False,False,False,0,False
2017,25,2017-06-19,Nuevo León,Monterrey,Escarlatina,20,boletin_pdf,17.5,6.8068592855540455,31.11371857110809,0.36727658015579384,False,False,False,0,False
2017,25,2017-06-19,Nuevo León,Monterrey,Rubeola,0,boletin_pdf,0.0,0.0,0.0,0.0,False,False,False,0,False
2017,25,2017-06-19,Nuevo León,Monterrey,Sarampion,0,boletin_pdf,0.0,0.0,0.0,0.0,False,False,False,0,False
2017,26,2017-06-26,Ciudad de México,CDMX,Erisipela,8,boletin_pdf,9.0,7.393691004272944,23.78738200854589,-0.13525044520011487,False,False,False,0,False
2017,26,2017-06-26,Ciudad de México,CDMX,Escarlatina,32,boletin_pdf,17.5,13.403979508588733,44.30795901717747,1.0817682905818367,False,False,False,0,False
2017,26,2017-06-26,Ciudad de México,CDMX,Rubeola,0,boletin_pdf,0.0,0.0,0.0,0.0,False,False,False,0,False
2017,26,2017-06-26,Ciudad de México,CDMX,Sarampion,0,boletin_pdf,0.0,0.0,0.0,0.0,False,False,False,0,False
2017,26,2017-06-26,Jalisco,Guadalajara,Erisipela,10,boletin_pdf,12.0,4.320493798938574,20.64098759787715,-0.4629100498862757,False,False,False,0,False
2017,26,2017-06-26,Jalisco,Guadalajara,Escarlatina,8,boletin_pdf,4.5,3.415650255319866,11.331300510639732,1.02469507659596,False,False,False,0,False
2017,26,2017-06-26,Jalisco,Guadalajara,Rubeola,0,boletin_pdf,0.0,0.0,0.0,0.0,False,False,False,0,False
2017,26,2017-06-26,Jalisco,Guadalajara,Sarampion,0,boletin_pdf,0.0,0.0,0.0,0.0,False,False,False,0,False
2017,26,2017-06-26,Nuevo León,Monterrey,Erisipela,130,boletin_pdf,125.5,21.06339637063944,167.62679274127888,0.2136407595819928,False,False,False,0,False
2017,26,2017-06-26,Nuevo León,Monterrey,Escarlatina,18,boletin_pdf,11.5,5.507570547286102,22.515141094572204,1.1801936887041646,False,False,False,0,False
2017,26,2017-06-26,Nuevo León,Monterrey,Rubeola,0,boletin_pdf,0.0,0.0,0.0,0.0,False,False,False,0,False
2017,26,2017-06-26,Nuevo León,Monterrey,Sarampion,0,boletin_pdf,0.0,0.0,0.0,0.0,False,False,False,0,False
2017,27,2017-07-03,Ciudad de México,CDMX,Erisipela,18,boletin_pdf,12.0,8.48528137423857,28.97056274847714,0.7071067811865476,False,False,False,0,False
2017,27,2017-07-03,Ciudad de México,CDMX,Escarlatina,18,boletin_pdf,13.0,10.392304845413264,33.78460969082653,0.4811252243246881,False,False,False,0,False
2017,27,2017-07-03,Ciudad de México,CDMX,Rubeola,0,boletin_pdf,0.0,0.0,0.0,0.0,False,False,False,0,False
2017,27,2017-07-03,Ciudad de México,CDMX,Sarampion,0,SEFE_pdf,0.0,0.0,0.0,0.0,False,False,False,0,False
2017,27,2017-07-03,Ciudad de México,CDMX,Sarampion,0,boletin_pdf,0.0,0.0,0.0,0.0,False,False,False,0,False
2017,27,2017-07-03,Jalisco,Guadalajara,Erisipela,14,boletin_pdf,12.5,5.744562646538029,23.989125293076057,0.26111648393354675,False,False,False,0,False
2017,27,2017-07-03,Jalisco,Guadalajara,Escarlatina,0,boletin_pdf,4.5,6.60807586719967,17.71615173439934,-0.6809849176121797,False,False,False,0,False
2017,27,2017-07-03,Jalisco,Guadalajara,Rubeola,0,boletin_pdf,0.0,0.0,0.0,0.0,False,False,False,0,False
2017,27,2017-07-03,Jalisco,Guadalajara,Sarampion,0,SEFE_pdf,0.0,0.0,0.0,0.0,False,False,False,0,False
2017,27,2017-07-03,Jalisco,Guadalajara,Sarampion,0,boletin_pdf,0.0,0.0,0.0,0.0,False,False,False,0,False
2017,27,2017-07-03,Nuevo León,Monterrey,Erisipela,118,boletin_pdf,117.5,12.041594578792296,141.5831891575846,0.041522739926869986,False,False,False,0,False
2017,27,2017-07-03,Nuevo León,Monterrey,Escarlatina,24,boletin_pdf,12.0,8.16496580927726,28.32993161855452,1.4696938456699067,False,True,False,1,False
2017,27,2017-07-03,Nuevo León,Monterrey,Rubeola,0,boletin_pdf,0.0,0.0,0.0,0.0,False,False,False,0,False
2017,27,2017-07-03,Nuevo León,Monterrey,Sarampion,0,SEFE_pdf,0.0,0.0,0.0,0.0,False,False,False,0,False
2017,27,2017-07-03,Nuevo León,Monterrey,Sarampion,0,boletin_pdf,0.0,0.0,0.0,0.0,False,False,False,0,False
2017,28,2017-07-10,Ciudad de México,CDMX,Erisipela,10,boletin_pdf,8.5,5.972157622389639,20.444315244779276,0.25116550748367644,False,False,False,0,False
2017,28,2017-07-10,Ciudad de México,CDMX,Escarlatina,16,boletin_pdf,11.5,7.724420150837646,26.94884030167529,0.582568000202839,False,False,False,0,False
2017,28,2017-07-10,Ciudad de México,CDMX,Rubeola,0,boletin_pdf,0.0,0.0,0.0,0.0,False,False,False,0,False
2017,28,2017-07-10,Ciudad de México,CDMX,Sarampion,0,boletin_pdf,0.0,0.0,0.0,0.0,False,False,False,0,False
2017,28,2017-07-10,Jalisco,Guadalajara,Erisipela,18,boletin_pdf,11.5,4.43471156521669,20.369423130433383,1.4657097546055162,False,True,False,1,False
2017,28,2017-07-10,Jalisco,Guadalajara,Escarlatina,2,boletin_pdf,5.0,3.4641016151377544,11.928203230275509,-0.8660254037844387,False,False,False,0,False
2017,28,2017-07-10,Jalisco,Guadalajara,Rubeola,0,boletin_pdf,0.0,0.0,0.0,0.0,False,False,False,0,False
2017,28,2017-07-10,Jalisco,Guadalajara,Sarampion,0,boletin_pdf,0.0,0.0,0.0,0.0,False,False,False,0,False
2017,28,2017-07-10,Nuevo León,Monterrey,Erisipela,122,boletin_pdf,112.0,20.720360357226735,153.44072071445348,0.4826170890658402,False,False,False,0,False
2017,28,2017-07-10,Nuevo León,Monterrey,Escarlatina,18,boletin_pdf,9.5,7.724420150837645,24.94884030167529,1.1004062226053628,False,False,False,0,False
2017,28,2017-07-10,Nuevo León,Monterrey,Rubeola,0,boletin_pdf,0.0,0.0,0.0,0.0,False,False,False,0,False
2017,28,2017-07-10,Nuevo León,Monterrey,Sarampion,0,boletin_pdf,0.0,0.0,0.0,0.0,False,False,False,0,False
2017,29,2017-07-17,Ciudad de México,CDMX,Erisipela,10,boletin_pdf,10.5,7.724420150837646,25.94884030167529,-0.06472977780031546,False,False,False,0,False
2017,29,2017-07-17,Ciudad de México,CDMX,Escarlatina,26,boletin_pdf,18.0,12.328828005937952,42.6576560118759,0.6488856845230502,False,False,False,0,False
2017,29,2017-07-17,Ciudad de México,CDMX,Rubeola,0,boletin_pdf,0.0,0.0,0.0,0.0,False,False,False,0,False
2017,29,2017-07-17,Ciudad de México,CDMX,Sarampion,0,boletin_pdf,0.0,0.0,0.0,0.0,False,False,False,0,False
2017,29,2017-07-17,Jalisco,Guadalajara,Erisipela,4,boletin_pdf,5.0,2.0,9.0,-0.5,False,False,False,0,False
2017,29,2017-07-17,Jalisco,Guadalajara,Escarlatina,10,boletin_pdf,4.5,5.259911279353167,15.019822558706334,1.0456450133653885,False,False,False,0,False
2017,29,2017-07-17,Jalisco,Guadalajara,Rubeola,0,boletin_pdf,0.0,0.0,0.0,0.0,False,False,False,0,False
2017,29,2017-07-17,Jalisco,Guadalajara,Sarampion,0,boletin_pdf,0.0,0.0,0.0,0.0,False,False,False,0,False
2017,29,2017-07-17,Nuevo León,Monterrey,Erisipela,126,boletin_pdf,114.0,9.380831519646858,132.76166303929372,1.2792042981336629,False,False,False,0,False
2017,29,2017-07-17,Nuevo León,Monterrey,Escarlatina,18,boletin_pdf,9.5,5.972157622389639,21.444315244779276,1.4232712090741664,False,True,False,1,False
2017,29,2017-07-17,Nuevo León,Monterrey,Rubeola,0,boletin_pdf,0.0,0.0,0.0,0.0,False,False,False,0,False
2017,29,2017-07-17,Nuevo León,Monterrey,Sarampion,0,boletin_pdf,0.0,0.0,0.0,0.0,False,False,False,0,False
2017,30,2017-07-24,Ciudad de México,CDMX,Erisipela,2,boletin_pdf,6.0,6.324555320336759,18.64911064067352,-0.6324555320336759,False,False,False,0,False
2017,30,2017-07-24,Ciudad de México,CDMX,Escarlatina,18,boletin_pdf,9.0,7.393691004272944,23.78738200854589,1.2172540068010336,False,False,False,0,False
2017,30,2017-07-24,Ciudad de México,CDMX,Rubeola,0,boletin_pdf,0.0,0.0,0.0,0.0,False,False,False,0,False
2017,30,2017-07-24,Ciudad de México,CDMX,Sarampion,0,boletin_pdf,0.0,0.0,0.0,0.0,False,False,False,0,False
2017,30,2017-07-24,Jalisco,Guadalajara,Erisipela,6,boletin_pdf,8.5,4.123105625617661,16.746211251235323,-0.6063390625908325,False,False,False,0,False
2017,30,2017-07-24,Jalisco,Guadalajara,Escarlatina,10,boletin_pdf,9.0,2.0,13.0,0.5,False,False,False,0,False
2017,30,2017-07-24,Jalisco,Guadalajara,Rubeola,0,boletin_pdf,0.0,0.0,0.0,0.0,False,False,False,0,False
2017,30,2017-07-24,Jalisco,Guadalajara,Sarampion,0,boletin_pdf,0.0,0.0,0.0,0.0,False,False,False,0,False
2017,30,2017-07-24,Nuevo León,Monterrey,Erisipela,120,boletin_pdf,121.0,12.055427546683415,145.11085509336684,-0.08295018954139967,False,False,False,0,False
2017,30,2017-07-24,Nuevo León,Monterrey,Escarlatina,6,boletin_pdf,4.5,1.914854215512676,8.329708431025352,0.7833494518006404,False,False,False,0,False
2017,30,2017-07-24,Nuevo León,Monterrey,Rubeola,0,boletin_pdf,0.0,0.0,0.0,0.0,False,False,False,0,False
2017,30,2017-07-24,Nuevo León,Monterrey,Sarampion,0,boletin_pdf,0.0,0.0,0.0,0.0,False,False,False,0,False
2017,31,2017-07-31,Ciudad de México,CDMX,Erisipela,12,boletin_pdf,9.0,6.2182527020592095,21.43650540411842,0.4824506406770077,False,False,False,0,False
2017,31,2017-07-31,Ciudad de México,CDMX,Escarlatina,14,boletin_pdf,10.5,7.724420150837646,25.94884030167529,0.45310844460220817,False,False,False,0,False
2017,31,2017-07-31,Ciudad de México,CDMX,Rubeola,0,boletin_pdf,0.0,0.0,0.0,0.0,False,False,False,0,False
2017,31,2017-07-31,Ciudad de México,CDMX,Sarampion,0,SEFE_pdf,0.0,0.0,0.0,0.0,False,False,False,0,False
2017,31,2017-07-31,Ciudad de México,CDMX,Sarampion,0,boletin_pdf,0.0,0.0,0.0,0.0,False,False,False,0,False
2017,31,2017-07-31,Jalisco,Guadalajara,Erisipela,6,boletin_pdf,9.5,6.191391873668904,21.882783747337808,-0.5653009971610737,False,False,False,0,False
2017,31,2017-07-31,Jalisco,Guadalajara,Escarlatina,12,boletin_pdf,5.5,4.43471156521669,14.36942313043338,1.4657097546055162,False,True,False,1,False
2017,31,2017-07-31,Jalisco,Guadalajara,Rubeola,0,boletin_pdf,0.0,0.0,0.0,0.0,False,False,False,0,False
2017,31,2017-07-31,Jalisco,Guadalajara,Sarampion,0,SEFE_pdf,0.0,0.0,0.0,0.0,False,False,False,0,False
2017,31,2017-07-31,Jalisco,Guadalajara,Sarampion,0,boletin_pdf,0.0,0.0,0.0,0.0,False,False,False,0,False
2017,31,2017-07-31,Nuevo León,Monterrey,Erisipela,102,boletin_pdf,107.5,16.11417595369576,139.72835190739153,-0.34131438156095,False,False,False,0,False
2017,31,2017-07-31,Nuevo León,Monterrey,Escarlatina,4,boletin_pdf,3.5,2.5166114784235836,8.533222956847167,0.19867985355975654,False,False,False,0,False
2017,31,2017-07-31,Nuevo León,Monterrey,Rubeola,0,boletin_pdf,0.0,0.0,0.0,0.0,False,False,False,0,False
2017,31,2017-07-31,Nuevo León,Monterrey,Sarampion,0,SEFE_pdf,0.0,0.0,0.0,0.0,False,False,False,0,False
2017,31,2017-07-31,Nuevo León,Monterrey,Sarampion,0,boletin_pdf,0.0,0.0,0.0,0.0,False,False,False,0,False
2017,32,2017-08-07,Ciudad de México,CDMX,Erisipela,18,boletin_pdf,8.0,7.483314773547883,22.966629547095764,1.3363062095621219,False,False,False,0,False
2017,32,2017-08-07,Ciudad de México,CDMX,Escarlatina,24,boletin_pdf,14.5,11.704699910719626,37.90939982143925,0.8116397748309229,False,False,False,0,False
2017,32,2017-08-07,Ciudad de México,CDMX,Rubeola,0,boletin_pdf,0.0,0.0,0.0,0.0,False,False,False,0,False
2017,32,2017-08-07,Ciudad de México,CDMX,Sarampion,0,boletin_pdf,0.0,0.0,0.0,0.0,False,False,False,0,False
2017,32,2017-08-07,Jalisco,Guadalajara,Erisipela,12,boletin_pdf,11.0,5.033222956847167,21.066445913694334,0.19867985355975654,False,False,False,0,False
2017,32,2017-08-07,Jalisco,Guadalajara,Escarlatina,10,boletin_pdf,7.0,3.4641016151377544,13.928203230275509,0.8660254037844387,False,False,False,0,False
2017,32,2017-08-07,Jalisco,Guadalajara,Rubeola,0,boletin_pdf,0.0,0.0,0.0,0.0,False,False,False,0,False
2017,32,2017-08-07,Jalisco,Guadalajara,Sarampion,0,boletin_pdf,0.0,0.0,0.0,0.0,False,False,False,0,False
2017,32,2017-08-07,Nuevo León,Monterrey,Erisipela,140,boletin_pdf,116.0,16.32993161855452,148.65986323710905,1.4696938456699067,False,True,False,1,False
2017,32,2017-08-07,Nuevo León,Monterrey,Escarlatina,6,boletin_pdf,6.0,1.632993161855452,9.265986323710905,0.0,False,False,False,0,False
2017,32,2017-08-07,Nuevo León,Monterrey,Rubeola,0,boletin_pdf,0.0,0.0,0.0,0.0,False,False,False,0,False
2017,32,2017-08-07,Nuevo León,Monterrey,Sarampion,0,boletin_pdf,0.0,0.0,0.0,0.0,False,False,False,0,False
2017,33,2017-08-14,Ciudad de México,CDMX,Erisipela,12,boletin_pdf,10.0,6.928203230275509,23.856406460551018,0.2886751345948129,False,False,False,0,False
2017,33,2017-08-14,Ciudad de México,CDMX,Escarlatina,24,boletin_pdf,11.0,10.0,31.0,1.3,False,False,False,0,False
2017,33,2017-08-14,Ciudad de México,CDMX,Rubeola,0,boletin_pdf,0.0,0.0,0.0,0.0,False,False,False,0,False
2017,33,2017-08-14,Ciudad de México,CDMX,Sarampion,0,boletin_pdf,0.0,0.0,0.0,0.0,False,False,False,0,False
2017,33,2017-08-14,Jalisco,Guadalajara,Erisipela,10,boletin_pdf,7.5,1.9148542155126762,11.329708431025352,1.3055824196677337,False,False,False,0,False
2017,33,2017-08-14,Jalisco,Guadalajara,Escarlatina,8,boletin_pdf,4.0,3.265986323710904,10.531972647421808,1.224744871391589,False,False,False,0,False
2017,33,2017-08-14,Jalisco,Guadalajara,Rubeola,0,boletin_pdf,0.0,0.0,0.0,0.0,False,False,False,0,False
2017,33,2017-08-14,Jalisco,Guadalajara,Sarampion,0,boletin_pdf,0.0,0.0,0.0,0.0,False,False,False,0,False
2017,33,2017-08-14,Nuevo León,Monterrey,Erisipela,90,boletin_pdf,112.0,27.80887148615228,167.61774297230457,-0.7911144474508838,False,False,False,0,False
2017,33,2017-08-14,Nuevo León,Monterrey,Escarlatina,0,boletin_pdf,0.5,1.0,2.5,-0.5,False,False,False,0,False
2017,33,2017-08-14,Nuevo León,Monterrey,Rubeola,0,boletin_pdf,0.0,0.0,0.0,0.0,False,False,False,0,False
2017,33,2017-08-14,Nuevo León,Monterrey,Sarampion,0,boletin_pdf,0.0,0.0,0.0,0.0,False,False,False,0,False
2017,34,2017-08-21,Ciudad de México,CDMX,Erisipela,4,boletin_pdf,7.0,6.2182527020592095,19.43650540411842,-0.4824506406770077,False,False,False,0,False
2017,34,2017-08-21,Ciudad de México,CDMX,Escarlatina,10,boletin_pdf,9.0,6.6332495807108,22.2664991614216,0.15075567228888181,False,False,False,0,False
2017,34,2017-08-21,Ciudad de México,CDMX,Rubeola,0,boletin_pdf,0.0,0.0,0.0,0.0,False,False,False,0,False
2017,34,2017-08-21,Ciudad de México,CDMX,Sarampion,0,boletin_pdf,0.0,0.0,0.0,0.0,False,False,False,0,False
2017,34,2017-08-21,Jalisco,Guadalajara,Erisipela,4,boletin_pdf,5.5,5.0,15.5,-0.3,False,False,False,0,False
2017,34,2017-08-21,Jalisco,Guadalajara,Escarlatina,2,boletin_pdf,5.0,4.760952285695232,14.521904571390465,-0.6301260378126046,False,False,False,0,False
2017,34,2017-08-21,Jalisco,Guadalajara,Rubeola,0,boletin_pdf,0.0,0.0,0.0,0.0,False,False,False,0,False
2017,34,2017-08-21,Jalisco,Guadalajara,Sarampion,0,boletin_pdf,0.0,0.0,0.0,0.0,False,False,False,0,False
2017,34,2017-08-21,Nuevo León,Monterrey,Erisipela,124,boletin_pdf,117.0,19.493588689617926,155.98717737923585,0.35909242322980395,False,False,False,0,False
2017,34,2017-08-21,Nuevo León,Monterrey,Escarlatina,2,boletin_pdf,6.0,2.8284271247461903,11.65685424949238,-1.414213562373095,False,False,False,0,False
2017,34,2017-08-21,Nuevo León,Monterrey,Rubeola,0,boletin_pdf,0.0,0.0,0.0,0.0,False,False,False,0,False
2017,34,2017-08-21,Nuevo León,Monterrey,Sarampion,0,boletin_pdf,0.0,0.0,0.0,0.0,False,False,False,0,False
2017,35,2017-08-28,Ciudad de México,CDMX,Erisipela,8,boletin_pdf,9.5,7.54983443527075,24.5996688705415,-0.19867985355975656,False,False,False,0,False
2017,35,2017-08-28,Ciudad de México,CDMX,Escarlatina,20,boletin_pdf,9.0,9.591663046625438,28.183326093250876,1.1468292773139113,False,False,False,0,False
2017,35,2017-08-28,Ciudad de México,CDMX,Rubeola,0,boletin_pdf,0.0,0.0,0.0,0.0,False,False,False,0,False
2017,35,2017-08-28,Ciudad de México,CDMX,Sarampion,0,boletin_pdf,0.0,0.0,0.0,0.0,False,False,False,0,False
2017,35,2017-08-28,Jalisco,Guadalajara,Erisipela,16,boletin_pdf,9.5,4.725815626252608,18.951631252505216,1.3754239509242667,False,False,False,0,False
2017,35,2017-08-28,Jalisco,Guadalajara,Escarlatina,4,boletin_pdf,6.0,2.309401076758503,10.618802153517006,-0.8660254037844387,False,False,False,0,False
2017,35,2017-08-28,Jalisco,Guadalajara,Rubeola,0,boletin_pdf,0.0,0.0,0.0,0.0,False,False,False,0,False
2017,35,2017-08-28,Jalisco,Guadalajara,Sarampion,0,boletin_pdf,0.0,0.0,0.0,0.0,False,False,False,0,False
2017,35,2017-08-28,Nuevo León,Monterrey,Erisipela,106,boletin_pdf,114.0,19.6638416050035,153.327683210007,-0.4068381021724862,False,False,False,0,False
2017,35,2017-08-28,Nuevo León,Monterrey,Escarlatina,0,boletin_pdf,6.5,5.0,16.5,-1.3,False,False,False,0,False
2017,35,2017-08-28,Nuevo León,Monterrey,Rubeola,0,boletin_pdf,0.0,0.0,0.0,0.0,False,False,False,0,False
2017,35,2017-08-28,Nuevo León,Monterrey,Sarampion,0,boletin_pdf,0.0,0.0,0.0,0.0,False,False,False,0,False
2017,36,2017-09-04,Ciudad de México,CDMX,Erisipela,16,boletin_pdf,10.0,7.118052168020874,24.23610433604175,0.8429272304235246,False,False,False,0,False
2017,36,2017-09-04,Ciudad de México,CDMX,Escarlatina,16,boletin_pdf,7.0,6.831300510639732,20.662601021279464,1.3174650984805198,False,False,False,0,False
2017,36,2017-09-04,Ciudad de México,CDMX,Rubeola,0,boletin_pdf,0.0,0.0,0.0,0.0,False,False,False,0,False
2017,36,2017-09-04,Ciudad de México,CDMX,Sarampion,0,SEFE_pdf,0.0,0.0,0.0,0.0,False,False,False,0,False
2017,36,2017-09-04,Ciudad de México,CDMX,Sarampion,0,boletin_pdf,0.0,0.0,0.0,0.0,False,False,False,0,False
2017,36,2017-09-04,Jalisco,Guadalajara,Erisipela,18,boletin_pdf,7.5,7.187952884282608,21.875905768565218,1.46077752164453,False,True,False,1,False
2017,36,2017-09-04,Jalisco,Guadalajara,Escarlatina,4,boletin_pdf,6.0,5.163977794943222,16.327955589886443,-0.3872983346207417,False,False,False,0,False
2017,36,2017-09-04,Jalisco,Guadalajara,Rubeola,0,boletin_pdf,0.0,0.0,0.0,0.0,False,False,False,0,False
2017,36,2017-09-04,Jalisco,Guadalajara,Sarampion,0,SEFE_pdf,0.0,0.0,0.0,0.0,False,False,False,0,False
2017,36,2017-09-04,Jalisco,Guadalajara,Sarampion,0,boletin_pdf,0.0,0.0,0.0,0.0,False,False,False,0,False
2017,36,2017-09-04,Nuevo León,Monterrey,Erisipela,114,boletin_pdf,107.0,20.165977949672232,147.33195589934445,0.3471192925763253,False,False,False,0,False
2017,36,2017-09-04,Nuevo León,Monterrey,Escarlatina,2,boletin_pdf,6.5,5.259911279353167,17.019822558706334,-0.8555277382080452,False,False,False,0,False
2017,36,2017-09-04,Nuevo León,Monterrey,Rubeola,0,boletin_pdf,0.0,0.0,0.0,0.0,False,False,False,0,False
2017,36,2017-09-04,Nuevo León,Monterrey,Sarampion,0,SEFE_pdf,0.0,0.0,0.0,0.0,False,False,False,0,False
2017,36,2017-09-04,Nuevo León,Monterrey,Sarampion,0,boletin_pdf,0.0,0.0,0.0,0.0,False,False,False,0,False
2017,37,2017-09-11,Ciudad de México,CDMX,Erisipela,16,boletin_pdf,12.5,8.386497083606082,29.272994167212165,0.41733753259651124,False,False,False,0,False
2017,37,2017-09-11,Ciudad de México,CDMX,Escarlatina,12,boletin_pdf,10.5,8.225975119502044,26.951950239004088,0.18234920215644926,False,False,False,0,False
2017,37,2017-09-11,Ciudad de México,CDMX,Rubeola,0,boletin_pdf,0.0,0.0,0.0,0.0,False,False,False,0,False
2017,37,2017-09-11,Ciudad de México,CDMX,Sarampion,0,boletin_pdf,0.0,0.0,0.0,0.0,False,False,False,0,False
2017,37,2017-09-11,Jalisco,Guadalajara,Erisipela,16,boletin_pdf,9.5,5.0,19.5,1.3,False,False,False,0,False
2017,37,2017-09-11,Jalisco,Guadalajara,Escarlatina,6,boletin_pdf,8.5,6.403124237432849,21.306248474865697,-0.39043440472151514,False,False,False,0,False
2017,37,2017-09-11,Jalisco,Guadalajara,Rubeola,0,boletin_pdf,0.0,0.0,0.0,0.0,False,False,False,0,False
2017,37,2017-09-11,Jalisco,Guadalajara,Sarampion,0,boletin_pdf,0.0,0.0,0.0,0.0,False,False,False,0,False
2017,37,2017-09-11,Nuevo León,Monterrey,Erisipela,94,boletin_pdf,100.0,17.73884626086676,135.47769252173353,-0.338240712601273,False,False,False,0,False
2017,37,2017-09-11,Nuevo León,Monterrey,Escarlatina,4,boletin_pdf,4.5,1.0,6.5,-0.5,False,False,False,0,False
2017,37,2017-09-11,Nuevo León,Monterrey,Rubeola,0,boletin_pdf,0.0,0.0,0.0,0.0,False,False,False,0,False
2017,37,2017-09-11,Nuevo León,Monterrey,Sarampion,0,boletin_pdf,0.0,0.0,0.0,0.0,False,False,False,0,False
2017,38,2017-09-18,Ciudad de México,CDMX,Erisipela,4,boletin_pdf,10.0,10.583005244258363,31.166010488516726,-0.5669467095138409,False,False,False,0,False
2017,38,2017-09-18,Ciudad de México,CDMX,Escarlatina,4,boletin_pdf,6.5,5.972157622389639,18.444315244779276,-0.4186091791394607,False,False,False,0,False
2017,38,2017-09-18,Ciudad de México,CDMX,Rubeola,0,boletin_pdf,0.0,0.0,0.0,0.0,False,False,False,0,False
2017,38,2017-09-18,Ciudad de México,CDMX,Sarampion,0,boletin_pdf,0.0,0.0,0.0,0.0,False,False,False,0,False
2017,38,2017-09-18,Jalisco,Guadalajara,Erisipela,8,boletin_pdf,7.5,2.516611478423583,12.533222956847165,0.1986798535597566,False,False,False,0,False
2017,38,2017-09-18,Jalisco,Guadalajara,Escarlatina,18,boletin_pdf,10.0,5.656854249492381,21.31370849898476,1.414213562373095,False,False,False,0,False
2017,38,2017-09-18,Jalisco,Guadalajara,Rubeola,0,boletin_pdf,0.0,0.0,0.0,0.0,False,False,False,0,False
2017,38,2017-09-18,Jalisco,Guadalajara,Sarampion,0,boletin_pdf,0.0,0.0,0.0,0.0,False,False,False,0,False
2017,38,2017-09-18,Nuevo León,Monterrey,Erisipela,100,boletin_pdf,98.0,4.320493798938572,106.64098759787714,0.4629100498862759,False,False,False,0,False
2017,38,2017-09-18,Nuevo León,Monterrey,Escarlatina,2,boletin_pdf,9.0,6.0,21.0,-1.1666666666666667,False,False,False,0,False
2017,38,2017-09-18,Nuevo León,Monterrey,Rubeola,0,boletin_pdf,0.0,0.0,0.0,0.0,False,False,False,0,False
2017,38,2017-09-18,Nuevo León,Monterrey,Sarampion,0,boletin_pdf,0.0,0.0,0.0,0.0,False,False,False,0,False
2017,39,2017-09-25,Ciudad de México,CDMX,Erisipela,12,boletin_pdf,12.0,10.708252269472673,33.41650453894535,0.0,False,False,False,0,False
2017,39,2017-09-25,Ciudad de México,CDMX,Escarlatina,6,boletin_pdf,9.5,8.06225774829855,25.6245154965971,-0.43412157106222965,False,False,False,0,False
2017,39,2017-09-25,Ciudad de México,CDMX,Rubeola,0,boletin_pdf,0.0,0.0,0.0,0.0,False,False,False,0,False
2017,39,2017-09-25,Ciudad de México,CDMX,Sarampion,0,boletin_pdf,0.0,0.0,0.0,0.0,False,False,False,0,False
2017,39,2017-09-25,Jalisco,Guadalajara,Erisipela,18,boletin_pdf,9.0,8.406346808612328,25.812693617224657,1.0706196407194946,False,False,False,0,False
2017,39,2017-09-25,Jalisco,Guadalajara,Escarlatina,6,boletin_pdf,5.0,3.8297084310253524,12.659416862050705,0.26111648393354675,False,False,False,0,False
2017,39,2017-09-25,Jalisco,Guadalajara,Rubeola,0,boletin_pdf,0.0,0.0,0.0,0.0,False,False,False,0,False
2017,39,2017-09-25,Jalisco,Guadalajara,Sarampion,0,boletin_pdf,0.0,0.0,0.0,0.0,False,False,False,0,False
2017,39,2017-09-25,Nuevo León,Monterrey,Erisipela,124,boletin_pdf,123.5,10.630145812734648,144.7602916254693,0.04703604341917987,False,False,False,0,False
2017,39,2017-09-25,Nuevo León,Monterrey,Escarlatina,6,boletin_pdf,10.5,9.146948489341495,28.79389697868299,-0.49196734902832745,False,False,False,0,False
2017,39,2017-09-25,Nuevo León,Monterrey,Rubeola,0,boletin_pdf,0.0,0.0,0.0,0.0,False,False,False,0,False
2017,39,2017-09-25,Nuevo León,Monterrey,Sarampion,0,boletin_pdf,0.0,0.0,0.0,0.0,False,False,False,0,False
2017,40,2017-10-02,Ciudad de México,CDMX,Erisipela,14,boletin_pdf,10.0,7.118052168020874,24.23610433604175,0.5619514869490164,False,False,False,0,False
2017,40,2017-10-02,Ciudad de México,CDMX,Escarlatina,4,boletin_pdf,14.0,14.787382008545888,43.57476401709178,-0.6762522260005742,False,False,False,0,False
2017,40,2017-10-02,Ciudad de México,CDMX,Rubeola,0,boletin_pdf,0.0,0.0,0.0,0.0,False,False,False,0,False
2017,40,2017-10-02,Ciudad de México,CDMX,Sarampion,0,SEFE_pdf,0.0,0.0,0.0,0.0,False,False,False,0,False
2017,40,2017-10-02,Ciudad de México,CDMX,Sarampion,0,boletin_pdf,0.0,0.0,0.0,0.0,False,False,False,0,False
2017,40,2017-10-02,Jalisco,Guadalajara,Erisipela,10,boletin_pdf,9.5,1.9148542155126762,13.329708431025352,0.26111648393354675,False,False,False,0,False
2017,40,2017-10-02,Jalisco,Guadalajara,Escarlatina,12,boletin_pdf,9.0,3.4641016151377544,15.928203230275509,0.8660254037844387,False,False,False,0,False
2017,40,2017-10-02,Jalisco,Guadalajara,Rubeola,0,boletin_pdf,0.0,0.0,0.0,0.0,False,False,False,0,False
2017,40,2017-10-02,Jalisco,Guadalajara,Sarampion,0,SEFE_pdf,0.0,0.0,0.0,0.0,False,False,False,0,False
2017,40,2017-10-02,Jalisco,Guadalajara,Sarampion,0,boletin_pdf,0.0,0.0,0.0,0.0,False,False,False,0,False
2017,40,2017-10-02,Nuevo León,Monterrey,Erisipela,88,boletin_pdf,85.5,5.972157622389639,97.44431524477928,0.4186091791394607,False,False,False,0,False
2017,40,2017-10-02,Nuevo León,Monterrey,Escarlatina,6,boletin_pdf,11.5,7.54983443527075,26.5996688705415,-0.7284927963857741,False,False,False,0,False
2017,40,2017-10-02,Nuevo León,Monterrey,Rubeola,0,boletin_pdf,0.0,0.0,0.0,0.0,False,False,False,0,False
2017,40,2017-10-02,Nuevo León,Monterrey,Sarampion,0,SEFE_pdf,0.0,0.0,0.0,0.0,False,False,False,0,False
2017,40,2017-10-02,Nuevo León,Monterrey,Sarampion,0,boletin_pdf,0.0,0.0,0.0,0.0,False,False,False,0,False
2017,41,2017-10-09,Ciudad de México,CDMX,Erisipela,8,boletin_pdf,12.5,10.376254944182254,33.25250988836451,-0.43368248218718397,False,False,False,0,False
2017,41,2017-10-09,Ciudad de México,CDMX,Escarlatina,12,boletin_pdf,15.0,12.489995996796797,39.97999199359359,-0.24019223070763068,False,False,False,0,False
2017,41,2017-10-09,Ciudad de México,CDMX,Rubeola,0,boletin_pdf,0.0,0.0,0.0,0.0,False,False,False,0,False
2017,41,2017-10-09,Ciudad de México,CDMX,Sarampion,0,boletin_pdf,0.0,0.0,0.0,0.0,False,False,False,0,False
2017,41,2017-10-09,Jalisco,Guadalajara,Erisipela,10,boletin_pdf,7.0,2.5819888974716108,12.163977794943222,1.1618950038622253,False,False,False,0,False
2017,41,2017-10-09,Jalisco,Guadalajara,Escarlatina,14,boletin_pdf,7.0,5.291502622129181,17.583005244258363,1.3228756555322951,False,False,False,0,False
2017,41,2017-10-09,Jalisco,Guadalajara,Rubeola,0,boletin_pdf,0.0,0.0,0.0,0.0,False,False,False,0,False
2017,41,2017-10-09,Jalisco,Guadalajara,Sarampion,0,boletin_pdf,0.0,0.0,0.0,0.0,False,False,False,0,False
2017,41,2017-10-09,Nuevo León,Monterrey,Erisipela,112,boletin_pdf,104.5,9.848857801796102,124.1977156035922,0.7615096238502145,False,False,False,0,False
2017,41,2017-10-09,Nuevo León,Monterrey,Escarlatina,8,boletin_pdf,7.5,4.123105625617661,15.746211251235321,0.12126781251816648,False,False,False,0,False
2017,41,2017-10-09,Nuevo León,Monterrey,Rubeola,0,boletin_pdf,0.0,0.0,0.0,0.0,False,False,False,0,False
2017,41,2017-10-09,Nuevo León,Monterrey,Sarampion,0,boletin_pdf,0.0,0.0,0.0,0.0,False,False,False,0,False
2017,42,2017-10-16,Ciudad de México,CDMX,Erisipela,14,boletin_pdf,16.0,13.9522996909709,43.9045993819418,-0.14334554477024897,False,False,False,0,False
2017,42,2017-10-16,Ciudad de México,CDMX,Escarlatina,10,boletin_pdf,12.5,10.115993936995679,32.73198787399136,-0.24713340236960127,False,False,False,0,False
2017,42,2017-10-16,Ciudad de México,CDMX,Rubeola,0,boletin_pdf,0.0,0.0,0.0,0.0,False,False,False,0,False
2017,42,2017-10-16,Ciudad de México,CDMX,Sarampion,0,boletin_pdf,0.0,0.0,0.0,0.0,False,False,False,0,False
2017,42,2017-10-16,Jalisco,Guadalajara,Erisipela,16,boletin_pdf,7.5,5.972157622389639,19.444315244779276,1.4232712090741664,False,True,False,1,False
2017,42,2017-10-16,Jalisco,Guadalajara,Escarlatina,10,boletin_pdf,6.0,2.8284271247461903,11.65685424949238,1.414213562373095,False,False,False,0,False
2017,42,2017-10-16,Jalisco,Guadalajara,Rubeola,0,boletin_pdf,0.0,0.0,0.0,0.0,False,False,False,0,False
2017,42,2017-10-16,Jalisco,Guadalajara,Sarampion,0,boletin_pdf,0.0,0.0,0.0,0.0,False,False,False,0,False
2017,42,2017-10-16,Nuevo León,Monterrey,Erisipela,118,boletin_pdf,112.5,5.507570547286103,123.5151410945722,0.9986254289035238,False,False,False,0,False
2017,42,2017-10-16,Nuevo León,Monterrey,Escarlatina,4,boletin_pdf,9.0,5.773502691896258,20.547005383792516,-0.8660254037844386,False,False,False,0,False
2017,42,2017-10-16,Nuevo León,Monterrey,Rubeola,0,boletin_pdf,0.0,0.0,0.0,0.0,False,False,False,0,False
2017,42,2017-10-16,Nuevo León,Monterrey,Sarampion,0,boletin_pdf,0.0,0.0,0.0,0.0,False,False,False,0,False
2017,43,2017-10-23,Ciudad de México,CDMX,Erisipela,28,boletin_pdf,16.0,12.649110640673518,41.29822128134704,0.9486832980505138,False,False,False,0,False
2017,43,2017-10-23,Ciudad de México,CDMX,Escarlatina,18,boletin_pdf,15.5,10.503967504392486,36.50793500878497,0.23800530599076633,False,False,False,0,False
2017,43,2017-10-23,Ciudad de México,CDMX,Rubeola,0,boletin_pdf,0.0,0.0,0.0,0.0,False,False,False,0,False
2017,43,2017-10-23,Ciudad de México,CDMX,Sarampion,0,boletin_pdf,0.0,0.0,0.0,0.0,False,False,False,0,False
2017,43,2017-10-23,Jalisco,Guadalajara,Erisipela,8,boletin_pdf,12.5,4.123105625617661,20.746211251235323,-1.0914103126634984,False,False,False,0,False
2017,43,2017-10-23,Jalisco,Guadalajara,Escarlatina,6,boletin_pdf,5.0,2.581988897471611,10.163977794943222,0.3872983346207417,False,False,False,0,False
2017,43,2017-10-23,Jalisco,Guadalajara,Rubeola,0,boletin_pdf,0.0,0.0,0.0,0.0,False,False,False,0,False
2017,43,2017-10-23,Jalisco,Guadalajara,Sarampion,0,boletin_pdf,0.0,0.0,0.0,0.0,False,False,False,0,False
2017,43,2017-10-23,Nuevo León,Monterrey,Erisipela,110,boletin_pdf,104.0,23.03620339089466,150.0724067817893,0.2604595860779547,False,False,False,0,False
2017,43,2017-10-23,Nuevo León,Monterrey,Escarlatina,4,boletin_pdf,5.0,3.4641016151377544,11.928203230275509,-0.2886751345948129,False,False,False,0,False
2017,43,2017-10-23,Nuevo León,Monterrey,Rubeola,0,boletin_pdf,0.0,0.0,0.0,0.0,False,False,False,0,False
2017,43,2017-10-23,Nuevo León,Monterrey,Sarampion,0,boletin_pdf,0.0,0.0,0.0,0.0,False,False,False,0,False
2017,44,2017-10-30,Ciudad de México,CDMX,Erisipela,16,boletin_pdf,15.0,10.519822558706334,36.03964511741267,0.09505863757867168,False,False,False,0,False
2017,44,2017-10-30,Ciudad de México,CDMX,Escarlatina,20,boletin_pdf,19.5,13.69914839202301,46.898296784046025,0.03649861916169542,False,False,False,0,False
2017,44,2017-10-30,Ciudad de México,CDMX,Rubeola,0,boletin_pdf,0.0,0.0,0.0,0.0,False,False,False,0,False
2017,44,2017-10-30,Ciudad de México,CDMX,Sarampion,0,SEFE_pdf,0.0,0.0,0.0,0.0,False,False,False,0,False
2017,44,2017-10-30,Ciudad de México,CDMX,Sarampion,0,boletin_pdf,0.0,0.0,0.0,0.0,False,False,False,0,False
2017,44,2017-10-30,Jalisco,Guadalajara,Erisipela,6,boletin_pdf,11.0,5.291502622129181,21.583005244258363,-0.944911182523068,False,False,False,0,False
2017,44,2017-10-30,Jalisco,Guadalajara,Escarlatina,8,boletin_pdf,5.0,2.0,9.0,1.5,False,True,False,1,False
2017,44,2017-10-30,Jalisco,Guadalajara,Rubeola,0,boletin_pdf,0.0,0.0,0.0,0.0,False,False,False,0,False
2017,44,2017-10-30,Jalisco,Guadalajara,Sarampion,0,SEFE_pdf,0.0,0.0,0.0,0.0,False,False,False,0,False
2017,44,2017-10-30,Jalisco,Guadalajara,Sarampion,0,boletin_pdf,0.0,0.0,0.0,0.0,False,False,False,0,False
2017,44,2017-10-30,Nuevo León,Monterrey,Erisipela,122,boletin_pdf,101.0,14.832396974191322,130.66479394838265,1.4158197111728088,False,False,False,0,False
2017,44,2017-10-30,Nuevo León,Monterrey,Escarlatina,4,boletin_pdf,5.5,2.9999999999999996,11.5,-0.5000000000000001,False,False,False,0,False
2017,44,2017-10-30,Nuevo León,Monterrey,Rubeola,0,boletin_pdf,0.0,0.0,0.0,0.0,False,False,False,0,False
2017,44,2017-10-30,Nuevo León,Monterrey,Sarampion,0,SEFE_pdf,0.0,0.0,0.0,0.0,False,False,False,0,False
2017,44,2017-10-30,Nuevo León,Monterrey,Sarampion,0,boletin_pdf,0.0,0.0,0.0,0.0,False,False,False,0,False
2017,45,2017-11-06,Ciudad de México,CDMX,Erisipela,10,boletin_pdf,8.5,5.744562646538028,19.989125293076057,0.2611164839335468,False,False,False,0,False
2017,45,2017-11-06,Ciudad de México,CDMX,Escarlatina,16,boletin_pdf,15.0,10.893423092245461,36.786846184490926,0.09179850920431569,False,False,False,0,False
2017,45,2017-11-06,Ciudad de México,CDMX,Rubeola,0,boletin_pdf,0.0,0.0,0.0,0.0,False,False,False,0,False
2017,45,2017-11-06,Ciudad de México,CDMX,Sarampion,0,boletin_pdf,0.0,0.0,0.0,0.0,False,False,False,0,False
2017,45,2017-11-06,Jalisco,Guadalajara,Erisipela,8,boletin_pdf,7.0,2.581988897471611,12.163977794943222,0.3872983346207417,False,False,False,0,False
2017,45,2017-11-06,Jalisco,Guadalajara,Escarlatina,4,boletin_pdf,7.0,2.581988897471611,12.163977794943222,-1.161895003862225,False,False,False,0,False
2017,45,2017-11-06,Jalisco,Guadalajara,Rubeola,0,boletin_pdf,0.0,0.0,0.0,0.0,False,False,False,0,False
2017,45,2017-11-06,Jalisco,Guadalajara,Sarampion,0,boletin_pdf,0.0,0.0,0.0,0.0,False,False,False,0,False
2017,45,2017-11-06,Nuevo León,Monterrey,Erisipela,80,boletin_pdf,72.0,11.31370849898476,94.62741699796952,0.7071067811865476,False,False,False,0,False
2017,45,2017-11-06,Nuevo León,Monterrey,Escarlatina,8,boletin_pdf,8.0,4.320493798938574,16.64098759787715,0.0,False,False,False,0,False
2017,45,2017-11-06,Nuevo León,Monterrey,Rubeola,0,boletin_pdf,0.0,0.0,0.0,0.0,False,False,False,0,False
2017,45,2017-11-06,Nuevo León,Monterrey,Sarampion,0,boletin_pdf,0.0,0.0,0.0,0.0,False,False,False,0,False
2017,46,2017-11-13,Ciudad de México,CDMX,Erisipela,12,boletin_pdf,12.0,9.092121131323903,30.184242262647807,0.0,False,False,False,0,False
2017,46,2017-11-13,Ciudad de México,CDMX,Escarlatina,12,boletin_pdf,19.5,16.36052158907737,52.22104317815474,-0.4584205924710346,False,False,False,0,False
2017,46,2017-11-13,Ciudad de México,CDMX,Rubeola,0,boletin_pdf,0.0,0.0,0.0,0.0,False,False,False,0,False
2017,46,2017-11-13,Ciudad de México,CDMX,Sarampion,0,boletin_pdf,0.0,0.0,0.0,0.0,False,False,False,0,False
2017,46,2017-11-13,Jalisco,Guadalajara,Erisipela,16,boletin_pdf,11.5,4.123105625617661,19.746211251235323,1.0914103126634984,False,False,False,0,False
2017,46,2017-11-13,Jalisco,Guadalajara,Escarlatina,4,boletin_pdf,8.0,2.8284271247461903,13.65685424949238,-1.414213562373095,False,False,False,0,False
2017,46,2017-11-13,Jalisco,Guadalajara,Rubeola,0,boletin_pdf,0.0,0.0,0.0,0.0,False,False,False,0,False
2017,46,2017-11-13,Jalisco,Guadalajara,Sarampion,0,boletin_pdf,0.0,0.0,0.0,0.0,False,False,False,0,False
2017,46,2017-11-13,Nuevo León,Monterrey,Erisipela,88,boletin_pdf,92.5,10.246950765959598,112.99390153191919,-0.43915503282683993,False,False,False,0,False
2017,46,2017-11-13,Nuevo León,Monterrey,Escarlatina,12,boletin_pdf,8.5,4.123105625617661,16.746211251235323,0.8488746876271654,False,False,False,0,False
2017,46,2017-11-13,Nuevo León,Monterrey,Rubeola,0,boletin_pdf,0.0,0.0,0.0,0.0,False,False,False,0,False
2017,46,2017-11-13,Nuevo León,Monterrey,Sarampion,0,boletin_pdf,0.0,0.0,0.0,0.0,False,False,False,0,False
2017,47,2017-11-20,Ciudad de México,CDMX,Erisipela,0,boletin_pdf,3.5,4.123105625617661,11.746211251235321,-0.8488746876271654,False,False,False,0,False
2017,47,2017-11-20,Ciudad de México,CDMX,Escarlatina,10,boletin_pdf,9.0,6.6332495807108,22.2664991614216,0.15075567228888181,False,False,False,0,False
2017,47,2017-11-20,Ciudad de México,CDMX,Rubeola,0,boletin_pdf,0.0,0.0,0.0,0.0,False,False,False,0,False
2017,47,2017-11-20,Ciudad de México,CDMX,Sarampion,0,boletin_pdf,0.0,0.0,0.0,0.0,False,False,False,0,False
2017,47,2017-11-20,Jalisco,Guadalajara,Erisipela,16,boletin_pdf,10.5,4.43471156521669,19.369423130433383,1.2402159462046676,False,False,False,0,False
2017,47,2017-11-20,Jalisco,Guadalajara,Escarlatina,8,boletin_pdf,4.0,3.265986323710904,10.531972647421808,1.224744871391589,False,False,False,0,False
2017,47,2017-11-20,Jalisco,Guadalajara,Rubeola,0,boletin_pdf,0.0,0.0,0.0,0.0,False,False,False,0,False
2017,47,2017-11-20,Jalisco,Guadalajara,Sarampion,0,boletin_pdf,0.0,0.0,0.0,0.0,False,False,False,0,False
2017,47,2017-11-20,Nuevo León,Monterrey,Erisipela,102,boletin_pdf,70.0,21.602468994692867,113.20493798938574,1.4813121596360823,False,True,False,1,False
2017,47,2017-11-20,Nuevo León,Monterrey,Escarlatina,8,boletin_pdf,5.5,4.43471156521669,14.36942313043338,0.5637345210021216,False,False,False,0,False
2017,47,2017-11-20,Nuevo León,Monterrey,Rubeola,0,boletin_pdf,0.0,0.0,0.0,0.0,False,False,False,0,False
2017,47,2017-11-20,Nuevo León,Monterrey,Sarampion,0,boletin_pdf,0.0,0.0,0.0,0.0,False,False,False,0,False
2017,48,2017-11-27,Ciudad de México,CDMX,Erisipela,14,boletin_pdf,15.0,11.135528725660043,37.27105745132009,-0.08980265101338746,False,False,False,0,False
2017,48,2017-11-27,Ciudad de México,CDMX,Escarlatina,8,boletin_pdf,14.5,12.793227374930325,40.08645474986065,-0.5080813315909193,False,False,False,0,False
2017,48,2017-11-27,Ciudad de México,CDMX,Rubeola,0,boletin_pdf,0.0,0.0,0.0,0.0,False,False,False,0,False
2017,48,2017-11-27,Ciudad de México,CDMX,Sarampion,0,boletin_pdf,0.0,0.0,0.0,0.0,False,False,False,0,False
2017,48,2017-11-27,Jalisco,Guadalajara,Erisipela,6,boletin_pdf,9.0,3.4641016151377544,15.928203230275509,-0.8660254037844387,False,False,False,0,False
2017,48,2017-11-27,Jalisco,Guadalajara,Escarlatina,2,boletin_pdf,3.5,1.0,5.5,-1.5,False,False,False,0,False
2017,48,2017-11-27,Jalisco,Guadalajara,Rubeola,0,boletin_pdf,0.0,0.0,0.0,0.0,False,False,False,0,False
2017,48,2017-11-27,Jalisco,Guadalajara,Sarampion,0,boletin_pdf,0.0,0.0,0.0,0.0,False,False,False,0,False
2017,48,2017-11-27,Nuevo León,Monterrey,Erisipela,56,boletin_pdf,59.0,6.2182527020592095,71.43650540411842,-0.4824506406770077,False,False,False,0,False
2017,48,2017-11-27,Nuevo León,Monterrey,Escarlatina,20,boletin_pdf,16.5,21.80978373727412,60.11956747454824,0.1604784367493891,False,False,False,0,False
2017,48,2017-11-27,Nuevo León,Monterrey,Rubeola,0,boletin_pdf,0.0,0.0,0.0,0.0,False,False,False,0,False
2017,48,2017-11-27,Nuevo León,Monterrey,Sarampion,0,boletin_pdf,0.0,0.0,0.0,0.0,False,False,False,0,False
2017,49,2017-12-04,Ciudad de México,CDMX,Erisipela,12,boletin_pdf,10.5,10.246950765959598,30.993901531919196,0.14638501094227999,False,False,False,0,False
2017,49,2017-12-04,Ciudad de México,CDMX,Escarlatina,20,boletin_pdf,14.0,9.38083151964686,32.76166303929372,0.6396021490668313,False,False,False,0,False
2017,49,2017-12-04,Ciudad de México,CDMX,Rubeola,0,boletin_pdf,0.0,0.0,0.0,0.0,False,False,False,0,False
2017,49,2017-12-04,Ciudad de México,CDMX,Sarampion,0,SEFE_pdf,0.0,0.0,0.0,0.0,False,False,False,0,False
2017,49,2017-12-04,Ciudad de México,CDMX,Sarampion,0,boletin_pdf,0.0,0.0,0.0,0.0,False,False,False,0,False
2017,49,2017-12-04,Jalisco,Guadalajara,Erisipela,0,boletin_pdf,2.5,1.9148542155126762,6.329708431025352,-1.3055824196677337,False,False,False,0,False
2017,49,2017-12-04,Jalisco,Guadalajara,Escarlatina,14,boletin_pdf,7.0,5.773502691896258,18.547005383792516,1.212435565298214,False,False,False,0,False
2017,49,2017-12-04,Jalisco,Guadalajara,Rubeola,0,boletin_pdf,0.0,0.0,0.0,0.0,False,False,False,0,False
2017,49,2017-12-04,Jalisco,Guadalajara,Sarampion,0,SEFE_pdf,0.0,0.0,0.0,0.0,False,False,False,0,False
2017,49,2017-12-04,Jalisco,Guadalajara,Sarampion,0,boletin_pdf,0.0,0.0,0.0,0.0,False,False,False,0,False
2017,49,2017-12-04,Nuevo León,Monterrey,Erisipela,76,boletin_pdf,66.5,9.146948489341495,84.793896978683,1.0385977368375803,False,False,False,0,False
2017,49,2017-12-04,Nuevo León,Monterrey,Escarlatina,14,boletin_pdf,8.0,4.898979485566356,17.79795897113271,1.2247448713915892,False,False,False,0,False
2017,49,2017-12-04,Nuevo León,Monterrey,Rubeola,0,boletin_pdf,0.0,0.0,0.0,0.0,False,False,False,0,False
2017,49,2017-12-04,Nuevo León,Monterrey,Sarampion,0,SEFE_pdf,0.0,0.0,0.0,0.0,False,False,False,0,False
2017,49,2017-12-04,Nuevo León,Monterrey,Sarampion,0,boletin_pdf,0.0,0.0,0.0,0.0,False,False,False,0,False
2017,50,2017-12-11,Ciudad de México,CDMX,Erisipela,10,boletin_pdf,10.5,9.0,28.5,-0.05555555555555555,False,False,False,0,False
2017,50,2017-12-11,Ciudad de México,CDMX,Escarlatina,8,boletin_pdf,10.5,8.225975119502044,26.951950239004088,-0.3039153369274154,False,False,False,0,False
2017,50,2017-12-11,Ciudad de México,CDMX,Rubeola,0,boletin_pdf,0.0,0.0,0.0,0.0,False,False,False,0,False
2017,50,2017-12-11,Ciudad de México,CDMX,Sarampion,0,boletin_pdf,0.0,0.0,0.0,0.0,False,False,False,0,False
2017,50,2017-12-11,Jalisco,Guadalajara,Erisipela,8,boletin_pdf,9.5,5.0,19.5,-0.3,False,False,False,0,False
2017,50,2017-12-11,Jalisco,Guadalajara,Escarlatina,6,boletin_pdf,2.5,2.516611478423583,7.533222956847166,1.390758974918296,False,True,False,1,False
2017,50,2017-12-11,Jalisco,Guadalajara,Rubeola,0,boletin_pdf,0.0,0.0,0.0,0.0,False,False,False,0,False
2017,50,2017-12-11,Jalisco,Guadalajara,Sarampion,0,boletin_pdf,0.0,0.0,0.0,0.0,False,False,False,0,False
2017,50,2017-12-11,Nuevo León,Monterrey,Erisipela,64,boletin_pdf,78.0,12.328828005937952,102.6576560118759,-1.135549947915338,False,False,False,0,False
2017,50,2017-12-11,Nuevo León,Monterrey,Escarlatina,0,boletin_pdf,3.5,2.516611478423583,8.533222956847165,-1.390758974918296,False,False,False,0,False
2017,50,2017-12-11,Nuevo León,Monterrey,Rubeola,0,boletin_pdf,0.0,0.0,0.0,0.0,False,False,False,0,False
2017,50,2017-12-11,Nuevo León,Monterrey,Sarampion,0,boletin_pdf,0.0,0.0,0.0,0.0,False,False,False,0,False
2017,51,2017-12-18,Ciudad de México,CDMX,Erisipela,4,boletin_pdf,6.5,5.972157622389639,18.444315244779276,-0.4186091791394607,False,False,False,0,False
2017,51,2017-12-18,Ciudad de México,CDMX,Escarlatina,12,boletin_pdf,14.5,13.203534880225574,40.90706976045115,-0.1893432344200608,False,False,False,0,False
2017,51,2017-12-18,Ciudad de México,CDMX,Rubeola,0,boletin_pdf,0.0,0.0,0.0,0.0,False,False,False,0,False
2017,51,2017-12-18,Ciudad de México,CDMX,Sarampion,0,boletin_pdf,0.0,0.0,0.0,0.0,False,False,False,0,False
2017,51,2017-12-18,Jalisco,Guadalajara,Erisipela,10,boletin_pdf,6.0,4.320493798938574,14.640987597877148,0.9258200997725514,False,False,False,0,False
2017,51,2017-12-18,Jalisco,Guadalajara,Escarlatina,18,boletin_pdf,9.0,6.6332495807108,22.2664991614216,1.3568010505999364,False,False,False,0,False
2017,51,2017-12-18,Jalisco,Guadalajara,Rubeola,0,boletin_pdf,0.0,0.0,0.0,0.0,False,False,False,0,False
2017,51,2017-12-18,Jalisco,Guadalajara,Sarampion,0,boletin_pdf,0.0,0.0,0.0,0.0,False,False,False,0,False
2017,51,2017-12-18,Nuevo León,Monterrey,Erisipela,62,boletin_pdf,59.0,10.132456102380443,79.26491220476089,0.296078262731896,False,False,False,0,False
2017,51,2017-12-18,Nuevo León,Monterrey,Escarlatina,2,boletin_pdf,4.5,4.43471156521669,13.36942313043338,-0.5637345210021216,False,False,False,0,False
2017,51,2017-12-18,Nuevo León,Monterrey,Rubeola,0,boletin_pdf,0.0,0.0,0.0,0.0,False,False,False,0,False
2017,51,2017-12-18,Nuevo León,Monterrey,Sarampion,0,boletin_pdf,0.0,0.0,0.0,0.0,False,False,False,0,False
2017,52,2017-12-25,Ciudad de México,CDMX,Erisipela,6,boletin_pdf,5.5,3.7859388972001824,13.071877794400365,0.13206763594884358,False,False,False,0,False
2017,52,2017-12-25,Ciudad de México,CDMX,Escarlatina,4,boletin_pdf,10.5,11.474609652039003,33.44921930407801,-0.5664680714297736,False,False,False,0,False
2017,52,2017-12-25,Ciudad de México,CDMX,Rubeola,0,boletin_pdf,0.0,0.0,0.0,0.0,False,False,False,0,False
2017,52,2017-12-25,Ciudad de México,CDMX,Sarampion,0,boletin_pdf,0.0,0.0,0.0,0.0,False,False,False,0,False
2017,52,2017-12-25,Jalisco,Guadalajara,Erisipela,6,boletin_pdf,4.5,1.9148542155126762,8.329708431025352,0.7833494518006403,False,False,False,0,False
2017,52,2017-12-25,Jalisco,Guadalajara,Escarlatina,4,boletin_pdf,5.5,5.7445626465380295,16.989125293076057,-0.2611164839335467,False,False,False,0,False
2017,52,2017-12-25,Jalisco,Guadalajara,Rubeola,0,boletin_pdf,0.0,0.0,0.0,0.0,False,False,False,0,False
2017,52,2017-12-25,Jalisco,Guadalajara,Sarampion,0,boletin_pdf,0.0,0.0,0.0,0.0,False,False,False,0,False
2017,52,2017-12-25,Nuevo León,Monterrey,Erisipela,70,boletin_pdf,50.5,15.351438586225939,81.20287717245188,1.270239260670746,False,False,False,0,False
2017,52,2017-12-25,Nuevo León,Monterrey,Escarlatina,2,boletin_pdf,9.0,12.701705922171767,34.40341184434354,-0.5511070751355519,False,False,False,0,False
2017,52,2017-12-25,Nuevo León,Monterrey,Rubeola,0,boletin_pdf,0.0,0.0,0.0,0.0,False,False,False,0,False
2017,52,2017-12-25,Nuevo León,Monterrey,Sarampion,0,boletin_pdf,0.0,0.0,0.0,0.0,False,False,False,0,False
2017,53,2017-12-25,Ciudad de México,CDMX,Erisipela,0,boletin_pdf,0.0,0.0,0.0,0.0,False,False,False,0,False
2017,53,2017-12-25,Ciudad de México,CDMX,Escarlatina,0,boletin_pdf,0.0,0.0,0.0,0.0,False,False,False,0,False
2017,53,2017-12-25,Ciudad de México,CDMX,Rubeola,0,boletin_pdf,0.0,0.0,0.0,0.0,False,False,False,0,False
2017,53,2017-12-25,Ciudad de México,CDMX,Sarampion,0,boletin_pdf,0.0,0.0,0.0,0.0,False,False,False,0,False
2017,53,2017-12-25,Jalisco,Guadalajara,Erisipela,0,boletin_pdf,0.0,0.0,0.0,0.0,False,False,False,0,False
2017,53,2017-12-25,Jalisco,Guadalajara,Escarlatina,0,boletin_pdf,0.0,0.0,0.0,0.0,False,False,False,0,False
2017,53,2017-12-25,Jalisco,Guadalajara,Rubeola,0,boletin_pdf,0.0,0.0,0.0,0.0,False,False,False,0,False
2017,53,2017-12-25,Jalisco,Guadalajara,Sarampion,0,boletin_pdf,0.0,0.0,0.0,0.0,False,False,False,0,False
2017,53,2017-12-25,Nuevo León,Monterrey,Erisipela,0,boletin_pdf,0.0,0.0,0.0,0.0,False,False,False,0,False
2017,53,2017-12-25,Nuevo León,Monterrey,Escarlatina,0,boletin_pdf,0.0,0.0,0.0,0.0,False,False,False,0,False
2017,53,2017-12-25,Nuevo León,Monterrey,Rubeola,0,boletin_pdf,0.0,0.0,0.0,0.0,False,False,False,0,False
2017,53,2017-12-25,Nuevo León,Monterrey,Sarampion,0,boletin_pdf,0.0,0.0,0.0,0.0,False,False,False,0,False
2018,1,2018-01-01,Ciudad de México,CDMX,Erisipela,0,boletin_pdf,3.0,6.0,15.0,-0.5,False,False,False,0,False
2018,1,2018-01-01,Ciudad de México,CDMX,Escarlatina,2,boletin_pdf,2.0,2.8284271247461903,7.656854249492381,0.0,False,False,False,0,False
2018,1,2018-01-01,Ciudad de México,CDMX,Rubeola,0,boletin_pdf,0.0,0.0,0.0,0.0,False,False,False,0,False
2018,1,2018-01-01,Ciudad de México,CDMX,Sarampion,0,SEFE_pdf,0.0,0.0,0.0,0.0,False,False,False,0,False
2018,1,2018-01-01,Ciudad de México,CDMX,Sarampion,0,boletin_pdf,0.0,0.0,0.0,0.0,False,False,False,0,False
2018,1,2018-01-01,Jalisco,Guadalajara,Erisipela,6,boletin_pdf,6.0,4.898979485566356,15.797958971132712,0.0,False,False,False,0,False
2018,1,2018-01-01,Jalisco,Guadalajara,Escarlatina,0,boletin_pdf,3.0,2.5819888974716108,8.163977794943222,-1.1618950038622253,False,False,False,0,False
2018,1,2018-01-01,Jalisco,Guadalajara,Rubeola,0,boletin_pdf,0.0,0.0,0.0,0.0,False,False,False,0,False
2018,1,2018-01-01,Jalisco,Guadalajara,Sarampion,0,SEFE_pdf,0.0,0.0,0.0,0.0,False,False,False,0,False
2018,1,2018-01-01,Jalisco,Guadalajara,Sarampion,0,boletin_pdf,0.0,0.0,0.0,0.0,False,False,False,0,False
2018,1,2018-01-01,Nuevo León,Monterrey,Erisipela,44,boletin_pdf,51.5,20.6801031589948,92.8602063179896,-0.3626674365373211,False,False,False,0,False
2018,1,2018-01-01,Nuevo León,Monterrey,Escarlatina,4,boletin_pdf,5.5,5.7445626465380295,16.989125293076057,-0.2611164839335467,False,False,False,0,False
2018,1,2018-01-01,Nuevo León,Monterrey,Rubeola,0,boletin_pdf,0.0,0.0,0.0,0.0,False,False,False,0,False
2018,1,2018-01-01,Nuevo León,Monterrey,Sarampion,0,SEFE_pdf,0.0,0.0,0.0,0.0,False,False,False,0,False
2018,1,2018-01-01,Nuevo León,Monterrey,Sarampion,0,boletin_pdf,0.0,0.0,0.0,0.0,False,False,False,0,False
2018,2,2018-01-08,Ciudad de México,CDMX,Erisipela,6,boletin_pdf,4.5,5.744562646538029,15.989125293076057,0.26111648393354675,False,False,False,0,False
2018,2,2018-01-08,Ciudad de México,CDMX,Escarlatina,2,boletin_pdf,2.5,3.785938897200182,10.071877794400365,-0.13206763594884358,False,False,False,0,False
2018,2,2018-01-08,Ciudad de México,CDMX,Rubeola,0,boletin_pdf,0.0,0.0,0.0,0.0,False,False,False,0,False
2018,2,2018-01-08,Ciudad de México,CDMX,Sarampion,0,boletin_pdf,0.0,0.0,0.0,0.0,False,False,False,0,False
2018,2,2018-01-08,Jalisco,Guadalajara,Erisipela,12,boletin_pdf,7.0,4.163331998932265,15.32666399786453,1.2009611535381535,False,False,False,0,False
2018,2,2018-01-08,Jalisco,Guadalajara,Escarlatina,8,boletin_pdf,8.0,3.265986323710904,14.531972647421808,0.0,False,False,False,0,False
2018,2,2018-01-08,Jalisco,Guadalajara,Rubeola,0,boletin_pdf,0.0,0.0,0.0,0.0,False,False,False,0,False
2018,2,2018-01-08,Jalisco,Guadalajara,Sarampion,0,boletin_pdf,0.0,0.0,0.0,0.0,False,False,False,0,False
2018,2,2018-01-08,Nuevo León,Monterrey,Erisipela,58,boletin_pdf,61.0,9.309493362512628,79.61898672502525,-0.3222516933177448,False,False,False,0,False
2018,2,2018-01-08,Nuevo León,Monterrey,Escarlatina,2,boletin_pdf,1.5,1.0,3.5,0.5,False,False,False,0,False
2018,2,2018-01-08,Nuevo León,Monterrey,Rubeola,0,boletin_pdf,0.0,0.0,0.0,0.0,False,False,False,0,False
2018,2,2018-01-08,Nuevo León,Monterrey,Sarampion,0,boletin_pdf,0.0,0.0,0.0,0.0,False,False,False,0,False
2018,3,2018-01-15,Ciudad de México,CDMX,Erisipela,10,boletin_pdf,5.0,5.773502691896257,16.547005383792516,0.8660254037844387,False,False,False,0,False
2018,3,2018-01-15,Ciudad de México,CDMX,Escarlatina,12,boletin_pdf,3.5,5.744562646538029,14.989125293076057,1.4796600756234317,False,True,True,2,True
2018,3,2018-01-15,Ciudad de México,CDMX,Rubeola,0,boletin_pdf,0.0,0.0,0.0,0.0,False,False,False,0,False
2018,3,2018-01-15,Ciudad de México,CDMX,Sarampion,0,boletin_pdf,0.0,0.0,0.0,0.0,False,False,False,0,False
2018,3,2018-01-15,Jalisco,Guadalajara,Erisipela,8,boletin_pdf,6.0,4.0,14.0,0.5,False,False,False,0,False
2018,3,2018-01-15,Jalisco,Guadalajara,Escarlatina,4,boletin_pdf,6.5,2.9999999999999996,12.5,-0.8333333333333335,False,False,False,0,False
2018,3,2018-01-15,Jalisco,Guadalajara,Rubeola,0,boletin_pdf,0.0,0.0,0.0,0.0,False,False,False,0,False
2018,3,2018-01-15,Jalisco,Guadalajara,Sarampion,0,boletin_pdf,0.0,0.0,0.0,0.0,False,False,False,0,False
2018,3,2018-01-15,Nuevo León,Monterrey,Erisipela,94,boletin_pdf,77.0,16.77299416721217,110.54598833442434,1.0135340077343842,False,False,False,0,False
2018,3,2018-01-15,Nuevo León,Monterrey,Escarlatina,4,boletin_pdf,4.0,2.8284271247461903,9.65685424949238,0.0,False,False,False,0,False
2018,3,2018-01-15,Nuevo León,Monterrey,Rubeola,0,boletin_pdf,0.0,0.0,0.0,0.0,False,False,False,0,False
2018,3,2018-01-15,Nuevo León,Monterrey,Sarampion,0,boletin_pdf,0.0,0.0,0.0,0.0,False,False,False,0,False
2018,4,2018-01-22,Ciudad de México,CDMX,Erisipela,4,boletin_pdf,4.5,6.60807586719967,17.71615173439934,-0.07566499084579774,False,False,False,0,False
2018,4,2018-01-22,Ciudad de México,CDMX,Escarlatina,12,boletin_pdf,6.0,6.928203230275509,19.856406460551018,0.8660254037844387,False,False,False,0,False
2018,4,2018-01-22,Ciudad de México,CDMX,Rubeola,0,boletin_pdf,0.0,0.0,0.0,0.0,False,False,False,0,False
2018,4,2018-01-22,Ciudad de México,CDMX,Sarampion,0,boletin_pdf,0.0,0.0,0.0,0.0,False,False,False,0,False
2018,4,2018-01-22,Jalisco,Guadalajara,Erisipela,4,boletin_pdf,9.0,3.8297084310253524,16.659416862050705,-1.3055824196677337,False,False,False,0,False
2018,4,2018-01-22,Jalisco,Guadalajara,Escarlatina,4,boletin_pdf,5.0,3.8297084310253524,12.659416862050705,-0.26111648393354675,False,False,False,0,False
2018,4,2018-01-22,Jalisco,Guadalajara,Rubeola,0,boletin_pdf,0.0,0.0,0.0,0.0,False,False,False,0,False
2018,4,2018-01-22,Jalisco,Guadalajara,Sarampion,0,boletin_pdf,0.0,0.0,0.0,0.0,False,False,False,0,False
2018,4,2018-01-22,Nuevo León,Monterrey,Erisipela,52,boletin_pdf,55.5,5.507570547286103,66.5151410945722,-0.6354889093022424,False,False,False,0,False
2018,4,2018-01-22,Nuevo León,Monterrey,Escarlatina,2,boletin_pdf,4.0,4.320493798938574,12.640987597877148,-0.4629100498862757,False,False,False,0,False
2018,4,2018-01-22,Nuevo León,Monterrey,Rubeola,0,boletin_pdf,0.0,0.0,0.0,0.0,False,False,False,0,False
2018,4,2018-01-22,Nuevo León,Monterrey,Sarampion,0,boletin_pdf,0.0,0.0,0.0,0.0,False,False,False,0,False
2018,5,2018-01-29,Ciudad de México,CDMX,Erisipela,8,boletin_pdf,6.5,8.54400374531753,23.58800749063506,0.17556172079419585,False,False,False,0,False
2018,5,2018-01-29,Ciudad de México,CDMX,Escarlatina,10,boletin_pdf,8.0,10.456258094238748,28.912516188477497,0.19127301391900148,False,False,False,0,False
2018,5,2018-01-29,Ciudad de México,CDMX,Rubeola,0,boletin_pdf,0.0,0.0,0.0,0.0,False,False,False,0,False
2018,5,2018-01-29,Ciudad de México,CDMX,Sarampion,0,boletin_pdf,0.0,0.0,0.0,0.0,False,False,False,0,False
2018,5,2018-01-29,Jalisco,Guadalajara,Erisipela,4,boletin_pdf,8.0,3.6514837167011076,15.302967433402216,-1.0954451150103321,False,False,False,0,False
2018,5,2018-01-29,Jalisco,Guadalajara,Escarlatina,2,boletin_pdf,5.0,3.4641016151377544,11.928203230275509,-0.8660254037844387,False,False,False,0,False
2018,5,2018-01-29,Jalisco,Guadalajara,Rubeola,0,boletin_pdf,0.0,0.0,0.0,0.0,False,False,False,0,False
2018,5,2018-01-29,Jalisco,Guadalajara,Sarampion,0,boletin_pdf,0.0,0.0,0.0,0.0,False,False,False,0,False
2018,5,2018-01-29,Nuevo León,Monterrey,Erisipela,62,boletin_pdf,69.0,7.745966692414834,84.49193338482966,-0.9036961141150639,False,False,False,0,False
2018,5,2018-01-29,Nuevo León,Monterrey,Escarlatina,4,boletin_pdf,5.0,2.0,9.0,-0.5,False,False,False,0,False
2018,5,2018-01-29,Nuevo León,Monterrey,Rubeola,0,boletin_pdf,0.0,0.0,0.0,0.0,False,False,False,0,False
2018,5,2018-01-29,Nuevo León,Monterrey,Sarampion,0,boletin_pdf,0.0,0.0,0.0,0.0,False,False,False,0,False
2018,6,2018-02-05,Ciudad de México,CDMX,Erisipela,12,boletin_pdf,8.0,9.797958971132712,27.595917942265423,0.4082482904638631,False,False,False,0,False
2018,6,2018-02-05,Ciudad de México,CDMX,Escarlatina,16,boletin_pdf,9.0,10.519822558706334,30.039645117412668,0.6654104630507017,False,False,False,0,False
2018,6,2018-02-05,Ciudad de México,CDMX,Rubeola,0,boletin_pdf,0.0,0.0,0.0,0.0,False,False,False,0,False
2018,6,2018-02-05,Ciudad de México,CDMX,Sarampion,0,SEFE_pdf,0.0,0.0,0.0,0.0,False,False,False,0,False
2018,6,2018-02-05,Ciudad de México,CDMX,Sarampion,0,boletin_pdf,0.0,0.0,0.0,0.0,False,False,False,0,False
2018,6,2018-02-05,Jalisco,Guadalajara,Erisipela,4,boletin_pdf,3.5,1.9148542155126762,7.329708431025352,0.26111648393354675,False,False,False,0,False
2018,6,2018-02-05,Jalisco,Guadalajara,Escarlatina,4,boletin_pdf,5.5,1.9148542155126762,9.329708431025352,-0.7833494518006403,False,False,False,0,False
2018,6,2018-02-05,Jalisco,Guadalajara,Rubeola,0,boletin_pdf,0.0,0.0,0.0,0.0,False,False,False,0,False
2018,6,2018-02-05,Jalisco,Guadalajara,Sarampion,0,SEFE_pdf,0.0,0.0,0.0,0.0,False,False,False,0,False
2018,6,2018-02-05,Jalisco,Guadalajara,Sarampion,0,boletin_pdf,0.0,0.0,0.0,0.0,False,False,False,0,False
2018,6,2018-02-05,Nuevo León,Monterrey,Erisipela,72,boletin_pdf,69.5,9.71253485622231,88.92506971244462,0.2573993336454676,False,False,False,0,False
2018,6,2018-02-05,Nuevo León,Monterrey,Escarlatina,2,boletin_pdf,5.5,4.123105625617661,13.746211251235321,-0.8488746876271654,False,False,False,0,False
2018,6,2018-02-05,Nuevo León,Monterrey,Rubeola,0,boletin_pdf,0.0,0.0,0.0,0.0,False,False,False,0,False
2018,6,2018-02-05,Nuevo León,Monterrey,Sarampion,0,SEFE_pdf,0.0,0.0,0.0,0.0,False,False,False,0,False
2018,6,2018-02-05,Nuevo León,Monterrey,Sarampion,0,boletin_pdf,0.0,0.0,0.0,0.0,False,False,False,0,False
2018,7,2018-02-12,Ciudad de México,CDMX,Erisipela,14,boletin_pdf,5.0,6.6332495807108,18.2664991614216,1.3568010505999364,False,False,False,0,False
2018,7,2018-02-12,Ciudad de México,CDMX,Escarlatina,14,boletin_pdf,5.0,6.6332495807108,18.2664991614216,1.3568010505999364,False,False,False,0,False
2018,7,2018-02-12,Ciudad de México,CDMX,Rubeola,0,boletin_pdf,0.0,0.0,0.0,0.0,False,False,False,0,False
2018,7,2018-02-12,Ciudad de México,CDMX,Sarampion,0,boletin_pdf,0.0,0.0,0.0,0.0,False,False,False,0,False
2018,7,2018-02-12,Jalisco,Guadalajara,Erisipela,10,boletin_pdf,8.0,3.6514837167011076,15.302967433402216,0.5477225575051661,False,False,False,0,False
2018,7,2018-02-12,Jalisco,Guadalajara,Escarlatina,4,boletin_pdf,5.0,2.581988897471611,10.163977794943222,-0.3872983346207417,False,False,False,0,False
2018,7,2018-02-12,Jalisco,Guadalajara,Rubeola,0,boletin_pdf,0.0,0.0,0.0,0.0,False,False,False,0,False
2018,7,2018-02-12,Jalisco,Guadalajara,Sarampion,0,boletin_pdf,0.0,0.0,0.0,0.0,False,False,False,0,False
2018,7,2018-02-12,Nuevo León,Monterrey,Erisipela,78,boletin_pdf,72.5,13.79613472438325,100.0922694487665,0.398662386956784,False,False,False,0,False
2018,7,2018-02-12,Nuevo León,Monterrey,Escarlatina,8,boletin_pdf,7.0,6.6332495807108,20.2664991614216,0.15075567228888181,False,False,False,0,False
2018,7,2018-02-12,Nuevo León,Monterrey,Rubeola,0,boletin_pdf,0.0,0.0,0.0,0.0,False,False,False,0,False
2018,7,2018-02-12,Nuevo León,Monterrey,Sarampion,0,boletin_pdf,0.0,0.0,0.0,0.0,False,False,False,0,False
2018,8,2018-02-19,Ciudad de México,CDMX,Erisipela,16,boletin_pdf,10.0,12.000000000000002,34.0,0.49999999999999994,False,False,False,0,False
2018,8,2018-02-19,Ciudad de México,CDMX,Escarlatina,20,boletin_pdf,6.0,9.521904571390465,25.04380914278093,1.4702940882294107,False,False,True,1,False
2018,8,2018-02-19,Ciudad de México,CDMX,Rubeola,0,boletin_pdf,0.0,0.0,0.0,0.0,False,False,False,0,False
2018,8,2018-02-19,Ciudad de México,CDMX,Sarampion,0,boletin_pdf,0.0,0.0,0.0,0.0,False,False,False,0,False
2018,8,2018-02-19,Jalisco,Guadalajara,Erisipela,10,boletin_pdf,7.0,4.760952285695233,16.521904571390465,0.6301260378126045,False,False,False,0,False
2018,8,2018-02-19,Jalisco,Guadalajara,Escarlatina,2,boletin_pdf,6.0,4.320493798938574,14.640987597877148,-0.9258200997725514,False,False,False,0,False
2018,8,2018-02-19,Jalisco,Guadalajara,Rubeola,0,boletin_pdf,0.0,0.0,0.0,0.0,False,False,False,0,False
2018,8,2018-02-19,Jalisco,Guadalajara,Sarampion,0,boletin_pdf,0.0,0.0,0.0,0.0,False,False,False,0,False
2018,8,2018-02-19,Nuevo León,Monterrey,Erisipela,54,boletin_pdf,79.0,21.19748412744619,121.39496825489238,-1.1793852444795732,False,False,False,0,False
2018,8,2018-02-19,Nuevo León,Monterrey,Escarlatina,4,boletin_pdf,7.0,4.760952285695232,16.521904571390465,-0.6301260378126046,False,False,False,0,False
2018,8,2018-02-19,Nuevo León,Monterrey,Rubeola,0,boletin_pdf,0.0,0.0,0.0,0.0,False,False,False,0,False
2018,8,2018-02-19,Nuevo León,Monterrey,Sarampion,0,boletin_pdf,0.0,0.0,0.0,0.0,False,False,False,0,False
2018,9,2018-02-26,Ciudad de México,CDMX,Erisipela,22,boletin_pdf,7.5,10.376254944182254,28.252509888364507,1.3974213314920374,False,False,False,0,False
2018,9,2018-02-26,Ciudad de México,CDMX,Escarlatina,24,boletin_pdf,9.5,11.704699910719626,32.90939982143925,1.2388186036893034,False,False,False,0,False
2018,9,2018-02-26,Ciudad de México,CDMX,Rubeola,0,boletin_pdf,0.0,0.0,0.0,0.0,False,False,False,0,False
2018,9,2018-02-26,Ciudad de México,CDMX,Sarampion,0,boletin_pdf,0.0,0.0,0.0,0.0,False,False,False,0,False
2018,9,2018-02-26,Jalisco,Guadalajara,Erisipela,6,boletin_pdf,6.5,3.415650255319866,13.331300510639732,-0.14638501094227999,False,False,False,0,False
2018,9,2018-02-26,Jalisco,Guadalajara,Escarlatina,2,boletin_pdf,5.5,3.415650255319866,12.331300510639732,-1.02469507659596,False,False,False,0,False
2018,9,2018-02-26,Jalisco,Guadalajara,Rubeola,0,boletin_pdf,0.0,0.0,0.0,0.0,False,False,False,0,False
2018,9,2018-02-26,Jalisco,Guadalajara,Sarampion,0,boletin_pdf,0.0,0.0,0.0,0.0,False,False,False,0,False
2018,9,2018-02-26,Nuevo León,Monterrey,Erisipela,92,boletin_pdf,91.5,22.8837642591132,137.2675285182264,0.02184955212518765,False,False,False,0,False
2018,9,2018-02-26,Nuevo León,Monterrey,Escarlatina,2,boletin_pdf,6.5,4.123105625617661,14.746211251235321,-1.0914103126634984,False,False,False,0,False
2018,9,2018-02-26,Nuevo León,Monterrey,Rubeola,0,boletin_pdf,0.0,0.0,0.0,0.0,False,False,False,0,False
2018,9,2018-02-26,Nuevo León,Monterrey,Sarampion,0,boletin_pdf,0.0,0.0,0.0,0.0,False,False,False,0,False
2018,10,2018-03-05,Ciudad de México,CDMX,Erisipela,10,boletin_pdf,5.5,4.123105625617661,13.746211251235321,1.0914103126634984,False,False,False,0,False
2018,10,2018-03-05,Ciudad de México,CDMX,Escarlatina,30,boletin_pdf,18.5,14.45683229480096,47.41366458960192,0.7954716334459858,False,False,False,0,False
2018,10,2018-03-05,Ciudad de México,CDMX,Rubeola,0,boletin_pdf,0.0,0.0,0.0,0.0,False,False,False,0,False
2018,10,2018-03-05,Ciudad de México,CDMX,Sarampion,0,SEFE_pdf,0.0,0.0,0.0,0.0,False,False,False,0,False
2018,10,2018-03-05,Ciudad de México,CDMX,Sarampion,0,boletin_pdf,0.0,0.0,0.0,0.0,False,False,False,0,False
2018,10,2018-03-05,Jalisco,Guadalajara,Erisipela,8,boletin_pdf,9.5,1.9148542155126764,13.329708431025352,-0.7833494518006402,False,False,False,0,False
2018,10,2018-03-05,Jalisco,Guadalajara,Escarlatina,2,boletin_pdf,4.5,2.516611478423583,9.533222956847165,-0.9933992677987828,False,False,False,0,False
2018,10,2018-03-05,Jalisco,Guadalajara,Rubeola,0,boletin_pdf,0.0,0.0,0.0,0.0,False,False,False,0,False
2018,10,2018-03-05,Jalisco,Guadalajara,Sarampion,0,SEFE_pdf,0.0,0.0,0.0,0.0,False,False,False,0,False
2018,10,2018-03-05,Jalisco,Guadalajara,Sarampion,0,boletin_pdf,0.0,0.0,0.0,0.0,False,False,False,0,False
2018,10,2018-03-05,Nuevo León,Monterrey,Erisipela,78,boletin_pdf,89.5,17.0,123.5,-0.6764705882352942,False,False,False,0,False
2018,10,2018-03-05,Nuevo León,Monterrey,Escarlatina,2,boletin_pdf,9.5,9.0,27.5,-0.8333333333333334,False,False,False,0,False
2018,10,2018-03-05,Nuevo León,Monterrey,Rubeola,0,boletin_pdf,0.0,0.0,0.0,0.0,False,False,False,0,False
2018,10,2018-03-05,Nuevo León,Monterrey,Sarampion,0,SEFE_pdf,0.0,0.0,0.0,0.0,False,False,False,0,False
2018,10,2018-03-05,Nuevo León,Monterrey,Sarampion,0,boletin_pdf,0.0,0.0,0.0,0.0,False,False,False,0,False
2018,11,2018-03-12,Ciudad de México,CDMX,Erisipela,18,boletin_pdf,16.0,10.954451150103322,37.90890230020665,0.18257418583505536,False,False,False,0,False
2018,11,2018-03-12,Ciudad de México,CDMX,Escarlatina,24,boletin_pdf,20.0,13.856406460551018,47.712812921102035,0.2886751345948129,False,False,False,0,False
2018,11,2018-03-12,Ciudad de México,CDMX,Rubeola,0,boletin_pdf,0.0,0.0,0.0,0.0,False,False,False,0,False
2018,11,2018-03-12,Ciudad de México,CDMX,Sarampion,0,boletin_pdf,0.0,0.0,0.0,0.0,False,False,False,0,False
2018,11,2018-03-12,Jalisco,Guadalajara,Erisipela,4,boletin_pdf,7.5,4.725815626252609,16.951631252505216,-0.7406128966515281,False,False,False,0,False
2018,11,2018-03-12,Jalisco,Guadalajara,Escarlatina,2,boletin_pdf,5.5,4.725815626252608,14.951631252505216,-0.7406128966515283,False,False,False,0,False
2018,11,2018-03-12,Jalisco,Guadalajara,Rubeola,0,boletin_pdf,0.0,0.0,0.0,0.0,False,False,False,0,False
2018,11,2018-03-12,Jalisco,Guadalajara,Sarampion,0,boletin_pdf,0.0,0.0,0.0,0.0,False,False,False,0,False
2018,11,2018-03-12,Nuevo León,Monterrey,Erisipela,84,boletin_pdf,74.0,9.521904571390467,93.04380914278093,1.0502100630210074,False,False,False,0,False
2018,11,2018-03-12,Nuevo León,Monterrey,Escarlatina,2,boletin_pdf,5.0,4.760952285695233,14.521904571390467,-0.6301260378126045,False,False,False,0,False
2018,11,2018-03-12,Nuevo León,Monterrey,Rubeola,0,boletin_pdf,0.0,0.0,0.0,0.0,False,False,False,0,False
2018,11,2018-03-12,Nuevo León,Monterrey,Sarampion,0,boletin_pdf,0.0,0.0,0.0,0.0,False,False,False,0,False
2018,12,2018-03-19,Ciudad de México,CDMX,Erisipela,24,boletin_pdf,11.0,9.865765724632494,30.73153144926499,1.3176878878789977,False,True,False,1,False
2018,12,2018-03-19,Ciudad de México,CDMX,Escarlatina,34,boletin_pdf,20.5,15.864005379054394,52.22801075810879,0.8509830700022553,False,False,False,0,False
2018,12,2018-03-19,Ciudad de México,CDMX,Rubeola,0,boletin_pdf,0.0,0.0,0.0,0.0,False,False,False,0,False
2018,12,2018-03-19,Ciudad de México,CDMX,Sarampion,0,boletin_pdf,0.0,0.0,0.0,0.0,False,False,False,0,False
2018,12,2018-03-19,Jalisco,Guadalajara,Erisipela,20,boletin_pdf,10.5,6.60807586719967,23.71615173439934,1.437634826070157,False,False,False,0,False
2018,12,2018-03-19,Jalisco,Guadalajara,Escarlatina,14,boletin_pdf,5.0,6.2182527020592095,17.43650540411842,1.4473519220310231,False,False,False,0,False
2018,12,2018-03-19,Jalisco,Guadalajara,Rubeola,0,boletin_pdf,0.0,0.0,0.0,0.0,False,False,False,0,False
2018,12,2018-03-19,Jalisco,Guadalajara,Sarampion,0,boletin_pdf,0.0,0.0,0.0,0.0,False,False,False,0,False
2018,12,2018-03-19,Nuevo León,Monterrey,Erisipela,56,boletin_pdf,81.0,16.852299546352715,114.70459909270542,-1.483477072742317,False,False,False,0,False
2018,12,2018-03-19,Nuevo León,Monterrey,Escarlatina,0,boletin_pdf,11.0,11.604596790352806,34.209193580705616,-0.9479002328753531,False,False,False,0,False
2018,12,2018-03-19,Nuevo León,Monterrey,Rubeola,0,boletin_pdf,0.0,0.0,0.0,0.0,False,False,False,0,False
2018,12,2018-03-19,Nuevo León,Monterrey,Sarampion,0,boletin_pdf,0.0,0.0,0.0,0.0,False,False,False,0,False
2018,13,2018-03-26,Ciudad de México,CDMX,Erisipela,8,boletin_pdf,9.5,7.54983443527075,24.5996688705415,-0.19867985355975656,False,False,False,0,False
2018,13,2018-03-26,Ciudad de México,CDMX,Escarlatina,34,boletin_pdf,18.0,15.05545305418162,48.11090610836324,1.0627378626481143,False,False,False,0,False
2018,13,2018-03-26,Ciudad de México,CDMX,Rubeola,0,boletin_pdf,0.0,0.0,0.0,0.0,False,False,False,0,False
2018,13,2018-03-26,Ciudad de México,CDMX,Sarampion,0,boletin_pdf,0.0,0.0,0.0,0.0,False,False,False,0,False
2018,13,2018-03-26,Jalisco,Guadalajara,Erisipela,16,boletin_pdf,13.0,3.4641016151377544,19.928203230275507,0.8660254037844387,False,False,False,0,False
2018,13,2018-03-26,Jalisco,Guadalajara,Escarlatina,6,boletin_pdf,5.5,6.191391873668904,17.882783747337808,0.08075728530872482,False,False,False,0,False
2018,13,2018-03-26,Jalisco,Guadalajara,Rubeola,0,boletin_pdf,0.0,0.0,0.0,0.0,False,False,False,0,False
2018,13,2018-03-26,Jalisco,Guadalajara,Sarampion,0,boletin_pdf,0.0,0.0,0.0,0.0,False,False,False,0,False
2018,13,2018-03-26,Nuevo León,Monterrey,Erisipela,72,boletin_pdf,72.5,36.71057976478534,145.92115952957067,-0.01362005185436013,False,False,False,0,False
2018,13,2018-03-26,Nuevo León,Monterrey,Escarlatina,4,boletin_pdf,6.0,1.632993161855452,9.265986323710905,-1.224744871391589,False,False,False,0,False
2018,13,2018-03-26,Nuevo León,Monterrey,Rubeola,0,boletin_pdf,0.0,0.0,0.0,0.0,False,False,False,0,False
2018,13,2018-03-26,Nuevo León,Monterrey,Sarampion,0,boletin_pdf,0.0,0.0,0.0,0.0,False,False,False,0,False
2018,14,2018-04-02,Ciudad de México,CDMX,Erisipela,8,boletin_pdf,8.0,7.483314773547883,22.966629547095764,0.0,False,False,False,0,False
2018,14,2018-04-02,Ciudad de México,CDMX,Escarlatina,18,boletin_pdf,19.5,15.609825965290794,50.71965193058159,-0.09609331989577097,False,False,False,0,False
2018,14,2018-04-02,Ciudad de México,CDMX,Rubeola,0,boletin_pdf,0.0,0.0,0.0,0.0,False,False,False,0,False
2018,14,2018-04-02,Ciudad de México,CDMX,Sarampion,0,SEFE_pdf,0.0,0.0,0.0,0.0,False,False,False,0,False
2018,14,2018-04-02,Ciudad de México,CDMX,Sarampion,0,boletin_pdf,0.0,0.0,0.0,0.0,False,False,False,0,False
2018,14,2018-04-02,Jalisco,Guadalajara,Erisipela,2,boletin_pdf,8.0,5.887840577551898,19.775681155103797,-1.0190493307301363,False,False,False,0,False
2018,14,2018-04-02,Jalisco,Guadalajara,Escarlatina,2,boletin_pdf,6.0,5.656854249492381,17.31370849898476,-0.7071067811865475,False,False,False,0,False
2018,14,2018-04-02,Jalisco,Guadalajara,Rubeola,0,boletin_pdf,0.0,0.0,0.0,0.0,False,False,False,0,False
2018,14,2018-04-02,Jalisco,Guadalajara,Sarampion,0,SEFE_pdf,0.0,0.0,0.0,0.0,False,False,False,0,False
2018,14,2018-04-02,Jalisco,Guadalajara,Sarampion,0,boletin_pdf,0.0,0.0,0.0,0.0,False,False,False,0,False
2018,14,2018-04-02,Nuevo León,Monterrey,Erisipela,68,boletin_pdf,92.0,33.94112549695428,159.88225099390854,-0.7071067811865476,False,False,False,0,False
2018,14,2018-04-02,Nuevo León,Monterrey,Escarlatina,0,boletin_pdf,5.0,3.4641016151377544,11.928203230275509,-1.4433756729740645,False,False,False,0,False
2018,14,2018-04-02,Nuevo León,Monterrey,Rubeola,0,boletin_pdf,0.0,0.0,0.0,0.0,False,False,False,0,False
2018,14,2018-04-02,Nuevo León,Monterrey,Sarampion,0,SEFE_pdf,0.0,0.0,0.0,0.0,False,False,False,0,False
2018,14,2018-04-02,Nuevo León,Monterrey,Sarampion,0,boletin_pdf,0.0,0.0,0.0,0.0,False,False,False,0,False
2018,15,2018-04-09,Ciudad de México,CDMX,Erisipela,40,boletin_pdf,13.5,18.138357147217054,49.77671429443411,1.460992293012924,False,True,False,1,False
2018,15,2018-04-09,Ciudad de México,CDMX,Escarlatina,12,boletin_pdf,14.5,11.0,36.5,-0.22727272727272727,False,False,False,0,False
2018,15,2018-04-09,Ciudad de México,CDMX,Rubeola,0,boletin_pdf,0.0,0.0,0.0,0.0,False,False,False,0,False
2018,15,2018-04-09,Ciudad de México,CDMX,Sarampion,0,boletin_pdf,0.0,0.0,0.0,0.0,False,False,False,0,False
2018,15,2018-04-09,Jalisco,Guadalajara,Erisipela,14,boletin_pdf,9.5,4.123105625617661,17.746211251235323,1.0914103126634984,False,False,False,0,False
2018,15,2018-04-09,Jalisco,Guadalajara,Escarlatina,14,boletin_pdf,7.0,5.773502691896258,18.547005383792516,1.212435565298214,False,False,False,0,False
2018,15,2018-04-09,Jalisco,Guadalajara,Rubeola,0,boletin_pdf,0.0,0.0,0.0,0.0,False,False,False,0,False
2018,15,2018-04-09,Jalisco,Guadalajara,Sarampion,0,boletin_pdf,0.0,0.0,0.0,0.0,False,False,False,0,False
2018,15,2018-04-09,Nuevo León,Monterrey,Erisipela,108,boletin_pdf,93.5,11.0,115.5,1.3181818181818181,False,False,False,0,False
2018,15,2018-04-09,Nuevo León,Monterrey,Escarlatina,6,boletin_pdf,17.0,13.71130920080209,44.42261840160418,-0.80225745323842,False,False,False,0,False
2018,15,2018-04-09,Nuevo León,Monterrey,Rubeola,0,boletin_pdf,0.0,0.0,0.0,0.0,False,False,False,0,False
2018,15,2018-04-09,Nuevo León,Monterrey,Sarampion,0,boletin_pdf,0.0,0.0,0.0,0.0,False,False,False,0,False
2018,16,2018-04-16,Ciudad de México,CDMX,Erisipela,10,boletin_pdf,8.0,5.41602560309064,18.83205120618128,0.3692744729379982,False,False,False,0,False
2018,16,2018-04-16,Ciudad de México,CDMX,Escarlatina,24,boletin_pdf,20.0,13.856406460551018,47.712812921102035,0.2886751345948129,False,False,False,0,False
2018,16,2018-04-16,Ciudad de México,CDMX,Rubeola,0,boletin_pdf,0.0,0.0,0.0,0.0,False,False,False,0,False
2018,16,2018-04-16,Ciudad de México,CDMX,Sarampion,0,boletin_pdf,0.0,0.0,0.0,0.0,False,False,False,0,False
2018,16,2018-04-16,Jalisco,Guadalajara,Erisipela,16,boletin_pdf,8.5,6.60807586719967,21.71615173439934,1.1349748626869662,False,False,False,0,False
2018,16,2018-04-16,Jalisco,Guadalajara,Escarlatina,4,boletin_pdf,4.0,1.632993161855452,7.265986323710904,0.0,False,False,False,0,False
2018,16,2018-04-16,Jalisco,Guadalajara,Rubeola,0,boletin_pdf,0.0,0.0,0.0,0.0,False,False,False,0,False
2018,16,2018-04-16,Jalisco,Guadalajara,Sarampion,0,boletin_pdf,0.0,0.0,0.0,0.0,False,False,False,0,False
2018,16,2018-04-16,Nuevo León,Monterrey,Erisipela,76,boletin_pdf,94.0,16.08311744241976,126.16623488483953,-1.1191860075910656,False,False,False,0,False
2018,16,2018-04-16,Nuevo León,Monterrey,Escarlatina,6,boletin_pdf,10.0,8.16496580927726,26.32993161855452,-0.4898979485566356,False,False,False,0,False
2018,16,2018-04-16,Nuevo León,Monterrey,Rubeola,0,boletin_pdf,0.0,0.0,0.0,0.0,False,False,False,0,False
2018,16,2018-04-16,Nuevo León,Monterrey,Sarampion,0,boletin_pdf,0.0,0.0,0.0,0.0,False,False,False,0,False
2018,17,2018-04-23,Ciudad de México,CDMX,Erisipela,16,boletin_pdf,10.0,8.485281374238571,26.970562748477143,0.7071067811865475,False,False,False,0,False
2018,17,2018-04-23,Ciudad de México,CDMX,Escarlatina,28,boletin_pdf,18.5,12.583057392117917,43.66611478423583,0.7549834435270749,False,False,False,0,False
2018,17,2018-04-23,Ciudad de México,CDMX,Rubeola,0,boletin_pdf,0.0,0.0,0.0,0.0,False,False,False,0,False
2018,17,2018-04-23,Ciudad de México,CDMX,Sarampion,0,boletin_pdf,0.0,0.0,0.0,0.0,False,False,False,0,False
2018,17,2018-04-23,Jalisco,Guadalajara,Erisipela,18,boletin_pdf,9.0,6.2182527020592095,21.43650540411842,1.4473519220310231,False,False,False,0,False
2018,17,2018-04-23,Jalisco,Guadalajara,Escarlatina,10,boletin_pdf,5.0,4.163331998932265,13.32666399786453,1.2009611535381535,False,False,False,0,False
2018,17,2018-04-23,Jalisco,Guadalajara,Rubeola,0,boletin_pdf,0.0,0.0,0.0,0.0,False,False,False,0,False
2018,17,2018-04-23,Jalisco,Guadalajara,Sarampion,0,boletin_pdf,0.0,0.0,0.0,0.0,False,False,False,0,False
2018,17,2018-04-23,Nuevo León,Monterrey,Erisipela,86,boletin_pdf,79.5,25.73583752927682,130.97167505855364,0.25256609553140313,False,False,False,0,False
2018,17,2018-04-23,Nuevo León,Monterrey,Escarlatina,8,boletin_pdf,11.0,5.291502622129181,21.583005244258363,-0.5669467095138409,False,False,False,0,False
2018,17,2018-04-23,Nuevo León,Monterrey,Rubeola,0,boletin_pdf,0.0,0.0,0.0,0.0,False,False,False,0,False
2018,17,2018-04-23,Nuevo León,Monterrey,Sarampion,0,boletin_pdf,0.0,0.0,0.0,0.0,False,False,False,0,False
2018,18,2018-04-30,Ciudad de México,CDMX,Erisipela,14,boletin_pdf,10.5,8.54400374531753,27.58800749063506,0.409644015186457,False,False,False,0,False
2018,18,2018-04-30,Ciudad de México,CDMX,Escarlatina,24,boletin_pdf,15.0,10.893423092245461,36.786846184490926,0.8261865828388412,False,False,False,0,False
2018,18,2018-04-30,Ciudad de México,CDMX,Rubeola,0,boletin_pdf,0.0,0.0,0.0,0.0,False,False,False,0,False
2018,18,2018-04-30,Ciudad de México,CDMX,Sarampion,0,SEFE_pdf,0.0,0.0,0.0,0.0,False,False,False,0,False
2018,18,2018-04-30,Ciudad de México,CDMX,Sarampion,0,boletin_pdf,0.0,0.0,0.0,0.0,False,False,False,0,False
2018,18,2018-04-30,Jalisco,Guadalajara,Erisipela,8,boletin_pdf,4.0,3.6514837167011076,11.302967433402216,1.0954451150103321,False,False,False,0,False
2018,18,2018-04-30,Jalisco,Guadalajara,Escarlatina,4,boletin_pdf,4.0,5.656854249492381,15.313708498984761,0.0,False,False,False,0,False
2018,18,2018-04-30,Jalisco,Guadalajara,Rubeola,0,boletin_pdf,0.0,0.0,0.0,0.0,False,False,False,0,False
2018,18,2018-04-30,Jalisco,Guadalajara,Sarampion,0,SEFE_pdf,0.0,0.0,0.0,0.0,False,False,False,0,False
2018,18,2018-04-30,Jalisco,Guadalajara,Sarampion,0,boletin_pdf,0.0,0.0,0.0,0.0,False,False,False,0,False
2018,18,2018-04-30,Nuevo León,Monterrey,Erisipela,90,boletin_pdf,95.5,15.864005379054392,127.22801075810878,-0.34669680629721517,False,False,False,0,False
2018,18,2018-04-30,Nuevo León,Monterrey,Escarlatina,8,boletin_pdf,24.0,29.34848093740685,82.6969618748137,-0.5451730205091057,False,False,False,0,False
2018,18,2018-04-30,Nuevo León,Monterrey,Rubeola,0,boletin_pdf,0.0,0.0,0.0,0.0,False,False,False,0,False
2018,18,2018-04-30,Nuevo León,Monterrey,Sarampion,0,SEFE_pdf,0.0,0.0,0.0,0.0,False,False,False,0,False
2018,18,2018-04-30,Nuevo León,Monterrey,Sarampion,0,boletin_pdf,0.0,0.0,0.0,0.0,False,False,False,0,False
2018,19,2018-05-07,Ciudad de México,CDMX,Erisipela,16,boletin_pdf,13.0,9.309493362512628,31.618986725025255,0.3222516933177448,False,False,False,0,False
2018,19,2018-05-07,Ciudad de México,CDMX,Escarlatina,22,boletin_pdf,18.0,12.110601416389967,42.22120283277994,0.3302891295379082,False,False,False,0,False
2018,19,2018-05-07,Ciudad de México,CDMX,Rubeola,0,boletin_pdf,0.0,0.0,0.0,0.0,False,False,False,0,False
2018,19,2018-05-07,Ciudad de México,CDMX,Sarampion,0,boletin_pdf,0.0,0.0,0.0,0.0,False,False,False,0,False
2018,19,2018-05-07,Jalisco,Guadalajara,Erisipela,16,boletin_pdf,10.0,5.887840577551898,21.775681155103797,1.0190493307301363,False,False,False,0,False
2018,19,2018-05-07,Jalisco,Guadalajara,Escarlatina,6,boletin_pdf,6.0,3.265986323710904,12.531972647421808,0.0,False,False,False,0,False
2018,19,2018-05-07,Jalisco,Guadalajara,Rubeola,0,boletin_pdf,0.0,0.0,0.0,0.0,False,False,False,0,False
2018,19,2018-05-07,Jalisco,Guadalajara,Sarampion,0,boletin_pdf,0.0,0.0,0.0,0.0,False,False,False,0,False
2018,19,2018-05-07,Nuevo León,Monterrey,Erisipela,70,boletin_pdf,97.5,24.78574859336174,147.0714971867235,-1.1095085507066431,False,False,False,0,False
2018,19,2018-05-07,Nuevo León,Monterrey,Escarlatina,6,boletin_pdf,11.5,7.187952884282608,25.875905768565218,-0.7651691780042776,False,False,False,0,False
2018,19,2018-05-07,Nuevo León,Monterrey,Rubeola,0,boletin_pdf,0.0,0.0,0.0,0.0,False,False,False,0,False
2018,19,2018-05-07,Nuevo León,Monterrey,Sarampion,0,boletin_pdf,0.0,0.0,0.0,0.0,False,False,False,0,False
2018,20,2018-05-14,Ciudad de México,CDMX,Erisipela,8,boletin_pdf,6.0,4.320493798938574,14.640987597877148,0.4629100498862757,False,False,False,0,False
2018,20,2018-05-14,Ciudad de México,CDMX,Escarlatina,26,boletin_pdf,19.0,13.316656236958787,45.63331247391757,0.5256574830378468,False,False,False,0,False
2018,20,2018-05-14,Ciudad de México,CDMX,Rubeola,0,boletin_pdf,0.0,0.0,0.0,0.0,False,False,False,0,False
2018,20,2018-05-14,Ciudad de México,CDMX,Sarampion,0,boletin_pdf,0.0,0.0,0.0,0.0,False,False,False,0,False
2018,20,2018-05-14,Jalisco,Guadalajara,Erisipela,6,boletin_pdf,6.0,2.8284271247461903,11.65685424949238,0.0,False,False,False,0,False
2018,20,2018-05-14,Jalisco,Guadalajara,Escarlatina,6,boletin_pdf,143.5,276.3445916484224,696.1891832968448,-0.4975671829862821,False,False,False,0,False
2018,20,2018-05-14,Jalisco,Guadalajara,Rubeola,0,boletin_pdf,0.0,0.0,0.0,0.0,False,False,False,0,False
2018,20,2018-05-14,Jalisco,Guadalajara,Sarampion,0,boletin_pdf,0.0,0.0,0.0,0.0,False,False,False,0,False
2018,20,2018-05-14,Nuevo León,Monterrey,Erisipela,122,boletin_pdf,87.0,46.88994206294849,180.77988412589698,0.7464287320511814,False,False,False,0,False
2018,20,2018-05-14,Nuevo León,Monterrey,Escarlatina,12,boletin_pdf,172.0,324.0041152002034,820.0082304004068,-0.4938208883585796,False,False,False,0,False
2018,20,2018-05-14,Nuevo León,Monterrey,Rubeola,0,boletin_pdf,0.0,0.0,0.0,0.0,False,False,False,0,False
2018,20,2018-05-14,Nuevo León,Monterrey,Sarampion,0,boletin_pdf,0.0,0.0,0.0,0.0,False,False,False,0,False
2018,21,2018-05-21,Ciudad de México,CDMX,Erisipela,16,boletin_pdf,11.0,7.571877794400366,26.14375558880073,0.6603381797442178,False,False,False,0,False
2018,21,2018-05-21,Ciudad de México,CDMX,Escarlatina,10,boletin_pdf,13.5,10.754843869934453,35.00968773986891,-0.3254347568712154,False,False,False,0,False
2018,21,2018-05-21,Ciudad de México,CDMX,Rubeola,0,boletin_pdf,0.0,0.0,0.0,0.0,False,False,False,0,False
2018,21,2018-05-21,Ciudad de México,CDMX,Sarampion,0,boletin_pdf,0.0,0.0,0.0,0.0,False,False,False,0,False
2018,21,2018-05-21,Jalisco,Guadalajara,Erisipela,6,boletin_pdf,7.5,3.415650255319866,14.331300510639732,-0.43915503282683993,False,False,False,0,False
2018,21,2018-05-21,Jalisco,Guadalajara,Escarlatina,6,boletin_pdf,7.0,5.773502691896258,18.547005383792516,-0.1732050807568877,False,False,False,0,False
2018,21,2018-05-21,Jalisco,Guadalajara,Rubeola,0,boletin_pdf,0.0,0.0,0.0,0.0,False,False,False,0,False
2018,21,2018-05-21,Jalisco,Guadalajara,Sarampion,0,boletin_pdf,0.0,0.0,0.0,0.0,False,False,False,0,False
2018,21,2018-05-21,Nuevo León,Monterrey,Erisipela,106,boletin_pdf,107.5,5.7445626465380295,118.98912529307606,-0.2611164839335467,False,False,False,0,False
2018,21,2018-05-21,Nuevo León,Monterrey,Escarlatina,14,boletin_pdf,10.0,4.898979485566356,19.79795897113271,0.8164965809277261,False,False,False,0,False
2018,21,2018-05-21,Nuevo León,Monterrey,Rubeola,0,boletin_pdf,0.0,0.0,0.0,0.0,False,False,False,0,False
2018,21,2018-05-21,Nuevo León,Monterrey,Sarampion,0,boletin_pdf,0.0,0.0,0.0,0.0,False,False,False,0,False
2018,22,2018-05-28,Ciudad de México,CDMX,Erisipela,18,boletin_pdf,11.0,8.717797887081348,28.435595774162696,0.8029550685469661,False,False,False,0,False
2018,22,2018-05-28,Ciudad de México,CDMX,Escarlatina,24,boletin_pdf,16.0,11.313708498984761,38.62741699796952,0.7071067811865475,False,False,False,0,False
2018,22,2018-05-28,Ciudad de México,CDMX,Rubeola,0,boletin_pdf,0.0,0.0,0.0,0.0,False,False,False,0,False
2018,22,2018-05-28,Ciudad de México,CDMX,Sarampion,0,boletin_pdf,0.0,0.0,0.0,0.0,False,False,False,0,False
2018,22,2018-05-28,Jalisco,Guadalajara,Erisipela,8,boletin_pdf,9.0,2.581988897471611,14.163977794943222,-0.3872983346207417,False,False,False,0,False
2018,22,2018-05-28,Jalisco,Guadalajara,Escarlatina,4,boletin_pdf,7.5,3.415650255319866,14.331300510639732,-1.02469507659596,False,False,False,0,False
2018,22,2018-05-28,Jalisco,Guadalajara,Rubeola,0,boletin_pdf,0.0,0.0,0.0,0.0,False,False,False,0,False
2018,22,2018-05-28,Jalisco,Guadalajara,Sarampion,0,boletin_pdf,0.0,0.0,0.0,0.0,False,False,False,0,False
2018,22,2018-05-28,Nuevo León,Monterrey,Erisipela,136,boletin_pdf,125.5,13.69914839202301,152.898296784046,0.7664710023956037,False,False,False,0,False
2018,22,2018-05-28,Nuevo León,Monterrey,Escarlatina,12,boletin_pdf,14.0,4.320493798938574,22.64098759787715,-0.4629100498862757,False,False,False,0,False
2018,22,2018-05-28,Nuevo León,Monterrey,Rubeola,0,boletin_pdf,0.0,0.0,0.0,0.0,False,False,False,0,False
2018,22,2018-05-28,Nuevo León,Monterrey,Sarampion,0,boletin_pdf,0.0,0.0,0.0,0.0,False,False,False,0,False
2018,23,2018-06-04,Ciudad de México,CDMX,Erisipela,26,boletin_pdf,14.0,10.708252269472673,35.41650453894535,1.1206310514564426,False,False,False,0,False
2018,23,2018-06-04,Ciudad de México,CDMX,Escarlatina,28,boletin_pdf,21.5,15.438048235879215,52.37609647175843,0.42103767916034224,False,False,False,0,False
2018,23,2018-06-04,Ciudad de México,CDMX,Rubeola,0,boletin_pdf,0.0,0.0,0.0,0.0,False,False,False,0,False
2018,23,2018-06-04,Ciudad de México,CDMX,Sarampion,0,SEFE_pdf,0.0,0.0,0.0,0.0,False,False,False,0,False
2018,23,2018-06-04,Ciudad de México,CDMX,Sarampion,0,boletin_pdf,0.0,0.0,0.0,0.0,False,False,False,0,False
2018,23,2018-06-04,Jalisco,Guadalajara,Erisipela,6,boletin_pdf,6.0,2.8284271247461903,11.65685424949238,0.0,False,False,False,0,False
2018,23,2018-06-04,Jalisco,Guadalajara,Escarlatina,10,boletin_pdf,12.5,5.0,22.5,-0.5,False,False,False,0,False
2018,23,2018-06-04,Jalisco,Guadalajara,Rubeola,0,boletin_pdf,0.0,0.0,0.0,0.0,False,False,False,0,False
2018,23,2018-06-04,Jalisco,Guadalajara,Sarampion,0,SEFE_pdf,0.0,0.0,0.0,0.0,False,False,False,0,False
2018,23,2018-06-04,Jalisco,Guadalajara,Sarampion,0,boletin_pdf,0.0,0.0,0.0,0.0,False,False,False,0,False
2018,23,2018-06-04,Nuevo León,Monterrey,Erisipela,154,boletin_pdf,118.0,29.574764017091777,177.14952803418356,1.2172540068010336,False,False,False,0,False
2018,23,2018-06-04,Nuevo León,Monterrey,Escarlatina,10,boletin_pdf,13.0,7.393691004272944,27.78738200854589,-0.40575133560034454,False,False,False,0,False
2018,23,2018-06-04,Nuevo León,Monterrey,Rubeola,0,boletin_pdf,0.0,0.0,0.0,0.0,False,False,False,0,False
2018,23,2018-06-04,Nuevo León,Monterrey,Sarampion,0,SEFE_pdf,0.0,0.0,0.0,0.0,False,False,False,0,False
2018,23,2018-06-04,Nuevo León,Monterrey,Sarampion,0,boletin_pdf,0.0,0.0,0.0,0.0,False,False,False,0,False
2018,24,2018-06-11,Ciudad de México,CDMX,Erisipela,14,boletin_pdf,12.5,9.146948489341495,30.79389697868299,0.16398911634277583,False,False,False,0,False
2018,24,2018-06-11,Ciudad de México,CDMX,Escarlatina,42,boletin_pdf,26.5,18.28478420253664,63.06956840507328,0.8476993673160055,False,False,False,0,False
2018,24,2018-06-11,Ciudad de México,CDMX,Rubeola,0,boletin_pdf,0.0,0.0,0.0,0.0,False,False,False,0,False
2018,24,2018-06-11,Ciudad de México,CDMX,Sarampion,0,boletin_pdf,0.0,0.0,0.0,0.0,False,False,False,0,False
2018,24,2018-06-11,Jalisco,Guadalajara,Erisipela,6,boletin_pdf,14.5,5.972157622389639,26.444315244779276,-1.4232712090741664,False,False,False,0,False
2018,24,2018-06-11,Jalisco,Guadalajara,Escarlatina,6,boletin_pdf,8.5,5.0,18.5,-0.5,False,False,False,0,False
2018,24,2018-06-11,Jalisco,Guadalajara,Rubeola,0,boletin_pdf,0.0,0.0,0.0,0.0,False,False,False,0,False
2018,24,2018-06-11,Jalisco,Guadalajara,Sarampion,0,boletin_pdf,0.0,0.0,0.0,0.0,False,False,False,0,False
2018,24,2018-06-11,Nuevo León,Monterrey,Erisipela,112,boletin_pdf,117.5,11.0,139.5,-0.5,False,False,False,0,False
2018,24,2018-06-11,Nuevo León,Monterrey,Escarlatina,8,boletin_pdf,5.5,1.9148542155126762,9.329708431025352,1.3055824196677337,False,False,False,0,False
2018,24,2018-06-11,Nuevo León,Monterrey,Rubeola,0,boletin_pdf,0.0,0.0,0.0,0.0,False,False,False,0,False
2018,24,2018-06-11,Nuevo León,Monterrey,Sarampion,0,boletin_pdf,0.0,0.0,0.0,0.0,False,False,False,0,False
2018,25,2018-06-18,Ciudad de México,CDMX,Erisipela,24,boletin_pdf,13.0,10.0,33.0,1.1,False,False,False,0,False
2018,25,2018-06-18,Ciudad de México,CDMX,Escarlatina,32,boletin_pdf,24.0,16.0,56.0,0.5,False,False,False,0,False
2018,25,2018-06-18,Ciudad de México,CDMX,Rubeola,0,boletin_pdf,0.0,0.0,0.0,0.0,False,False,False,0,False
2018,25,2018-06-18,Ciudad de México,CDMX,Sarampion,0,boletin_pdf,0.0,0.0,0.0,0.0,False,False,False,0,False
2018,25,2018-06-18,Jalisco,Guadalajara,Erisipela,14,boletin_pdf,12.5,3.0,18.5,0.5,False,False,False,0,False
2018,25,2018-06-18,Jalisco,Guadalajara,Escarlatina,6,boletin_pdf,7.0,4.163331998932265,15.32666399786453,-0.2401922307076307,False,False,False,0,False
2018,25,2018-06-18,Jalisco,Guadalajara,Rubeola,0,boletin_pdf,0.0,0.0,0.0,0.0,False,False,False,0,False
2018,25,2018-06-18,Jalisco,Guadalajara,Sarampion,0,boletin_pdf,0.0,0.0,0.0,0.0,False,False,False,0,False
2018,25,2018-06-18,Nuevo León,Monterrey,Erisipela,152,boletin_pdf,145.0,22.538855339169285,190.07771067833858,0.3105747782956399,False,False,False,0,False
2018,25,2018-06-18,Nuevo León,Monterrey,Escarlatina,26,boletin_pdf,17.5,6.8068592855540455,31.11371857110809,1.248740372529699,False,False,False,0,False
2018,25,2018-06-18,Nuevo León,Monterrey,Rubeola,0,boletin_pdf,0.0,0.0,0.0,0.0,False,False,False,0,False
2018,25,2018-06-18,Nuevo León,Monterrey,Sarampion,0,boletin_pdf,0.0,0.0,0.0,0.0,False,False,False,0,False
2018,26,2018-06-25,Ciudad de México,CDMX,Erisipela,10,boletin_pdf,9.0,7.393691004272944,23.78738200854589,0.13525044520011487,False,False,False,0,False
2018,26,2018-06-25,Ciudad de México,CDMX,Escarlatina,16,boletin_pdf,17.5,13.403979508588733,44.30795901717747,-0.11190706454294862,False,False,False,0,False
2018,26,2018-06-25,Ciudad de México,CDMX,Rubeola,0,boletin_pdf,0.0,0.0,0.0,0.0,False,False,False,0,False
2018,26,2018-06-25,Ciudad de México,CDMX,Sarampion,0,boletin_pdf,0.0,0.0,0.0,0.0,False,False,False,0,False
2018,26,2018-06-25,Jalisco,Guadalajara,Erisipela,18,boletin_pdf,12.0,4.320493798938574,20.64098759787715,1.3887301496588271,False,False,False,0,False
2018,26,2018-06-25,Jalisco,Guadalajara,Escarlatina,4,boletin_pdf,4.5,3.415650255319866,11.331300510639732,-0.14638501094227999,False,False,False,0,False
2018,26,2018-06-25,Jalisco,Guadalajara,Rubeola,0,boletin_pdf,0.0,0.0,0.0,0.0,False,False,False,0,False
2018,26,2018-06-25,Jalisco,Guadalajara,Sarampion,0,boletin_pdf,0.0,0.0,0.0,0.0,False,False,False,0,False
2018,26,2018-06-25,Nuevo León,Monterrey,Erisipela,146,boletin_pdf,125.5,21.06339637063944,167.62679274127888,0.9732523492068561,False,False,False,0,False
2018,26,2018-06-25,Nuevo León,Monterrey,Escarlatina,14,boletin_pdf,11.5,5.507570547286102,22.515141094572204,0.4539206495016018,False,False,False,0,False
2018,26,2018-06-25,Nuevo León,Monterrey,Rubeola,0,boletin_pdf,0.0,0.0,0.0,0.0,False,False,False,0,False
2018,26,2018-06-25,Nuevo León,Monterrey,Sarampion,0,boletin_pdf,0.0,0.0,0.0,0.0,False,False,False,0,False
2018,27,2018-07-02,Ciudad de México,CDMX,Erisipela,18,boletin_pdf,12.0,8.48528137423857,28.97056274847714,0.7071067811865476,False,False,False,0,False
2018,27,2018-07-02,Ciudad de México,CDMX,Escarlatina,24,boletin_pdf,13.0,10.392304845413264,33.78460969082653,1.058475493514314,False,False,False,0,False
2018,27,2018-07-02,Ciudad de México,CDMX,Rubeola,0,boletin_pdf,0.0,0.0,0.0,0.0,False,False,False,0,False
2018,27,2018-07-02,Ciudad de México,CDMX,Sarampion,0,SEFE_pdf,0.0,0.0,0.0,0.0,False,False,False,0,False
2018,27,2018-07-02,Ciudad de México,CDMX,Sarampion,0,boletin_pdf,0.0,0.0,0.0,0.0,False,False,False,0,False
2018,27,2018-07-02,Jalisco,Guadalajara,Erisipela,8,boletin_pdf,12.5,5.744562646538029,23.989125293076057,-0.7833494518006403,False,False,False,0,False
2018,27,2018-07-02,Jalisco,Guadalajara,Escarlatina,0,boletin_pdf,4.5,6.60807586719967,17.71615173439934,-0.6809849176121797,False,False,False,0,False
2018,27,2018-07-02,Jalisco,Guadalajara,Rubeola,0,boletin_pdf,0.0,0.0,0.0,0.0,False,False,False,0,False
2018,27,2018-07-02,Jalisco,Guadalajara,Sarampion,0,SEFE_pdf,0.0,0.0,0.0,0.0,False,False,False,0,False
2018,27,2018-07-02,Jalisco,Guadalajara,Sarampion,0,boletin_pdf,0.0,0.0,0.0,0.0,False,False,False,0,False
2018,27,2018-07-02,Nuevo León,Monterrey,Erisipela,134,boletin_pdf,117.5,12.041594578792296,141.5831891575846,1.3702504175867094,False,False,False,0,False
2018,27,2018-07-02,Nuevo León,Monterrey,Escarlatina,6,boletin_pdf,12.0,8.16496580927726,28.32993161855452,-0.7348469228349533,False,False,False,0,False
2018,27,2018-07-02,Nuevo León,Monterrey,Rubeola,0,boletin_pdf,0.0,0.0,0.0,0.0,False,False,False,0,False
2018,27,2018-07-02,Nuevo León,Monterrey,Sarampion,0,SEFE_pdf,0.0,0.0,0.0,0.0,False,False,False,0,False
2018,27,2018-07-02,Nuevo León,Monterrey,Sarampion,0,boletin_pdf,0.0,0.0,0.0,0.0,False,False,False,0,False
2018,28,2018-07-09,Ciudad de México,CDMX,Erisipela,10,boletin_pdf,8.5,5.972157622389639,20.444315244779276,0.25116550748367644,False,False,False,0,False
2018,28,2018-07-09,Ciudad de México,CDMX,Escarlatina,16,boletin_pdf,11.5,7.724420150837646,26.94884030167529,0.582568000202839,False,False,False,0,False
2018,28,2018-07-09,Ciudad de México,CDMX,Rubeola,0,boletin_pdf,0.0,0.0,0.0,0.0,False,False,False,0,False
2018,28,2018-07-09,Ciudad de México,CDMX,Sarampion,0,boletin_pdf,0.0,0.0,0.0,0.0,False,False,False,0,False
2018,28,2018-07-09,Jalisco,Guadalajara,Erisipela,10,boletin_pdf,11.5,4.43471156521669,20.369423130433383,-0.338240712601273,False,False,False,0,False
2018,28,2018-07-09,Jalisco,Guadalajara,Escarlatina,8,boletin_pdf,5.0,3.4641016151377544,11.928203230275509,0.8660254037844387,False,False,False,0,False
2018,28,2018-07-09,Jalisco,Guadalajara,Rubeola,0,boletin_pdf,0.0,0.0,0.0,0.0,False,False,False,0,False
2018,28,2018-07-09,Jalisco,Guadalajara,Sarampion,0,boletin_pdf,0.0,0.0,0.0,0.0,False,False,False,0,False
2018,28,2018-07-09,Nuevo León,Monterrey,Erisipela,132,boletin_pdf,112.0,20.720360357226735,153.44072071445348,0.9652341781316804,False,False,False,0,False
2018,28,2018-07-09,Nuevo León,Monterrey,Escarlatina,14,boletin_pdf,9.5,7.724420150837645,24.94884030167529,0.5825680002028392,False,False,False,0,False
2018,28,2018-07-09,Nuevo León,Monterrey,Rubeola,0,boletin_pdf,0.0,0.0,0.0,0.0,False,False,False,0,False
2018,28,2018-07-09,Nuevo León,Monterrey,Sarampion,0,boletin_pdf,0.0,0.0,0.0,0.0,False,False,False,0,False
2018,29,2018-07-16,Ciudad de México,CDMX,Erisipela,18,boletin_pdf,10.5,7.724420150837646,25.94884030167529,0.9709466670047319,False,False,False,0,False
2018,29,2018-07-16,Ciudad de México,CDMX,Escarlatina,20,boletin_pdf,18.0,12.328828005937952,42.6576560118759,0.16222142113076254,False,False,False,0,False
2018,29,2018-07-16,Ciudad de México,CDMX,Rubeola,0,boletin_pdf,0.0,0.0,0.0,0.0,False,False,False,0,False
2018,29,2018-07-16,Ciudad de México,CDMX,Sarampion,0,boletin_pdf,0.0,0.0,0.0,0.0,False,False,False,0,False
2018,29,2018-07-16,Jalisco,Guadalajara,Erisipela,8,boletin_pdf,5.0,2.0,9.0,1.5,False,True,False,1,False
2018,29,2018-07-16,Jalisco,Guadalajara,Escarlatina,8,boletin_pdf,4.5,5.259911279353167,15.019822558706334,0.6654104630507017,False,False,False,0,False
2018,29,2018-07-16,Jalisco,Guadalajara,Rubeola,0,boletin_pdf,0.0,0.0,0.0,0.0,False,False,False,0,False
2018,29,2018-07-16,Jalisco,Guadalajara,Sarampion,0,boletin_pdf,0.0,0.0,0.0,0.0,False,False,False,0,False
2018,29,2018-07-16,Nuevo León,Monterrey,Erisipela,116,boletin_pdf,114.0,9.380831519646858,132.76166303929372,0.21320071635561047,False,False,False,0,False
2018,29,2018-07-16,Nuevo León,Monterrey,Escarlatina,8,boletin_pdf,9.5,5.972157622389639,21.444315244779276,-0.25116550748367644,False,False,False,0,False
2018,29,2018-07-16,Nuevo León,Monterrey,Rubeola,0,boletin_pdf,0.0,0.0,0.0,0.0,False,False,False,0,False
2018,29,2018-07-16,Nuevo León,Monterrey,Sarampion,0,boletin_pdf,0.0,0.0,0.0,0.0,False,False,False,0,False
2018,30,2018-07-23,Ciudad de México,CDMX,Erisipela,8,boletin_pdf,6.0,6.324555320336759,18.64911064067352,0.31622776601683794,False,False,False,0,False
2018,30,2018-07-23,Ciudad de México,CDMX,Escarlatina,8,boletin_pdf,9.0,7.393691004272944,23.78738200854589,-0.13525044520011487,False,False,False,0,False
2018,30,2018-07-23,Ciudad de México,CDMX,Rubeola,0,boletin_pdf,0.0,0.0,0.0,0.0,False,False,False,0,False
2018,30,2018-07-23,Ciudad de México,CDMX,Sarampion,0,boletin_pdf,0.0,0.0,0.0,0.0,False,False,False,0,False
2018,30,2018-07-23,Jalisco,Guadalajara,Erisipela,12,boletin_pdf,8.5,4.123105625617661,16.746211251235323,0.8488746876271654,False,False,False,0,False
2018,30,2018-07-23,Jalisco,Guadalajara,Escarlatina,10,boletin_pdf,9.0,2.0,13.0,0.5,False,False,False,0,False
2018,30,2018-07-23,Jalisco,Guadalajara,Rubeola,0,boletin_pdf,0.0,0.0,0.0,0.0,False,False,False,0,False
2018,30,2018-07-23,Jalisco,Guadalajara,Sarampion,0,boletin_pdf,0.0,0.0,0.0,0.0,False,False,False,0,False
2018,30,2018-07-23,Nuevo León,Monterrey,Erisipela,138,boletin_pdf,121.0,12.055427546683415,145.11085509336684,1.4101532222037942,False,False,False,0,False
2018,30,2018-07-23,Nuevo León,Monterrey,Escarlatina,4,boletin_pdf,4.5,1.914854215512676,8.329708431025352,-0.2611164839335468,False,False,False,0,False
2018,30,2018-07-23,Nuevo León,Monterrey,Rubeola,0,boletin_pdf,0.0,0.0,0.0,0.0,False,False,False,0,False
2018,30,2018-07-23,Nuevo León,Monterrey,Sarampion,0,boletin_pdf,0.0,0.0,0.0,0.0,False,False,False,0,False
2018,31,2018-07-30,Ciudad de México,CDMX,Erisipela,14,boletin_pdf,9.0,6.2182527020592095,21.43650540411842,0.8040844011283462,False,False,False,0,False
2018,31,2018-07-30,Ciudad de México,CDMX,Escarlatina,18,boletin_pdf,10.5,7.724420150837646,25.94884030167529,0.9709466670047319,False,False,False,0,False
2018,31,2018-07-30,Ciudad de México,CDMX,Rubeola,0,boletin_pdf,0.0,0.0,0.0,0.0,False,False,False,0,False
2018,31,2018-07-30,Ciudad de México,CDMX,Sarampion,0,SEFE_pdf,0.0,0.0,0.0,0.0,False,False,False,0,False
2018,31,2018-07-30,Ciudad de México,CDMX,Sarampion,0,boletin_pdf,0.0,0.0,0.0,0.0,False,False,False,0,False
2018,31,2018-07-30,Jalisco,Guadalajara,Erisipela,18,boletin_pdf,9.5,6.191391873668904,21.882783747337808,1.372873850248322,False,False,False,0,False
2018,31,2018-07-30,Jalisco,Guadalajara,Escarlatina,2,boletin_pdf,5.5,4.43471156521669,14.36942313043338,-0.7892283294029703,False,False,False,0,False
2018,31,2018-07-30,Jalisco,Guadalajara,Rubeola,0,boletin_pdf,0.0,0.0,0.0,0.0,False,False,False,0,False
2018,31,2018-07-30,Jalisco,Guadalajara,Sarampion,0,SEFE_pdf,0.0,0.0,0.0,0.0,False,False,False,0,False
2018,31,2018-07-30,Jalisco,Guadalajara,Sarampion,0,boletin_pdf,0.0,0.0,0.0,0.0,False,False,False,0,False
2018,31,2018-07-30,Nuevo León,Monterrey,Erisipela,130,boletin_pdf,107.5,16.11417595369576,139.72835190739153,1.3962861063857046,False,False,False,0,False
2018,31,2018-07-30,Nuevo León,Monterrey,Escarlatina,4,boletin_pdf,3.5,2.5166114784235836,8.533222956847167,0.19867985355975654,False,False,False,0,False
2018,31,2018-07-30,Nuevo León,Monterrey,Rubeola,0,boletin_pdf,0.0,0.0,0.0,0.0,False,False,False,0,False
2018,31,2018-07-30,Nuevo León,Monterrey,Sarampion,0,SEFE_pdf,0.0,0.0,0.0,0.0,False,False,False,0,False
2018,31,2018-07-30,Nuevo León,Monterrey,Sarampion,0,boletin_pdf,0.0,0.0,0.0,0.0,False,False,False,0,False
2018,32,2018-08-06,Ciudad de México,CDMX,Erisipela,8,boletin_pdf,8.0,7.483314773547883,22.966629547095764,0.0,False,False,False,0,False
2018,32,2018-08-06,Ciudad de México,CDMX,Escarlatina,10,boletin_pdf,14.5,11.704699910719626,37.90939982143925,-0.38446094597254243,False,False,False,0,False
2018,32,2018-08-06,Ciudad de México,CDMX,Rubeola,0,boletin_pdf,0.0,0.0,0.0,0.0,False,False,False,0,False
2018,32,2018-08-06,Ciudad de México,CDMX,Sarampion,0,boletin_pdf,0.0,0.0,0.0,0.0,False,False,False,0,False
2018,32,2018-08-06,Jalisco,Guadalajara,Erisipela,12,boletin_pdf,11.0,5.033222956847167,21.066445913694334,0.19867985355975654,False,False,False,0,False
2018,32,2018-08-06,Jalisco,Guadalajara,Escarlatina,8,boletin_pdf,7.0,3.4641016151377544,13.928203230275509,0.2886751345948129,False,False,False,0,False
2018,32,2018-08-06,Jalisco,Guadalajara,Rubeola,0,boletin_pdf,0.0,0.0,0.0,0.0,False,False,False,0,False
2018,32,2018-08-06,Jalisco,Guadalajara,Sarampion,0,boletin_pdf,0.0,0.0,0.0,0.0,False,False,False,0,False
2018,32,2018-08-06,Nuevo León,Monterrey,Erisipela,108,boletin_pdf,116.0,16.32993161855452,148.65986323710905,-0.4898979485566356,False,False,False,0,False
2018,32,2018-08-06,Nuevo León,Monterrey,Escarlatina,6,boletin_pdf,6.0,1.632993161855452,9.265986323710905,0.0,False,False,False,0,False
2018,32,2018-08-06,Nuevo León,Monterrey,Rubeola,0,boletin_pdf,0.0,0.0,0.0,0.0,False,False,False,0,False
2018,32,2018-08-06,Nuevo León,Monterrey,Sarampion,0,boletin_pdf,0.0,0.0,0.0,0.0,False,False,False,0,False
2018,33,2018-08-13,Ciudad de México,CDMX,Erisipela,16,boletin_pdf,10.0,6.928203230275509,23.856406460551018,0.8660254037844387,False,False,False,0,False
2018,33,2018-08-13,Ciudad de México,CDMX,Escarlatina,8,boletin_pdf,11.0,10.0,31.0,-0.3,False,False,False,0,False
2018,33,2018-08-13,Ciudad de México,CDMX,Rubeola,0,boletin_pdf,0.0,0.0,0.0,0.0,False,False,False,0,False
2018,33,2018-08-13,Ciudad de México,CDMX,Sarampion,0,boletin_pdf,0.0,0.0,0.0,0.0,False,False,False,0,False
2018,33,2018-08-13,Jalisco,Guadalajara,Erisipela,6,boletin_pdf,7.5,1.9148542155126762,11.329708431025352,-0.7833494518006403,False,False,False,0,False
2018,33,2018-08-13,Jalisco,Guadalajara,Escarlatina,4,boletin_pdf,4.0,3.265986323710904,10.531972647421808,0.0,False,False,False,0,False
2018,33,2018-08-13,Jalisco,Guadalajara,Rubeola,0,boletin_pdf,0.0,0.0,0.0,0.0,False,False,False,0,False
2018,33,2018-08-13,Jalisco,Guadalajara,Sarampion,0,boletin_pdf,0.0,0.0,0.0,0.0,False,False,False,0,False
2018,33,2018-08-13,Nuevo León,Monterrey,Erisipela,138,boletin_pdf,112.0,27.80887148615228,167.61774297230457,0.9349534378964991,False,False,False,0,False
2018,33,2018-08-13,Nuevo León,Monterrey,Escarlatina,0,boletin_pdf,0.5,1.0,2.5,-0.5,False,False,False,0,False
2018,33,2018-08-13,Nuevo León,Monterrey,Rubeola,0,boletin_pdf,0.0,0.0,0.0,0.0,False,False,False,0,False
2018,33,2018-08-13,Nuevo León,Monterrey,Sarampion,0,boletin_pdf,0.0,0.0,0.0,0.0,False,False,False,0,False
2018,34,2018-08-20,Ciudad de México,CDMX,Erisipela,14,boletin_pdf,7.0,6.2182527020592095,19.43650540411842,1.1257181615796847,False,False,False,0,False
2018,34,2018-08-20,Ciudad de México,CDMX,Escarlatina,10,boletin_pdf,9.0,6.6332495807108,22.2664991614216,0.15075567228888181,False,False,False,0,False
2018,34,2018-08-20,Ciudad de México,CDMX,Rubeola,0,boletin_pdf,0.0,0.0,0.0,0.0,False,False,False,0,False
2018,34,2018-08-20,Ciudad de México,CDMX,Sarampion,0,boletin_pdf,0.0,0.0,0.0,0.0,False,False,False,0,False
2018,34,2018-08-20,Jalisco,Guadalajara,Erisipela,12,boletin_pdf,5.5,5.0,15.5,1.3,False,False,False,0,False
2018,34,2018-08-20,Jalisco,Guadalajara,Escarlatina,2,boletin_pdf,5.0,4.760952285695232,14.521904571390465,-0.6301260378126046,False,False,False,0,False
2018,34,2018-08-20,Jalisco,Guadalajara,Rubeola,0,boletin_pdf,0.0,0.0,0.0,0.0,False,False,False,0,False
2018,34,2018-08-20,Jalisco,Guadalajara,Sarampion,0,boletin_pdf,0.0,0.0,0.0,0.0,False,False,False,0,False
2018,34,2018-08-20,Nuevo León,Monterrey,Erisipela,118,boletin_pdf,117.0,19.493588689617926,155.98717737923585,0.051298917604257706,False,False,False,0,False
2018,34,2018-08-20,Nuevo León,Monterrey,Escarlatina,8,boletin_pdf,6.0,2.8284271247461903,11.65685424949238,0.7071067811865475,False,False,False,0,False
2018,34,2018-08-20,Nuevo León,Monterrey,Rubeola,0,boletin_pdf,0.0,0.0,0.0,0.0,False,False,False,0,False
2018,34,2018-08-20,Nuevo León,Monterrey,Sarampion,0,boletin_pdf,0.0,0.0,0.0,0.0,False,False,False,0,False
2018,35,2018-08-27,Ciudad de México,CDMX,Erisipela,18,boletin_pdf,9.5,7.54983443527075,24.5996688705415,1.1258525035052873,False,False,False,0,False
2018,35,2018-08-27,Ciudad de México,CDMX,Escarlatina,2,boletin_pdf,9.0,9.591663046625438,28.183326093250876,-0.7298004491997617,False,False,False,0,False
2018,35,2018-08-27,Ciudad de México,CDMX,Rubeola,0,boletin_pdf,0.0,0.0,0.0,0.0,False,False,False,0,False
2018,35,2018-08-27,Ciudad de México,CDMX,Sarampion,0,boletin_pdf,0.0,0.0,0.0,0.0,False,False,False,0,False
2018,35,2018-08-27,Jalisco,Guadalajara,Erisipela,6,boletin_pdf,9.5,4.725815626252608,18.951631252505216,-0.7406128966515283,False,False,False,0,False
2018,35,2018-08-27,Jalisco,Guadalajara,Escarlatina,4,boletin_pdf,6.0,2.309401076758503,10.618802153517006,-0.8660254037844387,False,False,False,0,False
2018,35,2018-08-27,Jalisco,Guadalajara,Rubeola,0,boletin_pdf,0.0,0.0,0.0,0.0,False,False,False,0,False
2018,35,2018-08-27,Jalisco,Guadalajara,Sarampion,0,boletin_pdf,0.0,0.0,0.0,0.0,False,False,False,0,False
2018,35,2018-08-27,Nuevo León,Monterrey,Erisipela,138,boletin_pdf,114.0,19.6638416050035,153.327683210007,1.2205143065174586,False,False,False,0,False
2018,35,2018-08-27,Nuevo León,Monterrey,Escarlatina,8,boletin_pdf,6.5,5.0,16.5,0.3,False,False,False,0,False
2018,35,2018-08-27,Nuevo León,Monterrey,Rubeola,0,boletin_pdf,0.0,0.0,0.0,0.0,False,False,False,0,False
2018,35,2018-08-27,Nuevo León,Monterrey,Sarampion,0,boletin_pdf,0.0,0.0,0.0,0.0,False,False,False,0,False
2018,36,2018-09-03,Ciudad de México,CDMX,Erisipela,14,boletin_pdf,10.0,7.118052168020874,24.23610433604175,0.5619514869490164,False,False,False,0,False
2018,36,2018-09-03,Ciudad de México,CDMX,Escarlatina,4,boletin_pdf,7.0,6.831300510639732,20.662601021279464,-0.43915503282683993,False,False,False,0,False
2018,36,2018-09-03,Ciudad de México,CDMX,Rubeola,0,boletin_pdf,0.0,0.0,0.0,0.0,False,False,False,0,False
2018,36,2018-09-03,Ciudad de México,CDMX,Sarampion,0,SEFE_pdf,0.0,0.0,0.0,0.0,False,False,False,0,False
2018,36,2018-09-03,Ciudad de México,CDMX,Sarampion,0,boletin_pdf,0.0,0.0,0.0,0.0,False,False,False,0,False
2018,36,2018-09-03,Jalisco,Guadalajara,Erisipela,6,boletin_pdf,7.5,7.187952884282608,21.875905768565218,-0.20868250309207573,False,False,False,0,False
2018,36,2018-09-03,Jalisco,Guadalajara,Escarlatina,0,boletin_pdf,6.0,5.163977794943222,16.327955589886443,-1.161895003862225,False,False,False,0,False
2018,36,2018-09-03,Jalisco,Guadalajara,Rubeola,0,boletin_pdf,0.0,0.0,0.0,0.0,False,False,False,0,False
2018,36,2018-09-03,Jalisco,Guadalajara,Sarampion,0,SEFE_pdf,0.0,0.0,0.0,0.0,False,False,False,0,False
2018,36,2018-09-03,Jalisco,Guadalajara,Sarampion,0,boletin_pdf,0.0,0.0,0.0,0.0,False,False,False,0,False
2018,36,2018-09-03,Nuevo León,Monterrey,Erisipela,128,boletin_pdf,107.0,20.165977949672232,147.33195589934445,1.0413578777289758,False,False,False,0,False
2018,36,2018-09-03,Nuevo León,Monterrey,Escarlatina,6,boletin_pdf,6.5,5.259911279353167,17.019822558706334,-0.09505863757867168,False,False,False,0,False
2018,36,2018-09-03,Nuevo León,Monterrey,Rubeola,0,boletin_pdf,0.0,0.0,0.0,0.0,False,False,False,0,False
2018,36,2018-09-03,Nuevo León,Monterrey,Sarampion,0,SEFE_pdf,0.0,0.0,0.0,0.0,False,False,False,0,False
2018,36,2018-09-03,Nuevo León,Monterrey,Sarampion,0,boletin_pdf,0.0,0.0,0.0,0.0,False,False,False,0,False
2018,37,2018-09-10,Ciudad de México,CDMX,Erisipela,18,boletin_pdf,12.5,8.386497083606082,29.272994167212165,0.6558161226516606,False,False,False,0,False
2018,37,2018-09-10,Ciudad de México,CDMX,Escarlatina,10,boletin_pdf,10.5,8.225975119502044,26.951950239004088,-0.060783067385483086,False,False,False,0,False
2018,37,2018-09-10,Ciudad de México,CDMX,Rubeola,0,boletin_pdf,0.0,0.0,0.0,0.0,False,False,False,0,False
2018,37,2018-09-10,Ciudad de México,CDMX,Sarampion,0,boletin_pdf,0.0,0.0,0.0,0.0,False,False,False,0,False
2018,37,2018-09-10,Jalisco,Guadalajara,Erisipela,4,boletin_pdf,9.5,5.0,19.5,-1.1,False,False,False,0,False
2018,37,2018-09-10,Jalisco,Guadalajara,Escarlatina,18,boletin_pdf,8.5,6.403124237432849,21.306248474865697,1.4836507379417574,False,True,False,1,False
2018,37,2018-09-10,Jalisco,Guadalajara,Rubeola,0,boletin_pdf,0.0,0.0,0.0,0.0,False,False,False,0,False
2018,37,2018-09-10,Jalisco,Guadalajara,Sarampion,0,boletin_pdf,0.0,0.0,0.0,0.0,False,False,False,0,False
2018,37,2018-09-10,Nuevo León,Monterrey,Erisipela,126,boletin_pdf,100.0,17.73884626086676,135.47769252173353,1.4657097546055162,False,True,False,1,False
2018,37,2018-09-10,Nuevo León,Monterrey,Escarlatina,4,boletin_pdf,4.5,1.0,6.5,-0.5,False,False,False,0,False
2018,37,2018-09-10,Nuevo León,Monterrey,Rubeola,0,boletin_pdf,0.0,0.0,0.0,0.0,False,False,False,0,False
2018,37,2018-09-10,Nuevo León,Monterrey,Sarampion,0,boletin_pdf,0.0,0.0,0.0,0.0,False,False,False,0,False
2018,38,2018-09-17,Ciudad de México,CDMX,Erisipela,24,boletin_pdf,10.0,10.583005244258363,31.166010488516726,1.3228756555322951,False,False,False,0,False
2018,38,2018-09-17,Ciudad de México,CDMX,Escarlatina,14,boletin_pdf,6.5,5.972157622389639,18.444315244779276,1.255827537418382,False,False,False,0,False
2018,38,2018-09-17,Ciudad de México,CDMX,Rubeola,0,boletin_pdf,0.0,0.0,0.0,0.0,False,False,False,0,False
2018,38,2018-09-17,Ciudad de México,CDMX,Sarampion,0,boletin_pdf,0.0,0.0,0.0,0.0,False,False,False,0,False
2018,38,2018-09-17,Jalisco,Guadalajara,Erisipela,8,boletin_pdf,7.5,2.516611478423583,12.533222956847165,0.1986798535597566,False,False,False,0,False
2018,38,2018-09-17,Jalisco,Guadalajara,Escarlatina,6,boletin_pdf,10.0,5.656854249492381,21.31370849898476,-0.7071067811865475,False,False,False,0,False
2018,38,2018-09-17,Jalisco,Guadalajara,Rubeola,0,boletin_pdf,0.0,0.0,0.0,0.0,False,False,False,0,False
2018,38,2018-09-17,Jalisco,Guadalajara,Sarampion,0,boletin_pdf,0.0,0.0,0.0,0.0,False,False,False,0,False
2018,38,2018-09-17,Nuevo León,Monterrey,Erisipela,98,boletin_pdf,98.0,4.320493798938572,106.64098759787714,0.0,False,False,False,0,False
2018,38,2018-09-17,Nuevo León,Monterrey,Escarlatina,14,boletin_pdf,9.0,6.0,21.0,0.8333333333333334,False,False,False,0,False
2018,38,2018-09-17,Nuevo León,Monterrey,Rubeola,0,boletin_pdf,0.0,0.0,0.0,0.0,False,False,False,0,False
2018,38,2018-09-17,Nuevo León,Monterrey,Sarampion,0,boletin_pdf,0.0,0.0,0.0,0.0,False,False,False,0,False
2018,39,2018-09-24,Ciudad de México,CDMX,Erisipela,26,boletin_pdf,12.0,10.708252269472673,33.41650453894535,1.3074028933658497,False,False,False,0,False
2018,39,2018-09-24,Ciudad de México,CDMX,Escarlatina,18,boletin_pdf,9.5,8.06225774829855,25.6245154965971,1.054295244008272,False,False,False,0,False
2018,39,2018-09-24,Ciudad de México,CDMX,Rubeola,0,boletin_pdf,0.0,0.0,0.0,0.0,False,False,False,0,False
2018,39,2018-09-24,Ciudad de México,CDMX,Sarampion,0,boletin_pdf,0.0,0.0,0.0,0.0,False,False,False,0,False
2018,39,2018-09-24,Jalisco,Guadalajara,Erisipela,4,boletin_pdf,9.0,8.406346808612328,25.812693617224657,-0.5947886892886081,False,False,False,0,False
2018,39,2018-09-24,Jalisco,Guadalajara,Escarlatina,2,boletin_pdf,5.0,3.8297084310253524,12.659416862050705,-0.7833494518006403,False,False,False,0,False
2018,39,2018-09-24,Jalisco,Guadalajara,Rubeola,0,boletin_pdf,0.0,0.0,0.0,0.0,False,False,False,0,False
2018,39,2018-09-24,Jalisco,Guadalajara,Sarampion,0,boletin_pdf,0.0,0.0,0.0,0.0,False,False,False,0,False
2018,39,2018-09-24,Nuevo León,Monterrey,Erisipela,110,boletin_pdf,123.5,10.630145812734648,144.7602916254693,-1.2699731723178564,False,False,False,0,False
2018,39,2018-09-24,Nuevo León,Monterrey,Escarlatina,8,boletin_pdf,10.5,9.146948489341495,28.79389697868299,-0.2733151939046264,False,False,False,0,False
2018,39,2018-09-24,Nuevo León,Monterrey,Rubeola,0,boletin_pdf,0.0,0.0,0.0,0.0,False,False,False,0,False
2018,39,2018-09-24,Nuevo León,Monterrey,Sarampion,0,boletin_pdf,0.0,0.0,0.0,0.0,False,False,False,0,False
2018,40,2018-10-01,Ciudad de México,CDMX,Erisipela,16,boletin_pdf,10.0,7.118052168020874,24.23610433604175,0.8429272304235246,False,False,False,0,False
2018,40,2018-10-01,Ciudad de México,CDMX,Escarlatina,32,boletin_pdf,14.0,14.787382008545888,43.57476401709178,1.2172540068010336,False,False,False,0,False
2018,40,2018-10-01,Ciudad de México,CDMX,Rubeola,0,boletin_pdf,0.0,0.0,0.0,0.0,False,False,False,0,False
2018,40,2018-10-01,Ciudad de México,CDMX,Sarampion,0,SEFE_pdf,0.0,0.0,0.0,0.0,False,False,False,0,False
2018,40,2018-10-01,Ciudad de México,CDMX,Sarampion,0,boletin_pdf,0.0,0.0,0.0,0.0,False,False,False,0,False
2018,40,2018-10-01,Jalisco,Guadalajara,Erisipela,8,boletin_pdf,9.5,1.9148542155126762,13.329708431025352,-0.7833494518006403,False,False,False,0,False
2018,40,2018-10-01,Jalisco,Guadalajara,Escarlatina,12,boletin_pdf,9.0,3.4641016151377544,15.928203230275509,0.8660254037844387,False,False,False,0,False
2018,40,2018-10-01,Jalisco,Guadalajara,Rubeola,0,boletin_pdf,0.0,0.0,0.0,0.0,False,False,False,0,False
2018,40,2018-10-01,Jalisco,Guadalajara,Sarampion,0,SEFE_pdf,0.0,0.0,0.0,0.0,False,False,False,0,False
2018,40,2018-10-01,Jalisco,Guadalajara,Sarampion,0,boletin_pdf,0.0,0.0,0.0,0.0,False,False,False,0,False
2018,40,2018-10-01,Nuevo León,Monterrey,Erisipela,78,boletin_pdf,85.5,5.972157622389639,97.44431524477928,-1.255827537418382,False,False,False,0,False
2018,40,2018-10-01,Nuevo León,Monterrey,Escarlatina,12,boletin_pdf,11.5,7.54983443527075,26.5996688705415,0.06622661785325219,False,False,False,0,False
2018,40,2018-10-01,Nuevo León,Monterrey,Rubeola,0,boletin_pdf,0.0,0.0,0.0,0.0,False,False,False,0,False
2018,40,2018-10-01,Nuevo León,Monterrey,Sarampion,0,SEFE_pdf,0.0,0.0,0.0,0.0,False,False,False,0,False
2018,40,2018-10-01,Nuevo León,Monterrey,Sarampion,0,boletin_pdf,0.0,0.0,0.0,0.0,False,False,False,0,False
2018,41,2018-10-08,Ciudad de México,CDMX,Erisipela,22,boletin_pdf,12.5,10.376254944182254,33.25250988836451,0.9155519068396106,False,False,False,0,False
2018,41,2018-10-08,Ciudad de México,CDMX,Escarlatina,18,boletin_pdf,15.0,12.489995996796797,39.97999199359359,0.24019223070763068,False,False,False,0,False
2018,41,2018-10-08,Ciudad de México,CDMX,Rubeola,0,boletin_pdf,0.0,0.0,0.0,0.0,False,False,False,0,False
2018,41,2018-10-08,Ciudad de México,CDMX,Sarampion,0,boletin_pdf,0.0,0.0,0.0,0.0,False,False,False,0,False
2018,41,2018-10-08,Jalisco,Guadalajara,Erisipela,4,boletin_pdf,7.0,2.5819888974716108,12.163977794943222,-1.1618950038622253,False,False,False,0,False
2018,41,2018-10-08,Jalisco,Guadalajara,Escarlatina,4,boletin_pdf,7.0,5.291502622129181,17.583005244258363,-0.5669467095138409,False,False,False,0,False
2018,41,2018-10-08,Jalisco,Guadalajara,Rubeola,0,boletin_pdf,0.0,0.0,0.0,0.0,False,False,False,0,False
2018,41,2018-10-08,Jalisco,Guadalajara,Sarampion,0,boletin_pdf,0.0,0.0,0.0,0.0,False,False,False,0,False
2018,41,2018-10-08,Nuevo León,Monterrey,Erisipela,108,boletin_pdf,104.5,9.848857801796102,124.1977156035922,0.35537115779676676,False,False,False,0,False
2018,41,2018-10-08,Nuevo León,Monterrey,Escarlatina,2,boletin_pdf,7.5,4.123105625617661,15.746211251235321,-1.3339459376998313,False,False,False,0,False
2018,41,2018-10-08,Nuevo León,Monterrey,Rubeola,0,boletin_pdf,0.0,0.0,0.0,0.0,False,False,False,0,False
2018,41,2018-10-08,Nuevo León,Monterrey,Sarampion,0,boletin_pdf,0.0,0.0,0.0,0.0,False,False,False,0,False
2018,42,2018-10-15,Ciudad de México,CDMX,Erisipela,34,boletin_pdf,16.0,13.9522996909709,43.9045993819418,1.2901099029322407,False,False,False,0,False
2018,42,2018-10-15,Ciudad de México,CDMX,Escarlatina,16,boletin_pdf,12.5,10.115993936995679,32.73198787399136,0.34598676331744177,False,False,False,0,False
2018,42,2018-10-15,Ciudad de México,CDMX,Rubeola,0,boletin_pdf,0.0,0.0,0.0,0.0,False,False,False,0,False
2018,42,2018-10-15,Ciudad de México,CDMX,Sarampion,0,boletin_pdf,0.0,0.0,0.0,0.0,False,False,False,0,False
2018,42,2018-10-15,Jalisco,Guadalajara,Erisipela,6,boletin_pdf,7.5,5.972157622389639,19.444315244779276,-0.25116550748367644,False,False,False,0,False
2018,42,2018-10-15,Jalisco,Guadalajara,Escarlatina,4,boletin_pdf,6.0,2.8284271247461903,11.65685424949238,-0.7071067811865475,False,False,False,0,False
2018,42,2018-10-15,Jalisco,Guadalajara,Rubeola,0,boletin_pdf,0.0,0.0,0.0,0.0,False,False,False,0,False
2018,42,2018-10-15,Jalisco,Guadalajara,Sarampion,0,boletin_pdf,0.0,0.0,0.0,0.0,False,False,False,0,False
2018,42,2018-10-15,Nuevo León,Monterrey,Erisipela,116,boletin_pdf,112.5,5.507570547286103,123.5151410945722,0.6354889093022424,False,False,False,0,False
2018,42,2018-10-15,Nuevo León,Monterrey,Escarlatina,4,boletin_pdf,9.0,5.773502691896258,20.547005383792516,-0.8660254037844386,False,False,False,0,False
2018,42,2018-10-15,Nuevo León,Monterrey,Rubeola,0,boletin_pdf,0.0,0.0,0.0,0.0,False,False,False,0,False
2018,42,2018-10-15,Nuevo León,Monterrey,Sarampion,0,boletin_pdf,0.0,0.0,0.0,0.0,False,False,False,0,False
2018,43,2018-10-22,Ciudad de México,CDMX,Erisipela,12,boletin_pdf,16.0,12.649110640673518,41.29822128134704,-0.31622776601683794,False,False,False,0,False
2018,43,2018-10-22,Ciudad de México,CDMX,Escarlatina,22,boletin_pdf,15.5,10.503967504392486,36.50793500878497,0.6188137955759925,False,False,False,0,False
2018,43,2018-10-22,Ciudad de México,CDMX,Rubeola,0,boletin_pdf,0.0,0.0,0.0,0.0,False,False,False,0,False
2018,43,2018-10-22,Ciudad de México,CDMX,Sarampion,0,boletin_pdf,0.0,0.0,0.0,0.0,False,False,False,0,False
2018,43,2018-10-22,Jalisco,Guadalajara,Erisipela,12,boletin_pdf,12.5,4.123105625617661,20.746211251235323,-0.12126781251816648,False,False,False,0,False
2018,43,2018-10-22,Jalisco,Guadalajara,Escarlatina,4,boletin_pdf,5.0,2.581988897471611,10.163977794943222,-0.3872983346207417,False,False,False,0,False
2018,43,2018-10-22,Jalisco,Guadalajara,Rubeola,0,boletin_pdf,0.0,0.0,0.0,0.0,False,False,False,0,False
2018,43,2018-10-22,Jalisco,Guadalajara,Sarampion,0,boletin_pdf,0.0,0.0,0.0,0.0,False,False,False,0,False
2018,43,2018-10-22,Nuevo León,Monterrey,Erisipela,88,boletin_pdf,104.0,23.03620339089466,150.0724067817893,-0.6945588962078793,False,False,False,0,False
2018,43,2018-10-22,Nuevo León,Monterrey,Escarlatina,4,boletin_pdf,5.0,3.4641016151377544,11.928203230275509,-0.2886751345948129,False,False,False,0,False
2018,43,2018-10-22,Nuevo León,Monterrey,Rubeola,0,boletin_pdf,0.0,0.0,0.0,0.0,False,False,False,0,False
2018,43,2018-10-22,Nuevo León,Monterrey,Sarampion,0,boletin_pdf,0.0,0.0,0.0,0.0,False,False,False,0,False
2018,44,2018-10-29,Ciudad de México,CDMX,Erisipela,24,boletin_pdf,15.0,10.519822558706334,36.03964511741267,0.8555277382080452,False,False,False,0,False
2018,44,2018-10-29,Ciudad de México,CDMX,Escarlatina,28,boletin_pdf,19.5,13.69914839202301,46.898296784046025,0.6204765257488221,False,False,False,0,False
2018,44,2018-10-29,Ciudad de México,CDMX,Rubeola,0,boletin_pdf,0.0,0.0,0.0,0.0,False,False,False,0,False
2018,44,2018-10-29,Ciudad de México,CDMX,Sarampion,0,boletin_pdf,0.0,0.0,0.0,0.0,False,False,False,0,False
2018,44,2018-10-29,Jalisco,Guadalajara,Erisipela,18,boletin_pdf,11.0,5.291502622129181,21.583005244258363,1.3228756555322951,False,False,False,0,False
2018,44,2018-10-29,Jalisco,Guadalajara,Escarlatina,4,boletin_pdf,5.0,2.0,9.0,-0.5,False,False,False,0,False
2018,44,2018-10-29,Jalisco,Guadalajara,Rubeola,0,boletin_pdf,0.0,0.0,0.0,0.0,False,False,False,0,False
2018,44,2018-10-29,Jalisco,Guadalajara,Sarampion,0,boletin_pdf,0.0,0.0,0.0,0.0,False,False,False,0,False
2018,44,2018-10-29,Nuevo León,Monterrey,Erisipela,94,boletin_pdf,101.0,14.832396974191322,130.66479394838265,-0.4719399037242696,False,False,False,0,False
2018,44,2018-10-29,Nuevo León,Monterrey,Escarlatina,8,boletin_pdf,5.5,2.9999999999999996,11.5,0.8333333333333335,False,False,False,0,False
2018,44,2018-10-29,Nuevo León,Monterrey,Rubeola,0,boletin_pdf,0.0,0.0,0.0,0.0,False,False,False,0,False
2018,44,2018-10-29,Nuevo León,Monterrey,Sarampion,0,boletin_pdf,0.0,0.0,0.0,0.0,False,False,False,0,False
2018,45,2018-11-05,Ciudad de México,CDMX,Erisipela,12,boletin_pdf,8.5,5.744562646538028,19.989125293076057,0.6092717958449425,False,False,False,0,False
2018,45,2018-11-05,Ciudad de México,CDMX,Escarlatina,26,boletin_pdf,15.0,10.893423092245461,36.786846184490926,1.0097836012474726,False,False,False,0,False
2018,45,2018-11-05,Ciudad de México,CDMX,Rubeola,0,boletin_pdf,0.0,0.0,0.0,0.0,False,False,False,0,False
2018,45,2018-11-05,Ciudad de México,CDMX,Sarampion,0,SEFE_pdf,0.0,0.0,0.0,0.0,False,False,False,0,False
2018,45,2018-11-05,Ciudad de México,CDMX,Sarampion,0,boletin_pdf,0.0,0.0,0.0,0.0,False,False,False,0,False
2018,45,2018-11-05,Jalisco,Guadalajara,Erisipela,6,boletin_pdf,7.0,2.581988897471611,12.163977794943222,-0.3872983346207417,False,False,False,0,False
2018,45,2018-11-05,Jalisco,Guadalajara,Escarlatina,10,boletin_pdf,7.0,2.581988897471611,12.163977794943222,1.161895003862225,False,False,False,0,False
2018,45,2018-11-05,Jalisco,Guadalajara,Rubeola,0,boletin_pdf,0.0,0.0,0.0,0.0,False,False,False,0,False
2018,45,2018-11-05,Jalisco,Guadalajara,Sarampion,0,SEFE_pdf,0.0,0.0,0.0,0.0,False,False,False,0,False
2018,45,2018-11-05,Jalisco,Guadalajara,Sarampion,0,boletin_pdf,0.0,0.0,0.0,0.0,False,False,False,0,False
2018,45,2018-11-05,Nuevo León,Monterrey,Erisipela,80,boletin_pdf,72.0,11.31370849898476,94.62741699796952,0.7071067811865476,False,False,False,0,False
2018,45,2018-11-05,Nuevo León,Monterrey,Escarlatina,6,boletin_pdf,8.0,4.320493798938574,16.64098759787715,-0.4629100498862757,False,False,False,0,False
2018,45,2018-11-05,Nuevo León,Monterrey,Rubeola,0,boletin_pdf,0.0,0.0,0.0,0.0,False,False,False,0,False
2018,45,2018-11-05,Nuevo León,Monterrey,Sarampion,0,SEFE_pdf,0.0,0.0,0.0,0.0,False,False,False,0,False
2018,45,2018-11-05,Nuevo León,Monterrey,Sarampion,0,boletin_pdf,0.0,0.0,0.0,0.0,False,False,False,0,False
2018,46,2018-11-12,Ciudad de México,CDMX,Erisipela,22,boletin_pdf,12.0,9.092121131323903,30.184242262647807,1.0998533626601497,False,False,False,0,False
2018,46,2018-11-12,Ciudad de México,CDMX,Escarlatina,32,boletin_pdf,19.5,16.36052158907737,52.22104317815474,0.7640343207850577,False,False,False,0,False
2018,46,2018-11-12,Ciudad de México,CDMX,Rubeola,0,boletin_pdf,0.0,0.0,0.0,0.0,False,False,False,0,False
2018,46,2018-11-12,Ciudad de México,CDMX,Sarampion,0,boletin_pdf,0.0,0.0,0.0,0.0,False,False,False,0,False
2018,46,2018-11-12,Jalisco,Guadalajara,Erisipela,6,boletin_pdf,11.5,4.123105625617661,19.746211251235323,-1.3339459376998313,False,False,False,0,False
2018,46,2018-11-12,Jalisco,Guadalajara,Escarlatina,10,boletin_pdf,8.0,2.8284271247461903,13.65685424949238,0.7071067811865475,False,False,False,0,False
2018,46,2018-11-12,Jalisco,Guadalajara,Rubeola,0,boletin_pdf,0.0,0.0,0.0,0.0,False,False,False,0,False
2018,46,2018-11-12,Jalisco,Guadalajara,Sarampion,0,boletin_pdf,0.0,0.0,0.0,0.0,False,False,False,0,False
2018,46,2018-11-12,Nuevo León,Monterrey,Erisipela,106,boletin_pdf,92.5,10.246950765959598,112.99390153191919,1.3174650984805198,False,False,False,0,False
2018,46,2018-11-12,Nuevo León,Monterrey,Escarlatina,6,boletin_pdf,8.5,4.123105625617661,16.746211251235323,-0.6063390625908325,False,False,False,0,False
2018,46,2018-11-12,Nuevo León,Monterrey,Rubeola,0,boletin_pdf,0.0,0.0,0.0,0.0,False,False,False,0,False
2018,46,2018-11-12,Nuevo León,Monterrey,Sarampion,0,boletin_pdf,0.0,0.0,0.0,0.0,False,False,False,0,False
2018,47,2018-11-19,Ciudad de México,CDMX,Erisipela,8,boletin_pdf,3.5,4.123105625617661,11.746211251235321,1.0914103126634984,False,False,False,0,False
2018,47,2018-11-19,Ciudad de México,CDMX,Escarlatina,10,boletin_pdf,9.0,6.6332495807108,22.2664991614216,0.15075567228888181,False,False,False,0,False
2018,47,2018-11-19,Ciudad de México,CDMX,Rubeola,0,boletin_pdf,0.0,0.0,0.0,0.0,False,False,False,0,False
2018,47,2018-11-19,Ciudad de México,CDMX,Sarampion,0,boletin_pdf,0.0,0.0,0.0,0.0,False,False,False,0,False
2018,47,2018-11-19,Jalisco,Guadalajara,Erisipela,12,boletin_pdf,10.5,4.43471156521669,19.369423130433383,0.338240712601273,False,False,False,0,False
2018,47,2018-11-19,Jalisco,Guadalajara,Escarlatina,0,boletin_pdf,4.0,3.265986323710904,10.531972647421808,-1.224744871391589,False,False,False,0,False
2018,47,2018-11-19,Jalisco,Guadalajara,Rubeola,0,boletin_pdf,0.0,0.0,0.0,0.0,False,False,False,0,False
2018,47,2018-11-19,Jalisco,Guadalajara,Sarampion,0,boletin_pdf,0.0,0.0,0.0,0.0,False,False,False,0,False
2018,47,2018-11-19,Nuevo León,Monterrey,Erisipela,58,boletin_pdf,70.0,21.602468994692867,113.20493798938574,-0.5554920598635309,False,False,False,0,False
2018,47,2018-11-19,Nuevo León,Monterrey,Escarlatina,4,boletin_pdf,5.5,4.43471156521669,14.36942313043338,-0.338240712601273,False,False,False,0,False
2018,47,2018-11-19,Nuevo León,Monterrey,Rubeola,0,boletin_pdf,0.0,0.0,0.0,0.0,False,False,False,0,False
2018,47,2018-11-19,Nuevo León,Monterrey,Sarampion,0,boletin_pdf,0.0,0.0,0.0,0.0,False,False,False,0,False
2018,48,2018-11-26,Ciudad de México,CDMX,Erisipela,20,boletin_pdf,15.0,11.135528725660043,37.27105745132009,0.4490132550669373,False,False,False,0,False
2018,48,2018-11-26,Ciudad de México,CDMX,Escarlatina,22,boletin_pdf,14.5,12.793227374930325,40.08645474986065,0.5862476902972146,False,False,False,0,False
2018,48,2018-11-26,Ciudad de México,CDMX,Rubeola,0,boletin_pdf,0.0,0.0,0.0,0.0,False,False,False,0,False
2018,48,2018-11-26,Ciudad de México,CDMX,Sarampion,0,boletin_pdf,0.0,0.0,0.0,0.0,False,False,False,0,False
2018,48,2018-11-26,Jalisco,Guadalajara,Erisipela,12,boletin_pdf,9.0,3.4641016151377544,15.928203230275509,0.8660254037844387,False,False,False,0,False
2018,48,2018-11-26,Jalisco,Guadalajara,Escarlatina,4,boletin_pdf,3.5,1.0,5.5,0.5,False,False,False,0,False
2018,48,2018-11-26,Jalisco,Guadalajara,Rubeola,0,boletin_pdf,0.0,0.0,0.0,0.0,False,False,False,0,False
2018,48,2018-11-26,Jalisco,Guadalajara,Sarampion,0,boletin_pdf,0.0,0.0,0.0,0.0,False,False,False,0,False
2018,48,2018-11-26,Nuevo León,Monterrey,Erisipela,66,boletin_pdf,59.0,6.2182527020592095,71.43650540411842,1.1257181615796847,False,False,False,0,False
2018,48,2018-11-26,Nuevo León,Monterrey,Escarlatina,0,boletin_pdf,16.5,21.80978373727412,60.11956747454824,-0.7565412018185487,False,False,False,0,False
2018,48,2018-11-26,Nuevo León,Monterrey,Rubeola,0,boletin_pdf,0.0,0.0,0.0,0.0,False,False,False,0,False
2018,48,2018-11-26,Nuevo León,Monterrey,Sarampion,0,boletin_pdf,0.0,0.0,0.0,0.0,False,False,False,0,False
2018,49,2018-12-03,Ciudad de México,CDMX,Erisipela,24,boletin_pdf,10.5,10.246950765959598,30.993901531919196,1.3174650984805198,False,False,False,0,False
2018,49,2018-12-03,Ciudad de México,CDMX,Escarlatina,18,boletin_pdf,14.0,9.38083151964686,32.76166303929372,0.42640143271122083,False,False,False,0,False
2018,49,2018-12-03,Ciudad de México,CDMX,Rubeola,0,boletin_pdf,0.0,0.0,0.0,0.0,False,False,False,0,False
2018,49,2018-12-03,Ciudad de México,CDMX,Sarampion,0,SEFE_pdf,0.0,0.0,0.0,0.0,False,False,False,0,False
2018,49,2018-12-03,Ciudad de México,CDMX,Sarampion,0,boletin_pdf,0.0,0.0,0.0,0.0,False,False,False,0,False
2018,49,2018-12-03,Jalisco,Guadalajara,Erisipela,2,boletin_pdf,2.5,1.9148542155126762,6.329708431025352,-0.26111648393354675,False,False,False,0,False
2018,49,2018-12-03,Jalisco,Guadalajara,Escarlatina,6,boletin_pdf,7.0,5.773502691896258,18.547005383792516,-0.1732050807568877,False,False,False,0,False
2018,49,2018-12-03,Jalisco,Guadalajara,Rubeola,0,boletin_pdf,0.0,0.0,0.0,0.0,False,False,False,0,False
2018,49,2018-12-03,Jalisco,Guadalajara,Sarampion,0,SEFE_pdf,0.0,0.0,0.0,0.0,False,False,False,0,False
2018,49,2018-12-03,Jalisco,Guadalajara,Sarampion,0,boletin_pdf,0.0,0.0,0.0,0.0,False,False,False,0,False
2018,49,2018-12-03,Nuevo León,Monterrey,Erisipela,56,boletin_pdf,66.5,9.146948489341495,84.793896978683,-1.1479238143994308,False,False,False,0,False
2018,49,2018-12-03,Nuevo León,Monterrey,Escarlatina,10,boletin_pdf,8.0,4.898979485566356,17.79795897113271,0.4082482904638631,False,False,False,0,False
2018,49,2018-12-03,Nuevo León,Monterrey,Rubeola,0,boletin_pdf,0.0,0.0,0.0,0.0,False,False,False,0,False
2018,49,2018-12-03,Nuevo León,Monterrey,Sarampion,0,SEFE_pdf,0.0,0.0,0.0,0.0,False,False,False,0,False
2018,49,2018-12-03,Nuevo León,Monterrey,Sarampion,0,boletin_pdf,0.0,0.0,0.0,0.0,False,False,False,0,False
2018,50,2018-12-10,Ciudad de México,CDMX,Erisipela,10,boletin_pdf,10.5,9.0,28.5,-0.05555555555555555,False,False,False,0,False
2018,50,2018-12-10,Ciudad de México,CDMX,Escarlatina,18,boletin_pdf,10.5,8.225975119502044,26.951950239004088,0.9117460107822463,False,False,False,0,False
2018,50,2018-12-10,Ciudad de México,CDMX,Rubeola,0,boletin_pdf,0.0,0.0,0.0,0.0,False,False,False,0,False
2018,50,2018-12-10,Ciudad de México,CDMX,Sarampion,0,boletin_pdf,0.0,0.0,0.0,0.0,False,False,False,0,False
2018,50,2018-12-10,Jalisco,Guadalajara,Erisipela,10,boletin_pdf,9.5,5.0,19.5,0.1,False,False,False,0,False
2018,50,2018-12-10,Jalisco,Guadalajara,Escarlatina,2,boletin_pdf,2.5,2.516611478423583,7.533222956847166,-0.1986798535597566,False,False,False,0,False
2018,50,2018-12-10,Jalisco,Guadalajara,Rubeola,0,boletin_pdf,0.0,0.0,0.0,0.0,False,False,False,0,False
2018,50,2018-12-10,Jalisco,Guadalajara,Sarampion,0,boletin_pdf,0.0,0.0,0.0,0.0,False,False,False,0,False
2018,50,2018-12-10,Nuevo León,Monterrey,Erisipela,78,boletin_pdf,78.0,12.328828005937952,102.6576560118759,0.0,False,False,False,0,False
2018,50,2018-12-10,Nuevo León,Monterrey,Escarlatina,4,boletin_pdf,3.5,2.516611478423583,8.533222956847165,0.1986798535597566,False,False,False,0,False
2018,50,2018-12-10,Nuevo León,Monterrey,Rubeola,0,boletin_pdf,0.0,0.0,0.0,0.0,False,False,False,0,False
2018,50,2018-12-10,Nuevo León,Monterrey,Sarampion,0,boletin_pdf,0.0,0.0,0.0,0.0,False,False,False,0,False
2018,51,2018-12-17,Ciudad de México,CDMX,Erisipela,14,boletin_pdf,6.5,5.972157622389639,18.444315244779276,1.255827537418382,False,False,False,0,False
2018,51,2018-12-17,Ciudad de México,CDMX,Escarlatina,14,boletin_pdf,14.5,13.203534880225574,40.90706976045115,-0.037868646884012154,False,False,False,0,False
2018,51,2018-12-17,Ciudad de México,CDMX,Rubeola,0,boletin_pdf,0.0,0.0,0.0,0.0,False,False,False,0,False
2018,51,2018-12-17,Ciudad de México,CDMX,Sarampion,0,boletin_pdf,0.0,0.0,0.0,0.0,False,False,False,0,False
2018,51,2018-12-17,Jalisco,Guadalajara,Erisipela,8,boletin_pdf,6.0,4.320493798938574,14.640987597877148,0.4629100498862757,False,False,False,0,False
2018,51,2018-12-17,Jalisco,Guadalajara,Escarlatina,4,boletin_pdf,9.0,6.6332495807108,22.2664991614216,-0.753778361444409,False,False,False,0,False
2018,51,2018-12-17,Jalisco,Guadalajara,Rubeola,0,boletin_pdf,0.0,0.0,0.0,0.0,False,False,False,0,False
2018,51,2018-12-17,Jalisco,Guadalajara,Sarampion,0,boletin_pdf,0.0,0.0,0.0,0.0,False,False,False,0,False
2018,51,2018-12-17,Nuevo León,Monterrey,Erisipela,52,boletin_pdf,59.0,10.132456102380443,79.26491220476089,-0.6908492797077573,False,False,False,0,False
2018,51,2018-12-17,Nuevo León,Monterrey,Escarlatina,6,boletin_pdf,4.5,4.43471156521669,13.36942313043338,0.338240712601273,False,False,False,0,False
2018,51,2018-12-17,Nuevo León,Monterrey,Rubeola,0,boletin_pdf,0.0,0.0,0.0,0.0,False,False,False,0,False
2018,51,2018-12-17,Nuevo León,Monterrey,Sarampion,0,boletin_pdf,0.0,0.0,0.0,0.0,False,False,False,0,False
2018,52,2018-12-24,Ciudad de México,CDMX,Erisipela,8,boletin_pdf,5.5,3.7859388972001824,13.071877794400365,0.6603381797442178,False,False,False,0,False
2018,52,2018-12-24,Ciudad de México,CDMX,Escarlatina,12,boletin_pdf,10.5,11.474609652039003,33.44921930407801,0.13072340109917852,False,False,False,0,False
2018,52,2018-12-24,Ciudad de México,CDMX,Rubeola,0,boletin_pdf,0.0,0.0,0.0,0.0,False,False,False,0,False
2018,52,2018-12-24,Ciudad de México,CDMX,Sarampion,0,boletin_pdf,0.0,0.0,0.0,0.0,False,False,False,0,False
2018,52,2018-12-24,Jalisco,Guadalajara,Erisipela,4,boletin_pdf,4.5,1.9148542155126762,8.329708431025352,-0.26111648393354675,False,False,False,0,False
2018,52,2018-12-24,Jalisco,Guadalajara,Escarlatina,2,boletin_pdf,5.5,5.7445626465380295,16.989125293076057,-0.6092717958449424,False,False,False,0,False
2018,52,2018-12-24,Jalisco,Guadalajara,Rubeola,0,boletin_pdf,0.0,0.0,0.0,0.0,False,False,False,0,False
2018,52,2018-12-24,Jalisco,Guadalajara,Sarampion,0,boletin_pdf,0.0,0.0,0.0,0.0,False,False,False,0,False
2018,52,2018-12-24,Nuevo León,Monterrey,Erisipela,54,boletin_pdf,50.5,15.351438586225939,81.20287717245188,0.22799166217167238,False,False,False,0,False
2018,52,2018-12-24,Nuevo León,Monterrey,Escarlatina,4,boletin_pdf,9.0,12.701705922171767,34.40341184434354,-0.39364791081110845,False,False,False,0,False
2018,52,2018-12-24,Nuevo León,Monterrey,Rubeola,0,boletin_pdf,0.0,0.0,0.0,0.0,False,False,False,0,False
2018,52,2018-12-24,Nuevo León,Monterrey,Sarampion,0,boletin_pdf,0.0,0.0,0.0,0.0,False,False,False,0,False
2018,53,2018-12-24,Ciudad de México,CDMX,Erisipela,0,boletin_pdf,0.0,0.0,0.0,0.0,False,False,False,0,False
2018,53,2018-12-24,Ciudad de México,CDMX,Escarlatina,0,boletin_pdf,0.0,0.0,0.0,0.0,False,False,False,0,False
2018,53,2018-12-24,Ciudad de México,CDMX,Rubeola,0,boletin_pdf,0.0,0.0,0.0,0.0,False,False,False,0,False
2018,53,2018-12-24,Ciudad de México,CDMX,Sarampion,0,boletin_pdf,0.0,0.0,0.0,0.0,False,False,False,0,False
2018,53,2018-12-24,Jalisco,Guadalajara,Erisipela,0,boletin_pdf,0.0,0.0,0.0,0.0,False,False,False,0,False
2018,53,2018-12-24,Jalisco,Guadalajara,Escarlatina,0,boletin_pdf,0.0,0.0,0.0,0.0,False,False,False,0,False
2018,53,2018-12-24,Jalisco,Guadalajara,Rubeola,0,boletin_pdf,0.0,0.0,0.0,0.0,False,False,False,0,False
2018,53,2018-12-24,Jalisco,Guadalajara,Sarampion,0,boletin_pdf,0.0,0.0,0.0,0.0,False,False,False,0,False
2018,53,2018-12-24,Nuevo León,Monterrey,Erisipela,0,boletin_pdf,0.0,0.0,0.0,0.0,False,False,False,0,False
2018,53,2018-12-24,Nuevo León,Monterrey,Escarlatina,0,boletin_pdf,0.0,0.0,0.0,0.0,False,False,False,0,False
2018,53,2018-12-24,Nuevo León,Monterrey,Rubeola,0,boletin_pdf,0.0,0.0,0.0,0.0,False,False,False,0,False
2018,53,2018-12-24,Nuevo León,Monterrey,Sarampion,0,boletin_pdf,0.0,0.0,0.0,0.0,False,False,False,0,False
2019,1,2018-12-31,Ciudad de México,CDMX,Erisipela,12,boletin_pdf,3.0,6.0,15.0,1.5,False,True,True,2,True
2019,1,2018-12-31,Ciudad de México,CDMX,Escarlatina,6,boletin_pdf,2.0,2.8284271247461903,7.656854249492381,1.414213562373095,False,False,False,0,False
2019,1,2018-12-31,Ciudad de México,CDMX,Rubeola,0,boletin_pdf,0.0,0.0,0.0,0.0,False,False,False,0,False
2019,1,2018-12-31,Ciudad de México,CDMX,Sarampion,0,SEFE_pdf,0.0,0.0,0.0,0.0,False,False,False,0,False
2019,1,2018-12-31,Ciudad de México,CDMX,Sarampion,0,boletin_pdf,0.0,0.0,0.0,0.0,False,False,False,0,False
2019,1,2018-12-31,Jalisco,Guadalajara,Erisipela,12,boletin_pdf,6.0,4.898979485566356,15.797958971132712,1.2247448713915892,False,False,False,0,False
2019,1,2018-12-31,Jalisco,Guadalajara,Escarlatina,2,boletin_pdf,3.0,2.5819888974716108,8.163977794943222,-0.38729833462074176,False,False,False,0,False
2019,1,2018-12-31,Jalisco,Guadalajara,Rubeola,0,boletin_pdf,0.0,0.0,0.0,0.0,False,False,False,0,False
2019,1,2018-12-31,Jalisco,Guadalajara,Sarampion,0,SEFE_pdf,0.0,0.0,0.0,0.0,False,False,False,0,False
2019,1,2018-12-31,Jalisco,Guadalajara,Sarampion,0,boletin_pdf,0.0,0.0,0.0,0.0,False,False,False,0,False
2019,1,2018-12-31,Nuevo León,Monterrey,Erisipela,36,boletin_pdf,51.5,20.6801031589948,92.8602063179896,-0.7495127021771303,False,False,False,0,False
2019,1,2018-12-31,Nuevo León,Monterrey,Escarlatina,14,boletin_pdf,5.5,5.7445626465380295,16.989125293076057,1.4796600756234315,False,True,False,1,False
2019,1,2018-12-31,Nuevo León,Monterrey,Rubeola,0,boletin_pdf,0.0,0.0,0.0,0.0,False,False,False,0,False
2019,1,2018-12-31,Nuevo León,Monterrey,Sarampion,0,SEFE_pdf,0.0,0.0,0.0,0.0,False,False,False,0,False
2019,1,2018-12-31,Nuevo León,Monterrey,Sarampion,0,boletin_pdf,0.0,0.0,0.0,0.0,False,False,False,0,False
2019,2,2019-01-07,Ciudad de México,CDMX,Erisipela,12,boletin_pdf,4.5,5.744562646538029,15.989125293076057,1.3055824196677337,False,False,False,0,False
2019,2,2019-01-07,Ciudad de México,CDMX,Escarlatina,8,boletin_pdf,2.5,3.785938897200182,10.071877794400365,1.4527439954372794,False,False,True,1,False
2019,2,2019-01-07,Ciudad de México,CDMX,Rubeola,0,boletin_pdf,0.0,0.0,0.0,0.0,False,False,False,0,False
2019,2,2019-01-07,Ciudad de México,CDMX,Sarampion,0,boletin_pdf,0.0,0.0,0.0,0.0,False,False,False,0,False
2019,2,2019-01-07,Jalisco,Guadalajara,Erisipela,6,boletin_pdf,7.0,4.163331998932265,15.32666399786453,-0.2401922307076307,False,False,False,0,False
2019,2,2019-01-07,Jalisco,Guadalajara,Escarlatina,4,boletin_pdf,8.0,3.265986323710904,14.531972647421808,-1.224744871391589,False,False,False,0,False
2019,2,2019-01-07,Jalisco,Guadalajara,Rubeola,0,boletin_pdf,0.0,0.0,0.0,0.0,False,False,False,0,False
2019,2,2019-01-07,Jalisco,Guadalajara,Sarampion,0,boletin_pdf,0.0,0.0,0.0,0.0,False,False,False,0,False
2019,2,2019-01-07,Nuevo León,Monterrey,Erisipela,60,boletin_pdf,61.0,9.309493362512628,79.61898672502525,-0.10741723110591493,False,False,False,0,False
2019,2,2019-01-07,Nuevo León,Monterrey,Escarlatina,2,boletin_pdf,1.5,1.0,3.5,0.5,False,False,False,0,False
2019,2,2019-01-07,Nuevo León,Monterrey,Rubeola,0,boletin_pdf,0.0,0.0,0.0,0.0,False,False,False,0,False
2019,2,2019-01-07,Nuevo León,Monterrey,Sarampion,0,boletin_pdf,0.0,0.0,0.0,0.0,False,False,False,0,False
2019,3,2019-01-14,Ciudad de México,CDMX,Erisipela,10,boletin_pdf,5.0,5.773502691896257,16.547005383792516,0.8660254037844387,False,False,False,0,False
2019,3,2019-01-14,Ciudad de México,CDMX,Escarlatina,2,boletin_pdf,3.5,5.744562646538029,14.989125293076057,-0.26111648393354675,False,False,False,0,False
2019,3,2019-01-14,Ciudad de México,CDMX,Rubeola,0,boletin_pdf,0.0,0.0,0.0,0.0,False,False,False,0,False
2019,3,2019-01-14,Ciudad de México,CDMX,Sarampion,0,boletin_pdf,0.0,0.0,0.0,0.0,False,False,False,0,False
2019,3,2019-01-14,Jalisco,Guadalajara,Erisipela,8,boletin_pdf,6.0,4.0,14.0,0.5,False,False,False,0,False
2019,3,2019-01-14,Jalisco,Guadalajara,Escarlatina,4,boletin_pdf,6.5,2.9999999999999996,12.5,-0.8333333333333335,False,False,False,0,False
2019,3,2019-01-14,Jalisco,Guadalajara,Rubeola,0,boletin_pdf,0.0,0.0,0.0,0.0,False,False,False,0,False
2019,3,2019-01-14,Jalisco,Guadalajara,Sarampion,0,boletin_pdf,0.0,0.0,0.0,0.0,False,False,False,0,False
2019,3,2019-01-14,Nuevo León,Monterrey,Erisipela,82,boletin_pdf,77.0,16.77299416721217,110.54598833442434,0.29809823756893655,False,False,False,0,False
2019,3,2019-01-14,Nuevo León,Monterrey,Escarlatina,6,boletin_pdf,4.0,2.8284271247461903,9.65685424949238,0.7071067811865475,False,False,False,0,False
2019,3,2019-01-14,Nuevo León,Monterrey,Rubeola,0,boletin_pdf,0.0,0.0,0.0,0.0,False,False,False,0,False
2019,3,2019-01-14,Nuevo León,Monterrey,Sarampion,0,boletin_pdf,0.0,0.0,0.0,0.0,False,False,False,0,False
2019,4,2019-01-21,Ciudad de México,CDMX,Erisipela,14,boletin_pdf,4.5,6.60807586719967,17.71615173439934,1.437634826070157,False,False,True,1,False
2019,4,2019-01-21,Ciudad de México,CDMX,Escarlatina,12,boletin_pdf,6.0,6.928203230275509,19.856406460551018,0.8660254037844387,False,False,False,0,False
2019,4,2019-01-21,Ciudad de México,CDMX,Rubeola,0,boletin_pdf,0.0,0.0,0.0,0.0,False,False,False,0,False
2019,4,2019-01-21,Ciudad de México,CDMX,Sarampion,0,boletin_pdf,0.0,0.0,0.0,0.0,False,False,False,0,False
2019,4,2019-01-21,Jalisco,Guadalajara,Erisipela,12,boletin_pdf,9.0,3.8297084310253524,16.659416862050705,0.7833494518006403,False,False,False,0,False
2019,4,2019-01-21,Jalisco,Guadalajara,Escarlatina,0,boletin_pdf,5.0,3.8297084310253524,12.659416862050705,-1.3055824196677337,False,False,False,0,False
2019,4,2019-01-21,Jalisco,Guadalajara,Rubeola,0,boletin_pdf,0.0,0.0,0.0,0.0,False,False,False,0,False
2019,4,2019-01-21,Jalisco,Guadalajara,Sarampion,0,boletin_pdf,0.0,0.0,0.0,0.0,False,False,False,0,False
2019,4,2019-01-21,Nuevo León,Monterrey,Erisipela,50,boletin_pdf,55.5,5.507570547286103,66.5151410945722,-0.9986254289035238,False,False,False,0,False
2019,4,2019-01-21,Nuevo León,Monterrey,Escarlatina,4,boletin_pdf,4.0,4.320493798938574,12.640987597877148,0.0,False,False,False,0,False
2019,4,2019-01-21,Nuevo León,Monterrey,Rubeola,0,boletin_pdf,0.0,0.0,0.0,0.0,False,False,False,0,False
2019,4,2019-01-21,Nuevo León,Monterrey,Sarampion,0,boletin_pdf,0.0,0.0,0.0,0.0,False,False,False,0,False
2019,5,2019-01-28,Ciudad de México,CDMX,Erisipela,18,boletin_pdf,6.5,8.54400374531753,23.58800749063506,1.3459731927555016,False,False,False,0,False
2019,5,2019-01-28,Ciudad de México,CDMX,Escarlatina,22,boletin_pdf,8.0,10.456258094238748,28.912516188477497,1.3389110974330103,False,False,False,0,False
2019,5,2019-01-28,Ciudad de México,CDMX,Rubeola,0,boletin_pdf,0.0,0.0,0.0,0.0,False,False,False,0,False
2019,5,2019-01-28,Ciudad de México,CDMX,Sarampion,0,boletin_pdf,0.0,0.0,0.0,0.0,False,False,False,0,False
2019,5,2019-01-28,Jalisco,Guadalajara,Erisipela,12,boletin_pdf,8.0,3.6514837167011076,15.302967433402216,1.0954451150103321,False,False,False,0,False
2019,5,2019-01-28,Jalisco,Guadalajara,Escarlatina,4,boletin_pdf,5.0,3.4641016151377544,11.928203230275509,-0.2886751345948129,False,False,False,0,False
2019,5,2019-01-28,Jalisco,Guadalajara,Rubeola,0,boletin_pdf,0.0,0.0,0.0,0.0,False,False,False,0,False
2019,5,2019-01-28,Jalisco,Guadalajara,Sarampion,0,boletin_pdf,0.0,0.0,0.0,0.0,False,False,False,0,False
2019,5,2019-01-28,Nuevo León,Monterrey,Erisipela,80,boletin_pdf,69.0,7.745966692414834,84.49193338482966,1.420093893609386,False,False,False,0,False
2019,5,2019-01-28,Nuevo León,Monterrey,Escarlatina,8,boletin_pdf,5.0,2.0,9.0,1.5,False,True,False,1,False
2019,5,2019-01-28,Nuevo León,Monterrey,Rubeola,0,boletin_pdf,0.0,0.0,0.0,0.0,False,False,False,0,False
2019,5,2019-01-28,Nuevo León,Monterrey,Sarampion,0,boletin_pdf,0.0,0.0,0.0,0.0,False,False,False,0,False
2019,6,2019-02-04,Ciudad de México,CDMX,Erisipela,20,boletin_pdf,8.0,9.797958971132712,27.595917942265423,1.2247448713915892,False,False,False,0,False
2019,6,2019-02-04,Ciudad de México,CDMX,Escarlatina,20,boletin_pdf,9.0,10.519822558706334,30.039645117412668,1.0456450133653885,False,False,False,0,False
2019,6,2019-02-04,Ciudad de México,CDMX,Rubeola,0,boletin_pdf,0.0,0.0,0.0,0.0,False,False,False,0,False
2019,6,2019-02-04,Ciudad de México,CDMX,Sarampion,0,SEFE_pdf,0.0,0.0,0.0,0.0,False,False,False,0,False
2019,6,2019-02-04,Ciudad de México,CDMX,Sarampion,0,boletin_pdf,0.0,0.0,0.0,0.0,False,False,False,0,False
2019,6,2019-02-04,Jalisco,Guadalajara,Erisipela,2,boletin_pdf,3.5,1.9148542155126762,7.329708431025352,-0.7833494518006403,False,False,False,0,False
2019,6,2019-02-04,Jalisco,Guadalajara,Escarlatina,6,boletin_pdf,5.5,1.9148542155126762,9.329708431025352,0.26111648393354675,False,False,False,0,False
2019,6,2019-02-04,Jalisco,Guadalajara,Rubeola,0,boletin_pdf,0.0,0.0,0.0,0.0,False,False,False,0,False
2019,6,2019-02-04,Jalisco,Guadalajara,Sarampion,0,SEFE_pdf,0.0,0.0,0.0,0.0,False,False,False,0,False
2019,6,2019-02-04,Jalisco,Guadalajara,Sarampion,0,boletin_pdf,0.0,0.0,0.0,0.0,False,False,False,0,False
2019,6,2019-02-04,Nuevo León,Monterrey,Erisipela,60,boletin_pdf,69.5,9.71253485622231,88.92506971244462,-0.9781174678527768,False,False,False,0,False
2019,6,2019-02-04,Nuevo León,Monterrey,Escarlatina,2,boletin_pdf,5.5,4.123105625617661,13.746211251235321,-0.8488746876271654,False,False,False,0,False
2019,6,2019-02-04,Nuevo León,Monterrey,Rubeola,0,boletin_pdf,0.0,0.0,0.0,0.0,False,False,False,0,False
2019,6,2019-02-04,Nuevo León,Monterrey,Sarampion,0,SEFE_pdf,0.0,0.0,0.0,0.0,False,False,False,0,False
2019,6,2019-02-04,Nuevo León,Monterrey,Sarampion,0,boletin_pdf,0.0,0.0,0.0,0.0,False,False,False,0,False
2019,7,2019-02-11,Ciudad de México,CDMX,Erisipela,6,boletin_pdf,5.0,6.6332495807108,18.2664991614216,0.15075567228888181,False,False,False,0,False
2019,7,2019-02-11,Ciudad de México,CDMX,Escarlatina,6,boletin_pdf,5.0,6.6332495807108,18.2664991614216,0.15075567228888181,False,False,False,0,False
2019,7,2019-02-11,Ciudad de México,CDMX,Rubeola,0,boletin_pdf,0.0,0.0,0.0,0.0,False,False,False,0,False
2019,7,2019-02-11,Ciudad de México,CDMX,Sarampion,0,boletin_pdf,0.0,0.0,0.0,0.0,False,False,False,0,False
2019,7,2019-02-11,Jalisco,Guadalajara,Erisipela,4,boletin_pdf,8.0,3.6514837167011076,15.302967433402216,-1.0954451150103321,False,False,False,0,False
2019,7,2019-02-11,Jalisco,Guadalajara,Escarlatina,8,boletin_pdf,5.0,2.581988897471611,10.163977794943222,1.161895003862225,False,False,False,0,False
2019,7,2019-02-11,Jalisco,Guadalajara,Rubeola,0,boletin_pdf,0.0,0.0,0.0,0.0,False,False,False,0,False
2019,7,2019-02-11,Jalisco,Guadalajara,Sarampion,0,boletin_pdf,0.0,0.0,0.0,0.0,False,False,False,0,False
2019,7,2019-02-11,Nuevo León,Monterrey,Erisipela,78,boletin_pdf,72.5,13.79613472438325,100.0922694487665,0.398662386956784,False,False,False,0,False
2019,7,2019-02-11,Nuevo León,Monterrey,Escarlatina,2,boletin_pdf,7.0,6.6332495807108,20.2664991614216,-0.753778361444409,False,False,False,0,False
2019,7,2019-02-11,Nuevo León,Monterrey,Rubeola,0,boletin_pdf,0.0,0.0,0.0,0.0,False,False,False,0,False
2019,7,2019-02-11,Nuevo León,Monterrey,Sarampion,0,boletin_pdf,0.0,0.0,0.0,0.0,False,False,False,0,False
2019,8,2019-02-18,Ciudad de México,CDMX,Erisipela,24,boletin_pdf,10.0,12.000000000000002,34.0,1.1666666666666665,False,False,False,0,False
2019,8,2019-02-18,Ciudad de México,CDMX,Escarlatina,4,boletin_pdf,6.0,9.521904571390465,25.04380914278093,-0.21004201260420152,False,False,False,0,False
2019,8,2019-02-18,Ciudad de México,CDMX,Rubeola,0,boletin_pdf,0.0,0.0,0.0,0.0,False,False,False,0,False
2019,8,2019-02-18,Ciudad de México,CDMX,Sarampion,0,boletin_pdf,0.0,0.0,0.0,0.0,False,False,False,0,False
2019,8,2019-02-18,Jalisco,Guadalajara,Erisipela,2,boletin_pdf,7.0,4.760952285695233,16.521904571390465,-1.0502100630210074,False,False,False,0,False
2019,8,2019-02-18,Jalisco,Guadalajara,Escarlatina,6,boletin_pdf,6.0,4.320493798938574,14.640987597877148,0.0,False,False,False,0,False
2019,8,2019-02-18,Jalisco,Guadalajara,Rubeola,0,boletin_pdf,0.0,0.0,0.0,0.0,False,False,False,0,False
2019,8,2019-02-18,Jalisco,Guadalajara,Sarampion,0,boletin_pdf,0.0,0.0,0.0,0.0,False,False,False,0,False
2019,8,2019-02-18,Nuevo León,Monterrey,Erisipela,72,boletin_pdf,79.0,21.19748412744619,121.39496825489238,-0.3302278684542805,False,False,False,0,False
2019,8,2019-02-18,Nuevo León,Monterrey,Escarlatina,6,boletin_pdf,7.0,4.760952285695232,16.521904571390465,-0.21004201260420152,False,False,False,0,False
2019,8,2019-02-18,Nuevo León,Monterrey,Rubeola,0,boletin_pdf,0.0,0.0,0.0,0.0,False,False,False,0,False
2019,8,2019-02-18,Nuevo León,Monterrey,Sarampion,0,boletin_pdf,0.0,0.0,0.0,0.0,False,False,False,0,False
2019,9,2019-02-25,Ciudad de México,CDMX,Erisipela,8,boletin_pdf,7.5,10.376254944182254,28.252509888364507,0.04818694246524267,False,False,False,0,False
2019,9,2019-02-25,Ciudad de México,CDMX,Escarlatina,14,boletin_pdf,9.5,11.704699910719626,32.90939982143925,0.38446094597254243,False,False,False,0,False
2019,9,2019-02-25,Ciudad de México,CDMX,Rubeola,0,boletin_pdf,0.0,0.0,0.0,0.0,False,False,False,0,False
2019,9,2019-02-25,Ciudad de México,CDMX,Sarampion,0,boletin_pdf,0.0,0.0,0.0,0.0,False,False,False,0,False
2019,9,2019-02-25,Jalisco,Guadalajara,Erisipela,10,boletin_pdf,6.5,3.415650255319866,13.331300510639732,1.02469507659596,False,False,False,0,False
2019,9,2019-02-25,Jalisco,Guadalajara,Escarlatina,4,boletin_pdf,5.5,3.415650255319866,12.331300510639732,-0.43915503282683993,False,False,False,0,False
2019,9,2019-02-25,Jalisco,Guadalajara,Rubeola,0,boletin_pdf,0.0,0.0,0.0,0.0,False,False,False,0,False
2019,9,2019-02-25,Jalisco,Guadalajara,Sarampion,0,boletin_pdf,0.0,0.0,0.0,0.0,False,False,False,0,False
2019,9,2019-02-25,Nuevo León,Monterrey,Erisipela,64,boletin_pdf,91.5,22.8837642591132,137.2675285182264,-1.2017253668853207,False,False,False,0,False
2019,9,2019-02-25,Nuevo León,Monterrey,Escarlatina,6,boletin_pdf,6.5,4.123105625617661,14.746211251235321,-0.12126781251816648,False,False,False,0,False
2019,9,2019-02-25,Nuevo León,Monterrey,Rubeola,0,boletin_pdf,0.0,0.0,0.0,0.0,False,False,False,0,False
2019,9,2019-02-25,Nuevo León,Monterrey,Sarampion,0,boletin_pdf,0.0,0.0,0.0,0.0,False,False,False,0,False
2019,10,2019-03-04,Ciudad de México,CDMX,Erisipela,6,boletin_pdf,5.5,4.123105625617661,13.746211251235321,0.12126781251816648,False,False,False,0,False
2019,10,2019-03-04,Ciudad de México,CDMX,Escarlatina,14,boletin_pdf,18.5,14.45683229480096,47.41366458960192,-0.3112715087397336,False,False,False,0,False
2019,10,2019-03-04,Ciudad de México,CDMX,Rubeola,0,boletin_pdf,0.0,0.0,0.0,0.0,False,False,False,0,False
2019,10,2019-03-04,Ciudad de México,CDMX,Sarampion,0,SEFE_pdf,0.0,0.0,0.0,0.0,False,False,False,0,False
2019,10,2019-03-04,Ciudad de México,CDMX,Sarampion,0,boletin_pdf,0.0,0.0,0.0,0.0,False,False,False,0,False
2019,10,2019-03-04,Jalisco,Guadalajara,Erisipela,12,boletin_pdf,9.5,1.9148542155126764,13.329708431025352,1.3055824196677337,False,False,False,0,False
2019,10,2019-03-04,Jalisco,Guadalajara,Escarlatina,4,boletin_pdf,4.5,2.516611478423583,9.533222956847165,-0.1986798535597566,False,False,False,0,False
2019,10,2019-03-04,Jalisco,Guadalajara,Rubeola,0,boletin_pdf,0.0,0.0,0.0,0.0,False,False,False,0,False
2019,10,2019-03-04,Jalisco,Guadalajara,Sarampion,0,SEFE_pdf,0.0,0.0,0.0,0.0,False,False,False,0,False
2019,10,2019-03-04,Jalisco,Guadalajara,Sarampion,0,boletin_pdf,0.0,0.0,0.0,0.0,False,False,False,0,False
2019,10,2019-03-04,Nuevo León,Monterrey,Erisipela,88,boletin_pdf,89.5,17.0,123.5,-0.08823529411764706,False,False,False,0,False
2019,10,2019-03-04,Nuevo León,Monterrey,Escarlatina,10,boletin_pdf,9.5,9.0,27.5,0.05555555555555555,False,False,False,0,False
2019,10,2019-03-04,Nuevo León,Monterrey,Rubeola,0,boletin_pdf,0.0,0.0,0.0,0.0,False,False,False,0,False
2019,10,2019-03-04,Nuevo León,Monterrey,Sarampion,0,SEFE_pdf,0.0,0.0,0.0,0.0,False,False,False,0,False
2019,10,2019-03-04,Nuevo León,Monterrey,Sarampion,0,boletin_pdf,0.0,0.0,0.0,0.0,False,False,False,0,False
2019,11,2019-03-11,Ciudad de México,CDMX,Erisipela,24,boletin_pdf,16.0,10.954451150103322,37.90890230020665,0.7302967433402214,False,False,False,0,False
2019,11,2019-03-11,Ciudad de México,CDMX,Escarlatina,32,boletin_pdf,20.0,13.856406460551018,47.712812921102035,0.8660254037844387,False,False,False,0,False
2019,11,2019-03-11,Ciudad de México,CDMX,Rubeola,0,boletin_pdf,0.0,0.0,0.0,0.0,False,False,False,0,False
2019,11,2019-03-11,Ciudad de México,CDMX,Sarampion,0,boletin_pdf,0.0,0.0,0.0,0.0,False,False,False,0,False
2019,11,2019-03-11,Jalisco,Guadalajara,Erisipela,14,boletin_pdf,7.5,4.725815626252609,16.951631252505216,1.3754239509242665,False,False,False,0,False
2019,11,2019-03-11,Jalisco,Guadalajara,Escarlatina,6,boletin_pdf,5.5,4.725815626252608,14.951631252505216,0.10580184237878976,False,False,False,0,False
2019,11,2019-03-11,Jalisco,Guadalajara,Rubeola,0,boletin_pdf,0.0,0.0,0.0,0.0,False,False,False,0,False
2019,11,2019-03-11,Jalisco,Guadalajara,Sarampion,0,boletin_pdf,0.0,0.0,0.0,0.0,False,False,False,0,False
2019,11,2019-03-11,Nuevo León,Monterrey,Erisipela,64,boletin_pdf,74.0,9.521904571390467,93.04380914278093,-1.0502100630210074,False,False,False,0,False
2019,11,2019-03-11,Nuevo León,Monterrey,Escarlatina,2,boletin_pdf,5.0,4.760952285695233,14.521904571390467,-0.6301260378126045,False,False,False,0,False
2019,11,2019-03-11,Nuevo León,Monterrey,Rubeola,0,boletin_pdf,0.0,0.0,0.0,0.0,False,False,False,0,False
2019,11,2019-03-11,Nuevo León,Monterrey,Sarampion,0,boletin_pdf,0.0,0.0,0.0,0.0,False,False,False,0,False
2019,12,2019-03-18,Ciudad de México,CDMX,Erisipela,10,boletin_pdf,11.0,9.865765724632494,30.73153144926499,-0.1013606067599229,False,False,False,0,False
2019,12,2019-03-18,Ciudad de México,CDMX,Escarlatina,32,boletin_pdf,20.5,15.864005379054394,52.22801075810879,0.7249115040759952,False,False,False,0,False
2019,12,2019-03-18,Ciudad de México,CDMX,Rubeola,0,boletin_pdf,0.0,0.0,0.0,0.0,False,False,False,0,False
2019,12,2019-03-18,Ciudad de México,CDMX,Sarampion,0,boletin_pdf,0.0,0.0,0.0,0.0,False,False,False,0,False
2019,12,2019-03-18,Jalisco,Guadalajara,Erisipela,6,boletin_pdf,10.5,6.60807586719967,23.71615173439934,-0.6809849176121797,False,False,False,0,False
2019,12,2019-03-18,Jalisco,Guadalajara,Escarlatina,2,boletin_pdf,5.0,6.2182527020592095,17.43650540411842,-0.4824506406770077,False,False,False,0,False
2019,12,2019-03-18,Jalisco,Guadalajara,Rubeola,0,boletin_pdf,0.0,0.0,0.0,0.0,False,False,False,0,False
2019,12,2019-03-18,Jalisco,Guadalajara,Sarampion,0,boletin_pdf,0.0,0.0,0.0,0.0,False,False,False,0,False
2019,12,2019-03-18,Nuevo León,Monterrey,Erisipela,86,boletin_pdf,81.0,16.852299546352715,114.70459909270542,0.2966954145484634,False,False,False,0,False
2019,12,2019-03-18,Nuevo León,Monterrey,Escarlatina,2,boletin_pdf,11.0,11.604596790352806,34.209193580705616,-0.7755547359889252,False,False,False,0,False
2019,12,2019-03-18,Nuevo León,Monterrey,Rubeola,0,boletin_pdf,0.0,0.0,0.0,0.0,False,False,False,0,False
2019,12,2019-03-18,Nuevo León,Monterrey,Sarampion,0,boletin_pdf,0.0,0.0,0.0,0.0,False,False,False,0,False
2019,13,2019-03-25,Ciudad de México,CDMX,Erisipela,18,boletin_pdf,9.5,7.54983443527075,24.5996688705415,1.1258525035052873,False,False,False,0,False
2019,13,2019-03-25,Ciudad de México,CDMX,Escarlatina,12,boletin_pdf,18.0,15.05545305418162,48.11090610836324,-0.3985266984930429,False,False,False,0,False
2019,13,2019-03-25,Ciudad de México,CDMX,Rubeola,0,boletin_pdf,0.0,0.0,0.0,0.0,False,False,False,0,False
2019,13,2019-03-25,Ciudad de México,CDMX,Sarampion,0,boletin_pdf,0.0,0.0,0.0,0.0,False,False,False,0,False
2019,13,2019-03-25,Jalisco,Guadalajara,Erisipela,16,boletin_pdf,13.0,3.4641016151377544,19.928203230275507,0.8660254037844387,False,False,False,0,False
2019,13,2019-03-25,Jalisco,Guadalajara,Escarlatina,2,boletin_pdf,5.5,6.191391873668904,17.882783747337808,-0.5653009971610737,False,False,False,0,False
2019,13,2019-03-25,Jalisco,Guadalajara,Rubeola,0,boletin_pdf,0.0,0.0,0.0,0.0,False,False,False,0,False
2019,13,2019-03-25,Jalisco,Guadalajara,Sarampion,0,boletin_pdf,0.0,0.0,0.0,0.0,False,False,False,0,False
2019,13,2019-03-25,Nuevo León,Monterrey,Erisipela,62,boletin_pdf,72.5,36.71057976478534,145.92115952957067,-0.28602108894156275,False,False,False,0,False
2019,13,2019-03-25,Nuevo León,Monterrey,Escarlatina,6,boletin_pdf,6.0,1.632993161855452,9.265986323710905,0.0,False,False,False,0,False
2019,13,2019-03-25,Nuevo León,Monterrey,Rubeola,0,boletin_pdf,0.0,0.0,0.0,0.0,False,False,False,0,False
2019,13,2019-03-25,Nuevo León,Monterrey,Sarampion,0,boletin_pdf,0.0,0.0,0.0,0.0,False,False,False,0,False
2019,14,2019-04-01,Ciudad de México,CDMX,Erisipela,6,boletin_pdf,8.0,7.483314773547883,22.966629547095764,-0.2672612419124244,False,False,False,0,False
2019,14,2019-04-01,Ciudad de México,CDMX,Escarlatina,22,boletin_pdf,19.5,15.609825965290794,50.71965193058159,0.16015553315961828,False,False,False,0,False
2019,14,2019-04-01,Ciudad de México,CDMX,Rubeola,0,boletin_pdf,0.0,0.0,0.0,0.0,False,False,False,0,False
2019,14,2019-04-01,Ciudad de México,CDMX,Sarampion,0,SEFE_pdf,0.0,0.0,0.0,0.0,False,False,False,0,False
2019,14,2019-04-01,Ciudad de México,CDMX,Sarampion,0,boletin_pdf,0.0,0.0,0.0,0.0,False,False,False,0,False
2019,14,2019-04-01,Jalisco,Guadalajara,Erisipela,6,boletin_pdf,8.0,5.887840577551898,19.775681155103797,-0.3396831102433787,False,False,False,0,False
2019,14,2019-04-01,Jalisco,Guadalajara,Escarlatina,6,boletin_pdf,6.0,5.656854249492381,17.31370849898476,0.0,False,False,False,0,False
2019,14,2019-04-01,Jalisco,Guadalajara,Rubeola,0,boletin_pdf,0.0,0.0,0.0,0.0,False,False,False,0,False
2019,14,2019-04-01,Jalisco,Guadalajara,Sarampion,0,SEFE_pdf,0.0,0.0,0.0,0.0,False,False,False,0,False
2019,14,2019-04-01,Jalisco,Guadalajara,Sarampion,0,boletin_pdf,0.0,0.0,0.0,0.0,False,False,False,0,False
2019,14,2019-04-01,Nuevo León,Monterrey,Erisipela,68,boletin_pdf,92.0,33.94112549695428,159.88225099390854,-0.7071067811865476,False,False,False,0,False
2019,14,2019-04-01,Nuevo León,Monterrey,Escarlatina,6,boletin_pdf,5.0,3.4641016151377544,11.928203230275509,0.2886751345948129,False,False,False,0,False
2019,14,2019-04-01,Nuevo León,Monterrey,Rubeola,0,boletin_pdf,0.0,0.0,0.0,0.0,False,False,False,0,False
2019,14,2019-04-01,Nuevo León,Monterrey,Sarampion,0,SEFE_pdf,0.0,0.0,0.0,0.0,False,False,False,0,False
2019,14,2019-04-01,Nuevo León,Monterrey,Sarampion,0,boletin_pdf,0.0,0.0,0.0,0.0,False,False,False,0,False
2019,15,2019-04-08,Ciudad de México,CDMX,Erisipela,4,boletin_pdf,13.5,18.138357147217054,49.77671429443411,-0.5237519540989727,False,False,False,0,False
2019,15,2019-04-08,Ciudad de México,CDMX,Escarlatina,22,boletin_pdf,14.5,11.0,36.5,0.6818181818181818,False,False,False,0,False
2019,15,2019-04-08,Ciudad de México,CDMX,Rubeola,0,boletin_pdf,0.0,0.0,0.0,0.0,False,False,False,0,False
2019,15,2019-04-08,Ciudad de México,CDMX,Sarampion,0,boletin_pdf,0.0,0.0,0.0,0.0,False,False,False,0,False
2019,15,2019-04-08,Jalisco,Guadalajara,Erisipela,6,boletin_pdf,9.5,4.123105625617661,17.746211251235323,-0.8488746876271654,False,False,False,0,False
2019,15,2019-04-08,Jalisco,Guadalajara,Escarlatina,8,boletin_pdf,7.0,5.773502691896258,18.547005383792516,0.1732050807568877,False,False,False,0,False
2019,15,2019-04-08,Jalisco,Guadalajara,Rubeola,0,boletin_pdf,0.0,0.0,0.0,0.0,False,False,False,0,False
2019,15,2019-04-08,Jalisco,Guadalajara,Sarampion,0,boletin_pdf,0.0,0.0,0.0,0.0,False,False,False,0,False
2019,15,2019-04-08,Nuevo León,Monterrey,Erisipela,86,boletin_pdf,93.5,11.0,115.5,-0.6818181818181818,False,False,False,0,False
2019,15,2019-04-08,Nuevo León,Monterrey,Escarlatina,18,boletin_pdf,17.0,13.71130920080209,44.42261840160418,0.07293249574894727,False,False,False,0,False
2019,15,2019-04-08,Nuevo León,Monterrey,Rubeola,0,boletin_pdf,0.0,0.0,0.0,0.0,False,False,False,0,False
2019,15,2019-04-08,Nuevo León,Monterrey,Sarampion,0,boletin_pdf,0.0,0.0,0.0,0.0,False,False,False,0,False
2019,16,2019-04-15,Ciudad de México,CDMX,Erisipela,10,boletin_pdf,8.0,5.41602560309064,18.83205120618128,0.3692744729379982,False,False,False,0,False
2019,16,2019-04-15,Ciudad de México,CDMX,Escarlatina,24,boletin_pdf,20.0,13.856406460551018,47.712812921102035,0.2886751345948129,False,False,False,0,False
2019,16,2019-04-15,Ciudad de México,CDMX,Rubeola,0,boletin_pdf,0.0,0.0,0.0,0.0,False,False,False,0,False
2019,16,2019-04-15,Ciudad de México,CDMX,Sarampion,0,boletin_pdf,0.0,0.0,0.0,0.0,False,False,False,0,False
2019,16,2019-04-15,Jalisco,Guadalajara,Erisipela,2,boletin_pdf,8.5,6.60807586719967,21.71615173439934,-0.9836448809953706,False,False,False,0,False
2019,16,2019-04-15,Jalisco,Guadalajara,Escarlatina,4,boletin_pdf,4.0,1.632993161855452,7.265986323710904,0.0,False,False,False,0,False
2019,16,2019-04-15,Jalisco,Guadalajara,Rubeola,0,boletin_pdf,0.0,0.0,0.0,0.0,False,False,False,0,False
2019,16,2019-04-15,Jalisco,Guadalajara,Sarampion,0,boletin_pdf,0.0,0.0,0.0,0.0,False,False,False,0,False
2019,16,2019-04-15,Nuevo León,Monterrey,Erisipela,112,boletin_pdf,94.0,16.08311744241976,126.16623488483953,1.1191860075910656,False,False,False,0,False
2019,16,2019-04-15,Nuevo León,Monterrey,Escarlatina,4,boletin_pdf,10.0,8.16496580927726,26.32993161855452,-0.7348469228349533,False,False,False,0,False
2019,16,2019-04-15,Nuevo León,Monterrey,Rubeola,0,boletin_pdf,0.0,0.0,0.0,0.0,False,False,False,0,False
2019,16,2019-04-15,Nuevo León,Monterrey,Sarampion,0,boletin_pdf,0.0,0.0,0.0,0.0,False,False,False,0,False
2019,17,2019-04-22,Ciudad de México,CDMX,Erisipela,18,boletin_pdf,10.0,8.485281374238571,26.970562748477143,0.9428090415820632,False,False,False,0,False
2019,17,2019-04-22,Ciudad de México,CDMX,Escarlatina,22,boletin_pdf,18.5,12.583057392117917,43.66611478423583,0.27815179498365916,False,False,False,0,False
2019,17,2019-04-22,Ciudad de México,CDMX,Rubeola,0,boletin_pdf,0.0,0.0,0.0,0.0,False,False,False,0,False
2019,17,2019-04-22,Ciudad de México,CDMX,Sarampion,0,boletin_pdf,0.0,0.0,0.0,0.0,False,False,False,0,False
2019,17,2019-04-22,Jalisco,Guadalajara,Erisipela,6,boletin_pdf,9.0,6.2182527020592095,21.43650540411842,-0.4824506406770077,False,False,False,0,False
2019,17,2019-04-22,Jalisco,Guadalajara,Escarlatina,0,boletin_pdf,5.0,4.163331998932265,13.32666399786453,-1.2009611535381535,False,False,False,0,False
2019,17,2019-04-22,Jalisco,Guadalajara,Rubeola,0,boletin_pdf,0.0,0.0,0.0,0.0,False,False,False,0,False
2019,17,2019-04-22,Jalisco,Guadalajara,Sarampion,0,boletin_pdf,0.0,0.0,0.0,0.0,False,False,False,0,False
2019,17,2019-04-22,Nuevo León,Monterrey,Erisipela,52,boletin_pdf,79.5,25.73583752927682,130.97167505855364,-1.0685488657097826,False,False,False,0,False
2019,17,2019-04-22,Nuevo León,Monterrey,Escarlatina,18,boletin_pdf,11.0,5.291502622129181,21.583005244258363,1.3228756555322951,False,False,False,0,False
2019,17,2019-04-22,Nuevo León,Monterrey,Rubeola,0,boletin_pdf,0.0,0.0,0.0,0.0,False,False,False,0,False
2019,17,2019-04-22,Nuevo León,Monterrey,Sarampion,0,boletin_pdf,0.0,0.0,0.0,0.0,False,False,False,0,False
2019,18,2019-04-29,Ciudad de México,CDMX,Erisipela,8,boletin_pdf,10.5,8.54400374531753,27.58800749063506,-0.2926028679903264,False,False,False,0,False
2019,18,2019-04-29,Ciudad de México,CDMX,Escarlatina,14,boletin_pdf,15.0,10.893423092245461,36.786846184490926,-0.09179850920431569,False,False,False,0,False
2019,18,2019-04-29,Ciudad de México,CDMX,Rubeola,0,boletin_pdf,0.0,0.0,0.0,0.0,False,False,False,0,False
2019,18,2019-04-29,Ciudad de México,CDMX,Sarampion,0,SEFE_pdf,0.0,0.0,0.0,0.0,False,False,False,0,False
2019,18,2019-04-29,Ciudad de México,CDMX,Sarampion,0,boletin_pdf,0.0,0.0,0.0,0.0,False,False,False,0,False
2019,18,2019-04-29,Jalisco,Guadalajara,Erisipela,2,boletin_pdf,4.0,3.6514837167011076,11.302967433402216,-0.5477225575051661,False,False,False,0,False
2019,18,2019-04-29,Jalisco,Guadalajara,Escarlatina,0,boletin_pdf,4.0,5.656854249492381,15.313708498984761,-0.7071067811865475,False,False,False,0,False
2019,18,2019-04-29,Jalisco,Guadalajara,Rubeola,0,boletin_pdf,0.0,0.0,0.0,0.0,False,False,False,0,False
2019,18,2019-04-29,Jalisco,Guadalajara,Sarampion,0,SEFE_pdf,0.0,0.0,0.0,0.0,False,False,False,0,False
2019,18,2019-04-29,Jalisco,Guadalajara,Sarampion,0,boletin_pdf,0.0,0.0,0.0,0.0,False,False,False,0,False
2019,18,2019-04-29,Nuevo León,Monterrey,Erisipela,112,boletin_pdf,95.5,15.864005379054392,127.22801075810878,1.0400904188916456,False,False,False,0,False
2019,18,2019-04-29,Nuevo León,Monterrey,Escarlatina,10,boletin_pdf,24.0,29.34848093740685,82.6969618748137,-0.4770263929454674,False,False,False,0,False
2019,18,2019-04-29,Nuevo León,Monterrey,Rubeola,0,boletin_pdf,0.0,0.0,0.0,0.0,False,False,False,0,False
2019,18,2019-04-29,Nuevo León,Monterrey,Sarampion,0,SEFE_pdf,0.0,0.0,0.0,0.0,False,False,False,0,False
2019,18,2019-04-29,Nuevo León,Monterrey,Sarampion,0,boletin_pdf,0.0,0.0,0.0,0.0,False,False,False,0,False
2019,19,2019-05-06,Ciudad de México,CDMX,Erisipela,14,boletin_pdf,13.0,9.309493362512628,31.618986725025255,0.10741723110591493,False,False,False,0,False
2019,19,2019-05-06,Ciudad de México,CDMX,Escarlatina,24,boletin_pdf,18.0,12.110601416389967,42.22120283277994,0.49543369430686224,False,False,False,0,False
2019,19,2019-05-06,Ciudad de México,CDMX,Rubeola,0,boletin_pdf,0.0,0.0,0.0,0.0,False,False,False,0,False
2019,19,2019-05-06,Ciudad de México,CDMX,Sarampion,0,boletin_pdf,0.0,0.0,0.0,0.0,False,False,False,0,False
2019,19,2019-05-06,Jalisco,Guadalajara,Erisipela,12,boletin_pdf,10.0,5.887840577551898,21.775681155103797,0.3396831102433787,False,False,False,0,False
2019,19,2019-05-06,Jalisco,Guadalajara,Escarlatina,10,boletin_pdf,6.0,3.265986323710904,12.531972647421808,1.224744871391589,False,False,False,0,False
2019,19,2019-05-06,Jalisco,Guadalajara,Rubeola,0,boletin_pdf,0.0,0.0,0.0,0.0,False,False,False,0,False
2019,19,2019-05-06,Jalisco,Guadalajara,Sarampion,0,boletin_pdf,0.0,0.0,0.0,0.0,False,False,False,0,False
2019,19,2019-05-06,Nuevo León,Monterrey,Erisipela,130,boletin_pdf,97.5,24.78574859336174,147.0714971867235,1.311237378107851,False,False,False,0,False
2019,19,2019-05-06,Nuevo León,Monterrey,Escarlatina,10,boletin_pdf,11.5,7.187952884282608,25.875905768565218,-0.20868250309207573,False,False,False,0,False
2019,19,2019-05-06,Nuevo León,Monterrey,Rubeola,0,boletin_pdf,0.0,0.0,0.0,0.0,False,False,False,0,False
2019,19,2019-05-06,Nuevo León,Monterrey,Sarampion,0,boletin_pdf,0.0,0.0,0.0,0.0,False,False,False,0,False
2019,20,2019-05-13,Ciudad de México,CDMX,Erisipela,6,boletin_pdf,6.0,4.320493798938574,14.640987597877148,0.0,False,False,False,0,False
2019,20,2019-05-13,Ciudad de México,CDMX,Escarlatina,30,boletin_pdf,19.0,13.316656236958787,45.63331247391757,0.826033187630902,False,False,False,0,False
2019,20,2019-05-13,Ciudad de México,CDMX,Rubeola,0,boletin_pdf,0.0,0.0,0.0,0.0,False,False,False,0,False
2019,20,2019-05-13,Ciudad de México,CDMX,Sarampion,0,boletin_pdf,0.0,0.0,0.0,0.0,False,False,False,0,False
2019,20,2019-05-13,Jalisco,Guadalajara,Erisipela,2,boletin_pdf,6.0,2.8284271247461903,11.65685424949238,-1.414213562373095,False,False,False,0,False
2019,20,2019-05-13,Jalisco,Guadalajara,Escarlatina,2,boletin_pdf,143.5,276.3445916484224,696.1891832968448,-0.5120418646731558,False,False,False,0,False
2019,20,2019-05-13,Jalisco,Guadalajara,Rubeola,0,boletin_pdf,0.0,0.0,0.0,0.0,False,False,False,0,False
2019,20,2019-05-13,Jalisco,Guadalajara,Sarampion,0,boletin_pdf,0.0,0.0,0.0,0.0,False,False,False,0,False
2019,20,2019-05-13,Nuevo León,Monterrey,Erisipela,100,boletin_pdf,87.0,46.88994206294849,180.77988412589698,0.27724495761901025,False,False,False,0,False
2019,20,2019-05-13,Nuevo León,Monterrey,Escarlatina,10,boletin_pdf,172.0,324.0041152002034,820.0082304004068,-0.49999364946306185,False,False,False,0,False
2019,20,2019-05-13,Nuevo León,Monterrey,Rubeola,0,boletin_pdf,0.0,0.0,0.0,0.0,False,False,False,0,False
2019,20,2019-05-13,Nuevo León,Monterrey,Sarampion,0,boletin_pdf,0.0,0.0,0.0,0.0,False,False,False,0,False
2019,21,2019-05-20,Ciudad de México,CDMX,Erisipela,12,boletin_pdf,11.0,7.571877794400366,26.14375558880073,0.13206763594884355,False,False,False,0,False
2019,21,2019-05-20,Ciudad de México,CDMX,Escarlatina,20,boletin_pdf,13.5,10.754843869934453,35.00968773986891,0.6043788341894001,False,False,False,0,False
2019,21,2019-05-20,Ciudad de México,CDMX,Rubeola,0,boletin_pdf,0.0,0.0,0.0,0.0,False,False,False,0,False
2019,21,2019-05-20,Ciudad de México,CDMX,Sarampion,0,boletin_pdf,0.0,0.0,0.0,0.0,False,False,False,0,False
2019,21,2019-05-20,Jalisco,Guadalajara,Erisipela,8,boletin_pdf,7.5,3.415650255319866,14.331300510639732,0.14638501094227999,False,False,False,0,False
2019,21,2019-05-20,Jalisco,Guadalajara,Escarlatina,0,boletin_pdf,7.0,5.773502691896258,18.547005383792516,-1.212435565298214,False,False,False,0,False
2019,21,2019-05-20,Jalisco,Guadalajara,Rubeola,0,boletin_pdf,0.0,0.0,0.0,0.0,False,False,False,0,False
2019,21,2019-05-20,Jalisco,Guadalajara,Sarampion,0,boletin_pdf,0.0,0.0,0.0,0.0,False,False,False,0,False
2019,21,2019-05-20,Nuevo León,Monterrey,Erisipela,104,boletin_pdf,107.5,5.7445626465380295,118.98912529307606,-0.6092717958449424,False,False,False,0,False
2019,21,2019-05-20,Nuevo León,Monterrey,Escarlatina,8,boletin_pdf,10.0,4.898979485566356,19.79795897113271,-0.4082482904638631,False,False,False,0,False
2019,21,2019-05-20,Nuevo León,Monterrey,Rubeola,0,boletin_pdf,0.0,0.0,0.0,0.0,False,False,False,0,False
2019,21,2019-05-20,Nuevo León,Monterrey,Sarampion,0,boletin_pdf,0.0,0.0,0.0,0.0,False,False,False,0,False
2019,22,2019-05-27,Ciudad de México,CDMX,Erisipela,8,boletin_pdf,11.0,8.717797887081348,28.435595774162696,-0.3441236008058426,False,False,False,0,False
2019,22,2019-05-27,Ciudad de México,CDMX,Escarlatina,16,boletin_pdf,16.0,11.313708498984761,38.62741699796952,0.0,False,False,False,0,False
2019,22,2019-05-27,Ciudad de México,CDMX,Rubeola,0,boletin_pdf,0.0,0.0,0.0,0.0,False,False,False,0,False
2019,22,2019-05-27,Ciudad de México,CDMX,Sarampion,0,boletin_pdf,0.0,0.0,0.0,0.0,False,False,False,0,False
2019,22,2019-05-27,Jalisco,Guadalajara,Erisipela,12,boletin_pdf,9.0,2.581988897471611,14.163977794943222,1.161895003862225,False,False,False,0,False
2019,22,2019-05-27,Jalisco,Guadalajara,Escarlatina,12,boletin_pdf,7.5,3.415650255319866,14.331300510639732,1.3174650984805198,False,False,False,0,False
2019,22,2019-05-27,Jalisco,Guadalajara,Rubeola,0,boletin_pdf,0.0,0.0,0.0,0.0,False,False,False,0,False
2019,22,2019-05-27,Jalisco,Guadalajara,Sarampion,0,boletin_pdf,0.0,0.0,0.0,0.0,False,False,False,0,False
2019,22,2019-05-27,Nuevo León,Monterrey,Erisipela,110,boletin_pdf,125.5,13.69914839202301,152.898296784046,-1.131457194012558,False,False,False,0,False
2019,22,2019-05-27,Nuevo León,Monterrey,Escarlatina,10,boletin_pdf,14.0,4.320493798938574,22.64098759787715,-0.9258200997725514,False,False,False,0,False
2019,22,2019-05-27,Nuevo León,Monterrey,Rubeola,0,boletin_pdf,0.0,0.0,0.0,0.0,False,False,False,0,False
2019,22,2019-05-27,Nuevo León,Monterrey,Sarampion,0,boletin_pdf,0.0,0.0,0.0,0.0,False,False,False,0,False
2019,23,2019-06-03,Ciudad de México,CDMX,Erisipela,16,boletin_pdf,14.0,10.708252269472673,35.41650453894535,0.1867718419094071,False,False,False,0,False
2019,23,2019-06-03,Ciudad de México,CDMX,Escarlatina,36,boletin_pdf,21.5,15.438048235879215,52.37609647175843,0.9392378996653787,False,False,False,0,False
2019,23,2019-06-03,Ciudad de México,CDMX,Rubeola,0,boletin_pdf,0.0,0.0,0.0,0.0,False,False,False,0,False
2019,23,2019-06-03,Ciudad de México,CDMX,Sarampion,0,SEFE_pdf,0.0,0.0,0.0,0.0,False,False,False,0,False
2019,23,2019-06-03,Ciudad de México,CDMX,Sarampion,0,boletin_pdf,0.0,0.0,0.0,0.0,False,False,False,0,False
2019,23,2019-06-03,Jalisco,Guadalajara,Erisipela,8,boletin_pdf,6.0,2.8284271247461903,11.65685424949238,0.7071067811865475,False,False,False,0,False
2019,23,2019-06-03,Jalisco,Guadalajara,Escarlatina,10,boletin_pdf,12.5,5.0,22.5,-0.5,False,False,False,0,False
2019,23,2019-06-03,Jalisco,Guadalajara,Rubeola,0,boletin_pdf,0.0,0.0,0.0,0.0,False,False,False,0,False
2019,23,2019-06-03,Jalisco,Guadalajara,Sarampion,0,SEFE_pdf,0.0,0.0,0.0,0.0,False,False,False,0,False
2019,23,2019-06-03,Jalisco,Guadalajara,Sarampion,0,boletin_pdf,0.0,0.0,0.0,0.0,False,False,False,0,False
2019,23,2019-06-03,Nuevo León,Monterrey,Erisipela,130,boletin_pdf,118.0,29.574764017091777,177.14952803418356,0.40575133560034454,False,False,False,0,False
2019,23,2019-06-03,Nuevo León,Monterrey,Escarlatina,10,boletin_pdf,13.0,7.393691004272944,27.78738200854589,-0.40575133560034454,False,False,False,0,False
2019,23,2019-06-03,Nuevo León,Monterrey,Rubeola,0,boletin_pdf,0.0,0.0,0.0,0.0,False,False,False,0,False
2019,23,2019-06-03,Nuevo León,Monterrey,Sarampion,0,SEFE_pdf,0.0,0.0,0.0,0.0,False,False,False,0,False
2019,23,2019-06-03,Nuevo León,Monterrey,Sarampion,0,boletin_pdf,0.0,0.0,0.0,0.0,False,False,False,0,False
2019,24,2019-06-10,Ciudad de México,CDMX,Erisipela,14,boletin_pdf,12.5,9.146948489341495,30.79389697868299,0.16398911634277583,False,False,False,0,False
2019,24,2019-06-10,Ciudad de México,CDMX,Escarlatina,32,boletin_pdf,26.5,18.28478420253664,63.06956840507328,0.30079654969277614,False,False,False,0,False
2019,24,2019-06-10,Ciudad de México,CDMX,Rubeola,0,boletin_pdf,0.0,0.0,0.0,0.0,False,False,False,0,False
2019,24,2019-06-10,Ciudad de México,CDMX,Sarampion,0,boletin_pdf,0.0,0.0,0.0,0.0,False,False,False,0,False
2019,24,2019-06-10,Jalisco,Guadalajara,Erisipela,16,boletin_pdf,14.5,5.972157622389639,26.444315244779276,0.25116550748367644,False,False,False,0,False
2019,24,2019-06-10,Jalisco,Guadalajara,Escarlatina,16,boletin_pdf,8.5,5.0,18.5,1.5,False,True,False,1,False
2019,24,2019-06-10,Jalisco,Guadalajara,Rubeola,0,boletin_pdf,0.0,0.0,0.0,0.0,False,False,False,0,False
2019,24,2019-06-10,Jalisco,Guadalajara,Sarampion,0,boletin_pdf,0.0,0.0,0.0,0.0,False,False,False,0,False
2019,24,2019-06-10,Nuevo León,Monterrey,Erisipela,134,boletin_pdf,117.5,11.0,139.5,1.5,False,True,False,1,False
2019,24,2019-06-10,Nuevo León,Monterrey,Escarlatina,4,boletin_pdf,5.5,1.9148542155126762,9.329708431025352,-0.7833494518006403,False,False,False,0,False
2019,24,2019-06-10,Nuevo León,Monterrey,Rubeola,0,boletin_pdf,0.0,0.0,0.0,0.0,False,False,False,0,False
2019,24,2019-06-10,Nuevo León,Monterrey,Sarampion,0,boletin_pdf,0.0,0.0,0.0,0.0,False,False,False,0,False
2019,25,2019-06-17,Ciudad de México,CDMX,Erisipela,16,boletin_pdf,13.0,10.0,33.0,0.3,False,False,False,0,False
2019,25,2019-06-17,Ciudad de México,CDMX,Escarlatina,32,boletin_pdf,24.0,16.0,56.0,0.5,False,False,False,0,False
2019,25,2019-06-17,Ciudad de México,CDMX,Rubeola,0,boletin_pdf,0.0,0.0,0.0,0.0,False,False,False,0,False
2019,25,2019-06-17,Ciudad de México,CDMX,Sarampion,0,boletin_pdf,0.0,0.0,0.0,0.0,False,False,False,0,False
2019,25,2019-06-17,Jalisco,Guadalajara,Erisipela,8,boletin_pdf,12.5,3.0,18.5,-1.5,False,False,False,0,False
2019,25,2019-06-17,Jalisco,Guadalajara,Escarlatina,12,boletin_pdf,7.0,4.163331998932265,15.32666399786453,1.2009611535381535,False,False,False,0,False
2019,25,2019-06-17,Jalisco,Guadalajara,Rubeola,0,boletin_pdf,0.0,0.0,0.0,0.0,False,False,False,0,False
2019,25,2019-06-17,Jalisco,Guadalajara,Sarampion,0,boletin_pdf,0.0,0.0,0.0,0.0,False,False,False,0,False
2019,25,2019-06-17,Nuevo León,Monterrey,Erisipela,116,boletin_pdf,145.0,22.538855339169285,190.07771067833858,-1.2866669386533653,False,False,False,0,False
2019,25,2019-06-17,Nuevo León,Monterrey,Escarlatina,12,boletin_pdf,17.5,6.8068592855540455,31.11371857110809,-0.8080084763427464,False,False,False,0,False
2019,25,2019-06-17,Nuevo León,Monterrey,Rubeola,0,boletin_pdf,0.0,0.0,0.0,0.0,False,False,False,0,False
2019,25,2019-06-17,Nuevo León,Monterrey,Sarampion,0,boletin_pdf,0.0,0.0,0.0,0.0,False,False,False,0,False
2019,26,2019-06-24,Ciudad de México,CDMX,Erisipela,18,boletin_pdf,9.0,7.393691004272944,23.78738200854589,1.2172540068010336,False,False,False,0,False
2019,26,2019-06-24,Ciudad de México,CDMX,Escarlatina,22,boletin_pdf,17.5,13.403979508588733,44.30795901717747,0.33572119362884584,False,False,False,0,False
2019,26,2019-06-24,Ciudad de México,CDMX,Rubeola,0,boletin_pdf,0.0,0.0,0.0,0.0,False,False,False,0,False
2019,26,2019-06-24,Ciudad de México,CDMX,Sarampion,0,boletin_pdf,0.0,0.0,0.0,0.0,False,False,False,0,False
2019,26,2019-06-24,Jalisco,Guadalajara,Erisipela,12,boletin_pdf,12.0,4.320493798938574,20.64098759787715,0.0,False,False,False,0,False
2019,26,2019-06-24,Jalisco,Guadalajara,Escarlatina,6,boletin_pdf,4.5,3.415650255319866,11.331300510639732,0.43915503282683993,False,False,False,0,False
2019,26,2019-06-24,Jalisco,Guadalajara,Rubeola,0,boletin_pdf,0.0,0.0,0.0,0.0,False,False,False,0,False
2019,26,2019-06-24,Jalisco,Guadalajara,Sarampion,0,boletin_pdf,0.0,0.0,0.0,0.0,False,False,False,0,False
2019,26,2019-06-24,Nuevo León,Monterrey,Erisipela,130,boletin_pdf,125.5,21.06339637063944,167.62679274127888,0.2136407595819928,False,False,False,0,False
2019,26,2019-06-24,Nuevo León,Monterrey,Escarlatina,8,boletin_pdf,11.5,5.507570547286102,22.515141094572204,-0.6354889093022426,False,False,False,0,False
2019,26,2019-06-24,Nuevo León,Monterrey,Rubeola,0,boletin_pdf,0.0,0.0,0.0,0.0,False,False,False,0,False
2019,26,2019-06-24,Nuevo León,Monterrey,Sarampion,0,boletin_pdf,0.0,0.0,0.0,0.0,False,False,False,0,False
2019,27,2019-07-01,Ciudad de México,CDMX,Erisipela,12,boletin_pdf,12.0,8.48528137423857,28.97056274847714,0.0,False,False,False,0,False
2019,27,2019-07-01,Ciudad de México,CDMX,Escarlatina,10,boletin_pdf,13.0,10.392304845413264,33.78460969082653,-0.28867513459481287,False,False,False,0,False
2019,27,2019-07-01,Ciudad de México,CDMX,Rubeola,0,boletin_pdf,0.0,0.0,0.0,0.0,False,False,False,0,False
2019,27,2019-07-01,Ciudad de México,CDMX,Sarampion,0,SEFE_pdf,0.0,0.0,0.0,0.0,False,False,False,0,False
2019,27,2019-07-01,Ciudad de México,CDMX,Sarampion,0,boletin_pdf,0.0,0.0,0.0,0.0,False,False,False,0,False
2019,27,2019-07-01,Jalisco,Guadalajara,Erisipela,20,boletin_pdf,12.5,5.744562646538029,23.989125293076057,1.3055824196677337,False,False,False,0,False
2019,27,2019-07-01,Jalisco,Guadalajara,Escarlatina,14,boletin_pdf,4.5,6.60807586719967,17.71615173439934,1.437634826070157,False,False,True,1,False
2019,27,2019-07-01,Jalisco,Guadalajara,Rubeola,0,boletin_pdf,0.0,0.0,0.0,0.0,False,False,False,0,False
2019,27,2019-07-01,Jalisco,Guadalajara,Sarampion,0,SEFE_pdf,0.0,0.0,0.0,0.0,False,False,False,0,False
2019,27,2019-07-01,Jalisco,Guadalajara,Sarampion,0,boletin_pdf,0.0,0.0,0.0,0.0,False,False,False,0,False
2019,27,2019-07-01,Nuevo León,Monterrey,Erisipela,106,boletin_pdf,117.5,12.041594578792296,141.5831891575846,-0.9550230183180096,False,False,False,0,False
2019,27,2019-07-01,Nuevo León,Monterrey,Escarlatina,10,boletin_pdf,12.0,8.16496580927726,28.32993161855452,-0.2449489742783178,False,False,False,0,False
2019,27,2019-07-01,Nuevo León,Monterrey,Rubeola,0,boletin_pdf,0.0,0.0,0.0,0.0,False,False,False,0,False
2019,27,2019-07-01,Nuevo León,Monterrey,Sarampion,0,SEFE_pdf,0.0,0.0,0.0,0.0,False,False,False,0,False
2019,27,2019-07-01,Nuevo León,Monterrey,Sarampion,0,boletin_pdf,0.0,0.0,0.0,0.0,False,False,False,0,False
2019,28,2019-07-08,Ciudad de México,CDMX,Erisipela,14,boletin_pdf,8.5,5.972157622389639,20.444315244779276,0.9209401941068136,False,False,False,0,False
2019,28,2019-07-08,Ciudad de México,CDMX,Escarlatina,14,boletin_pdf,11.5,7.724420150837646,26.94884030167529,0.3236488890015773,False,False,False,0,False
2019,28,2019-07-08,Ciudad de México,CDMX,Rubeola,0,boletin_pdf,0.0,0.0,0.0,0.0,False,False,False,0,False
2019,28,2019-07-08,Ciudad de México,CDMX,Sarampion,0,boletin_pdf,0.0,0.0,0.0,0.0,False,False,False,0,False
2019,28,2019-07-08,Jalisco,Guadalajara,Erisipela,10,boletin_pdf,11.5,4.43471156521669,20.369423130433383,-0.338240712601273,False,False,False,0,False
2019,28,2019-07-08,Jalisco,Guadalajara,Escarlatina,8,boletin_pdf,5.0,3.4641016151377544,11.928203230275509,0.8660254037844387,False,False,False,0,False
2019,28,2019-07-08,Jalisco,Guadalajara,Rubeola,0,boletin_pdf,0.0,0.0,0.0,0.0,False,False,False,0,False
2019,28,2019-07-08,Jalisco,Guadalajara,Sarampion,0,boletin_pdf,0.0,0.0,0.0,0.0,False,False,False,0,False
2019,28,2019-07-08,Nuevo León,Monterrey,Erisipela,110,boletin_pdf,112.0,20.720360357226735,153.44072071445348,-0.09652341781316805,False,False,False,0,False
2019,28,2019-07-08,Nuevo León,Monterrey,Escarlatina,4,boletin_pdf,9.5,7.724420150837645,24.94884030167529,-0.7120275558034701,False,False,False,0,False
2019,28,2019-07-08,Nuevo León,Monterrey,Rubeola,0,boletin_pdf,0.0,0.0,0.0,0.0,False,False,False,0,False
2019,28,2019-07-08,Nuevo León,Monterrey,Sarampion,0,boletin_pdf,0.0,0.0,0.0,0.0,False,False,False,0,False
2019,29,2019-07-15,Ciudad de México,CDMX,Erisipela,14,boletin_pdf,10.5,7.724420150837646,25.94884030167529,0.45310844460220817,False,False,False,0,False
2019,29,2019-07-15,Ciudad de México,CDMX,Escarlatina,26,boletin_pdf,18.0,12.328828005937952,42.6576560118759,0.6488856845230502,False,False,False,0,False
2019,29,2019-07-15,Ciudad de México,CDMX,Rubeola,0,boletin_pdf,0.0,0.0,0.0,0.0,False,False,False,0,False
2019,29,2019-07-15,Ciudad de México,CDMX,Sarampion,0,boletin_pdf,0.0,0.0,0.0,0.0,False,False,False,0,False
2019,29,2019-07-15,Jalisco,Guadalajara,Erisipela,4,boletin_pdf,5.0,2.0,9.0,-0.5,False,False,False,0,False
2019,29,2019-07-15,Jalisco,Guadalajara,Escarlatina,0,boletin_pdf,4.5,5.259911279353167,15.019822558706334,-0.8555277382080452,False,False,False,0,False
2019,29,2019-07-15,Jalisco,Guadalajara,Rubeola,0,boletin_pdf,0.0,0.0,0.0,0.0,False,False,False,0,False
2019,29,2019-07-15,Jalisco,Guadalajara,Sarampion,0,boletin_pdf,0.0,0.0,0.0,0.0,False,False,False,0,False
2019,29,2019-07-15,Nuevo León,Monterrey,Erisipela,104,boletin_pdf,114.0,9.380831519646858,132.76166303929372,-1.0660035817780524,False,False,False,0,False
2019,29,2019-07-15,Nuevo León,Monterrey,Escarlatina,4,boletin_pdf,9.5,5.972157622389639,21.444315244779276,-0.9209401941068136,False,False,False,0,False
2019,29,2019-07-15,Nuevo León,Monterrey,Rubeola,0,boletin_pdf,0.0,0.0,0.0,0.0,False,False,False,0,False
2019,29,2019-07-15,Nuevo León,Monterrey,Sarampion,0,boletin_pdf,0.0,0.0,0.0,0.0,False,False,False,0,False
2019,30,2019-07-22,Ciudad de México,CDMX,Erisipela,14,boletin_pdf,6.0,6.324555320336759,18.64911064067352,1.2649110640673518,False,False,False,0,False
2019,30,2019-07-22,Ciudad de México,CDMX,Escarlatina,10,boletin_pdf,9.0,7.393691004272944,23.78738200854589,0.13525044520011487,False,False,False,0,False
2019,30,2019-07-22,Ciudad de México,CDMX,Rubeola,0,boletin_pdf,0.0,0.0,0.0,0.0,False,False,False,0,False
2019,30,2019-07-22,Ciudad de México,CDMX,Sarampion,0,boletin_pdf,0.0,0.0,0.0,0.0,False,False,False,0,False
2019,30,2019-07-22,Jalisco,Guadalajara,Erisipela,12,boletin_pdf,8.5,4.123105625617661,16.746211251235323,0.8488746876271654,False,False,False,0,False
2019,30,2019-07-22,Jalisco,Guadalajara,Escarlatina,10,boletin_pdf,9.0,2.0,13.0,0.5,False,False,False,0,False
2019,30,2019-07-22,Jalisco,Guadalajara,Rubeola,0,boletin_pdf,0.0,0.0,0.0,0.0,False,False,False,0,False
2019,30,2019-07-22,Jalisco,Guadalajara,Sarampion,0,boletin_pdf,0.0,0.0,0.0,0.0,False,False,False,0,False
2019,30,2019-07-22,Nuevo León,Monterrey,Erisipela,116,boletin_pdf,121.0,12.055427546683415,145.11085509336684,-0.41475094770699833,False,False,False,0,False
2019,30,2019-07-22,Nuevo León,Monterrey,Escarlatina,2,boletin_pdf,4.5,1.914854215512676,8.329708431025352,-1.305582419667734,False,False,False,0,False
2019,30,2019-07-22,Nuevo León,Monterrey,Rubeola,0,boletin_pdf,0.0,0.0,0.0,0.0,False,False,False,0,False
2019,30,2019-07-22,Nuevo León,Monterrey,Sarampion,0,boletin_pdf,0.0,0.0,0.0,0.0,False,False,False,0,False
2019,31,2019-07-29,Ciudad de México,CDMX,Erisipela,10,boletin_pdf,9.0,6.2182527020592095,21.43650540411842,0.16081688022566923,False,False,False,0,False
2019,31,2019-07-29,Ciudad de México,CDMX,Escarlatina,10,boletin_pdf,10.5,7.724420150837646,25.94884030167529,-0.06472977780031546,False,False,False,0,False
2019,31,2019-07-29,Ciudad de México,CDMX,Rubeola,0,boletin_pdf,0.0,0.0,0.0,0.0,False,False,False,0,False
2019,31,2019-07-29,Ciudad de México,CDMX,Sarampion,0,boletin_pdf,0.0,0.0,0.0,0.0,False,False,False,0,False
2019,31,2019-07-29,Jalisco,Guadalajara,Erisipela,4,boletin_pdf,9.5,6.191391873668904,21.882783747337808,-0.8883301383959731,False,False,False,0,False
2019,31,2019-07-29,Jalisco,Guadalajara,Escarlatina,4,boletin_pdf,5.5,4.43471156521669,14.36942313043338,-0.338240712601273,False,False,False,0,False
2019,31,2019-07-29,Jalisco,Guadalajara,Rubeola,0,boletin_pdf,0.0,0.0,0.0,0.0,False,False,False,0,False
2019,31,2019-07-29,Jalisco,Guadalajara,Sarampion,0,boletin_pdf,0.0,0.0,0.0,0.0,False,False,False,0,False
2019,31,2019-07-29,Nuevo León,Monterrey,Erisipela,106,boletin_pdf,107.5,16.11417595369576,139.72835190739153,-0.09308574042571363,False,False,False,0,False
2019,31,2019-07-29,Nuevo León,Monterrey,Escarlatina,0,boletin_pdf,3.5,2.5166114784235836,8.533222956847167,-1.3907589749182958,False,False,False,0,False
2019,31,2019-07-29,Nuevo León,Monterrey,Rubeola,0,boletin_pdf,0.0,0.0,0.0,0.0,False,False,False,0,False
2019,31,2019-07-29,Nuevo León,Monterrey,Sarampion,0,boletin_pdf,0.0,0.0,0.0,0.0,False,False,False,0,False
2019,32,2019-08-05,Ciudad de México,CDMX,Erisipela,6,boletin_pdf,8.0,7.483314773547883,22.966629547095764,-0.2672612419124244,False,False,False,0,False
2019,32,2019-08-05,Ciudad de México,CDMX,Escarlatina,24,boletin_pdf,14.5,11.704699910719626,37.90939982143925,0.8116397748309229,False,False,False,0,False
2019,32,2019-08-05,Ciudad de México,CDMX,Rubeola,0,boletin_pdf,0.0,0.0,0.0,0.0,False,False,False,0,False
2019,32,2019-08-05,Ciudad de México,CDMX,Sarampion,0,SEFE_pdf,0.0,0.0,0.0,0.0,False,False,False,0,False
2019,32,2019-08-05,Ciudad de México,CDMX,Sarampion,0,boletin_pdf,0.0,0.0,0.0,0.0,False,False,False,0,False
2019,32,2019-08-05,Jalisco,Guadalajara,Erisipela,4,boletin_pdf,11.0,5.033222956847167,21.066445913694334,-1.3907589749182958,False,False,False,0,False
2019,32,2019-08-05,Jalisco,Guadalajara,Escarlatina,8,boletin_pdf,7.0,3.4641016151377544,13.928203230275509,0.2886751345948129,False,False,False,0,False
2019,32,2019-08-05,Jalisco,Guadalajara,Rubeola,0,boletin_pdf,0.0,0.0,0.0,0.0,False,False,False,0,False
2019,32,2019-08-05,Jalisco,Guadalajara,Sarampion,0,SEFE_pdf,0.0,0.0,0.0,0.0,False,False,False,0,False
2019,32,2019-08-05,Jalisco,Guadalajara,Sarampion,0,boletin_pdf,0.0,0.0,0.0,0.0,False,False,False,0,False
2019,32,2019-08-05,Nuevo León,Monterrey,Erisipela,112,boletin_pdf,116.0,16.32993161855452,148.65986323710905,-0.2449489742783178,False,False,False,0,False
2019,32,2019-08-05,Nuevo León,Monterrey,Escarlatina,8,boletin_pdf,6.0,1.632993161855452,9.265986323710905,1.224744871391589,False,False,False,0,False
2019,32,2019-08-05,Nuevo León,Monterrey,Rubeola,0,boletin_pdf,0.0,0.0,0.0,0.0,False,False,False,0,False
2019,32,2019-08-05,Nuevo León,Monterrey,Sarampion,0,SEFE_pdf,0.0,0.0,0.0,0.0,False,False,False,0,False
2019,32,2019-08-05,Nuevo León,Monterrey,Sarampion,0,boletin_pdf,0.0,0.0,0.0,0.0,False,False,False,0,False
2019,33,2019-08-12,Ciudad de México,CDMX,Erisipela,12,boletin_pdf,10.0,6.928203230275509,23.856406460551018,0.2886751345948129,False,False,False,0,False
2019,33,2019-08-12,Ciudad de México,CDMX,Escarlatina,12,boletin_pdf,11.0,10.0,31.0,0.1,False,False,False,0,False
2019,33,2019-08-12,Ciudad de México,CDMX,Rubeola,0,boletin_pdf,0.0,0.0,0.0,0.0,False,False,False,0,False
2019,33,2019-08-12,Ciudad de México,CDMX,Sarampion,0,boletin_pdf,0.0,0.0,0.0,0.0,False,False,False,0,False
2019,33,2019-08-12,Jalisco,Guadalajara,Erisipela,6,boletin_pdf,7.5,1.9148542155126762,11.329708431025352,-0.7833494518006403,False,False,False,0,False
2019,33,2019-08-12,Jalisco,Guadalajara,Escarlatina,0,boletin_pdf,4.0,3.265986323710904,10.531972647421808,-1.224744871391589,False,False,False,0,False
2019,33,2019-08-12,Jalisco,Guadalajara,Rubeola,0,boletin_pdf,0.0,0.0,0.0,0.0,False,False,False,0,False
2019,33,2019-08-12,Jalisco,Guadalajara,Sarampion,0,boletin_pdf,0.0,0.0,0.0,0.0,False,False,False,0,False
2019,33,2019-08-12,Nuevo León,Monterrey,Erisipela,134,boletin_pdf,112.0,27.80887148615228,167.61774297230457,0.7911144474508838,False,False,False,0,False
2019,33,2019-08-12,Nuevo León,Monterrey,Escarlatina,0,boletin_pdf,0.5,1.0,2.5,-0.5,False,False,False,0,False
2019,33,2019-08-12,Nuevo León,Monterrey,Rubeola,0,boletin_pdf,0.0,0.0,0.0,0.0,False,False,False,0,False
2019,33,2019-08-12,Nuevo León,Monterrey,Sarampion,0,boletin_pdf,0.0,0.0,0.0,0.0,False,False,False,0,False
2019,34,2019-08-19,Ciudad de México,CDMX,Erisipela,10,boletin_pdf,7.0,6.2182527020592095,19.43650540411842,0.4824506406770077,False,False,False,0,False
2019,34,2019-08-19,Ciudad de México,CDMX,Escarlatina,16,boletin_pdf,9.0,6.6332495807108,22.2664991614216,1.0552897060221726,False,False,False,0,False
2019,34,2019-08-19,Ciudad de México,CDMX,Rubeola,0,boletin_pdf,0.0,0.0,0.0,0.0,False,False,False,0,False
2019,34,2019-08-19,Ciudad de México,CDMX,Sarampion,0,boletin_pdf,0.0,0.0,0.0,0.0,False,False,False,0,False
2019,34,2019-08-19,Jalisco,Guadalajara,Erisipela,0,boletin_pdf,5.5,5.0,15.5,-1.1,False,False,False,0,False
2019,34,2019-08-19,Jalisco,Guadalajara,Escarlatina,4,boletin_pdf,5.0,4.760952285695232,14.521904571390465,-0.21004201260420152,False,False,False,0,False
2019,34,2019-08-19,Jalisco,Guadalajara,Rubeola,0,boletin_pdf,0.0,0.0,0.0,0.0,False,False,False,0,False
2019,34,2019-08-19,Jalisco,Guadalajara,Sarampion,0,boletin_pdf,0.0,0.0,0.0,0.0,False,False,False,0,False
2019,34,2019-08-19,Nuevo León,Monterrey,Erisipela,136,boletin_pdf,117.0,19.493588689617926,155.98717737923585,0.9746794344808964,False,False,False,0,False
2019,34,2019-08-19,Nuevo León,Monterrey,Escarlatina,6,boletin_pdf,6.0,2.8284271247461903,11.65685424949238,0.0,False,False,False,0,False
2019,34,2019-08-19,Nuevo León,Monterrey,Rubeola,0,boletin_pdf,0.0,0.0,0.0,0.0,False,False,False,0,False
2019,34,2019-08-19,Nuevo León,Monterrey,Sarampion,0,boletin_pdf,0.0,0.0,0.0,0.0,False,False,False,0,False
2019,35,2019-08-26,Ciudad de México,CDMX,Erisipela,12,boletin_pdf,9.5,7.54983443527075,24.5996688705415,0.33113308926626095,False,False,False,0,False
2019,35,2019-08-26,Ciudad de México,CDMX,Escarlatina,14,boletin_pdf,9.0,9.591663046625438,28.183326093250876,0.5212860351426869,False,False,False,0,False
2019,35,2019-08-26,Ciudad de México,CDMX,Rubeola,0,boletin_pdf,0.0,0.0,0.0,0.0,False,False,False,0,False
2019,35,2019-08-26,Ciudad de México,CDMX,Sarampion,0,boletin_pdf,0.0,0.0,0.0,0.0,False,False,False,0,False
2019,35,2019-08-26,Jalisco,Guadalajara,Erisipela,10,boletin_pdf,9.5,4.725815626252608,18.951631252505216,0.10580184237878976,False,False,False,0,False
2019,35,2019-08-26,Jalisco,Guadalajara,Escarlatina,8,boletin_pdf,6.0,2.309401076758503,10.618802153517006,0.8660254037844387,False,False,False,0,False
2019,35,2019-08-26,Jalisco,Guadalajara,Rubeola,0,boletin_pdf,0.0,0.0,0.0,0.0,False,False,False,0,False
2019,35,2019-08-26,Jalisco,Guadalajara,Sarampion,0,boletin_pdf,0.0,0.0,0.0,0.0,False,False,False,0,False
2019,35,2019-08-26,Nuevo León,Monterrey,Erisipela,120,boletin_pdf,114.0,19.6638416050035,153.327683210007,0.30512857662936466,False,False,False,0,False
2019,35,2019-08-26,Nuevo León,Monterrey,Escarlatina,6,boletin_pdf,6.5,5.0,16.5,-0.1,False,False,False,0,False
2019,35,2019-08-26,Nuevo León,Monterrey,Rubeola,0,boletin_pdf,0.0,0.0,0.0,0.0,False,False,False,0,False
2019,35,2019-08-26,Nuevo León,Monterrey,Sarampion,0,boletin_pdf,0.0,0.0,0.0,0.0,False,False,False,0,False
2019,36,2019-09-02,Ciudad de México,CDMX,Erisipela,10,boletin_pdf,10.0,7.118052168020874,24.23610433604175,0.0,False,False,False,0,False
2019,36,2019-09-02,Ciudad de México,CDMX,Escarlatina,8,boletin_pdf,7.0,6.831300510639732,20.662601021279464,0.14638501094227999,False,False,False,0,False
2019,36,2019-09-02,Ciudad de México,CDMX,Rubeola,0,boletin_pdf,0.0,0.0,0.0,0.0,False,False,False,0,False
2019,36,2019-09-02,Ciudad de México,CDMX,Sarampion,0,SEFE_pdf,0.0,0.0,0.0,0.0,False,False,False,0,False
2019,36,2019-09-02,Ciudad de México,CDMX,Sarampion,0,boletin_pdf,0.0,0.0,0.0,0.0,False,False,False,0,False
2019,36,2019-09-02,Jalisco,Guadalajara,Erisipela,2,boletin_pdf,7.5,7.187952884282608,21.875905768565218,-0.7651691780042776,False,False,False,0,False
2019,36,2019-09-02,Jalisco,Guadalajara,Escarlatina,8,boletin_pdf,6.0,5.163977794943222,16.327955589886443,0.3872983346207417,False,False,False,0,False
2019,36,2019-09-02,Jalisco,Guadalajara,Rubeola,0,boletin_pdf,0.0,0.0,0.0,0.0,False,False,False,0,False
2019,36,2019-09-02,Jalisco,Guadalajara,Sarampion,0,SEFE_pdf,0.0,0.0,0.0,0.0,False,False,False,0,False
2019,36,2019-09-02,Jalisco,Guadalajara,Sarampion,0,boletin_pdf,0.0,0.0,0.0,0.0,False,False,False,0,False
2019,36,2019-09-02,Nuevo León,Monterrey,Erisipela,106,boletin_pdf,107.0,20.165977949672232,147.33195589934445,-0.04958847036804647,False,False,False,0,False
2019,36,2019-09-02,Nuevo León,Monterrey,Escarlatina,14,boletin_pdf,6.5,5.259911279353167,17.019822558706334,1.4258795636800752,False,False,False,0,False
2019,36,2019-09-02,Nuevo León,Monterrey,Rubeola,0,boletin_pdf,0.0,0.0,0.0,0.0,False,False,False,0,False
2019,36,2019-09-02,Nuevo León,Monterrey,Sarampion,0,SEFE_pdf,0.0,0.0,0.0,0.0,False,False,False,0,False
2019,36,2019-09-02,Nuevo León,Monterrey,Sarampion,0,boletin_pdf,0.0,0.0,0.0,0.0,False,False,False,0,False
2019,37,2019-09-09,Ciudad de México,CDMX,Erisipela,16,boletin_pdf,12.5,8.386497083606082,29.272994167212165,0.41733753259651124,False,False,False,0,False
2019,37,2019-09-09,Ciudad de México,CDMX,Escarlatina,20,boletin_pdf,10.5,8.225975119502044,26.951950239004088,1.1548782803241786,False,False,False,0,False
2019,37,2019-09-09,Ciudad de México,CDMX,Rubeola,0,boletin_pdf,0.0,0.0,0.0,0.0,False,False,False,0,False
2019,37,2019-09-09,Ciudad de México,CDMX,Sarampion,0,boletin_pdf,0.0,0.0,0.0,0.0,False,False,False,0,False
2019,37,2019-09-09,Jalisco,Guadalajara,Erisipela,8,boletin_pdf,9.5,5.0,19.5,-0.3,False,False,False,0,False
2019,37,2019-09-09,Jalisco,Guadalajara,Escarlatina,6,boletin_pdf,8.5,6.403124237432849,21.306248474865697,-0.39043440472151514,False,False,False,0,False
2019,37,2019-09-09,Jalisco,Guadalajara,Rubeola,0,boletin_pdf,0.0,0.0,0.0,0.0,False,False,False,0,False
2019,37,2019-09-09,Jalisco,Guadalajara,Sarampion,0,boletin_pdf,0.0,0.0,0.0,0.0,False,False,False,0,False
2019,37,2019-09-09,Nuevo León,Monterrey,Erisipela,94,boletin_pdf,100.0,17.73884626086676,135.47769252173353,-0.338240712601273,False,False,False,0,False
2019,37,2019-09-09,Nuevo León,Monterrey,Escarlatina,4,boletin_pdf,4.5,1.0,6.5,-0.5,False,False,False,0,False
2019,37,2019-09-09,Nuevo León,Monterrey,Rubeola,0,boletin_pdf,0.0,0.0,0.0,0.0,False,False,False,0,False
2019,37,2019-09-09,Nuevo León,Monterrey,Sarampion,0,boletin_pdf,0.0,0.0,0.0,0.0,False,False,False,0,False
2019,38,2019-09-16,Ciudad de México,CDMX,Erisipela,12,boletin_pdf,10.0,10.583005244258363,31.166010488516726,0.1889822365046136,False,False,False,0,False
2019,38,2019-09-16,Ciudad de México,CDMX,Escarlatina,8,boletin_pdf,6.5,5.972157622389639,18.444315244779276,0.25116550748367644,False,False,False,0,False
2019,38,2019-09-16,Ciudad de México,CDMX,Rubeola,0,boletin_pdf,0.0,0.0,0.0,0.0,False,False,False,0,False
2019,38,2019-09-16,Ciudad de México,CDMX,Sarampion,0,boletin_pdf,0.0,0.0,0.0,0.0,False,False,False,0,False
2019,38,2019-09-16,Jalisco,Guadalajara,Erisipela,4,boletin_pdf,7.5,2.516611478423583,12.533222956847165,-1.390758974918296,False,False,False,0,False
2019,38,2019-09-16,Jalisco,Guadalajara,Escarlatina,6,boletin_pdf,10.0,5.656854249492381,21.31370849898476,-0.7071067811865475,False,False,False,0,False
2019,38,2019-09-16,Jalisco,Guadalajara,Rubeola,0,boletin_pdf,0.0,0.0,0.0,0.0,False,False,False,0,False
2019,38,2019-09-16,Jalisco,Guadalajara,Sarampion,0,boletin_pdf,0.0,0.0,0.0,0.0,False,False,False,0,False
2019,38,2019-09-16,Nuevo León,Monterrey,Erisipela,102,boletin_pdf,98.0,4.320493798938572,106.64098759787714,0.9258200997725518,False,False,False,0,False
2019,38,2019-09-16,Nuevo León,Monterrey,Escarlatina,6,boletin_pdf,9.0,6.0,21.0,-0.5,False,False,False,0,False
2019,38,2019-09-16,Nuevo León,Monterrey,Rubeola,0,boletin_pdf,0.0,0.0,0.0,0.0,False,False,False,0,False
2019,38,2019-09-16,Nuevo León,Monterrey,Sarampion,0,boletin_pdf,0.0,0.0,0.0,0.0,False,False,False,0,False
2019,39,2019-09-23,Ciudad de México,CDMX,Erisipela,10,boletin_pdf,12.0,10.708252269472673,33.41650453894535,-0.1867718419094071,False,False,False,0,False
2019,39,2019-09-23,Ciudad de México,CDMX,Escarlatina,14,boletin_pdf,9.5,8.06225774829855,25.6245154965971,0.558156305651438,False,False,False,0,False
2019,39,2019-09-23,Ciudad de México,CDMX,Rubeola,0,boletin_pdf,0.0,0.0,0.0,0.0,False,False,False,0,False
2019,39,2019-09-23,Ciudad de México,CDMX,Sarampion,0,boletin_pdf,0.0,0.0,0.0,0.0,False,False,False,0,False
2019,39,2019-09-23,Jalisco,Guadalajara,Erisipela,0,boletin_pdf,9.0,8.406346808612328,25.812693617224657,-1.0706196407194946,False,False,False,0,False
2019,39,2019-09-23,Jalisco,Guadalajara,Escarlatina,2,boletin_pdf,5.0,3.8297084310253524,12.659416862050705,-0.7833494518006403,False,False,False,0,False
2019,39,2019-09-23,Jalisco,Guadalajara,Rubeola,0,boletin_pdf,0.0,0.0,0.0,0.0,False,False,False,0,False
2019,39,2019-09-23,Jalisco,Guadalajara,Sarampion,0,boletin_pdf,0.0,0.0,0.0,0.0,False,False,False,0,False
2019,39,2019-09-23,Nuevo León,Monterrey,Erisipela,124,boletin_pdf,123.5,10.630145812734648,144.7602916254693,0.04703604341917987,False,False,False,0,False
2019,39,2019-09-23,Nuevo León,Monterrey,Escarlatina,4,boletin_pdf,10.5,9.146948489341495,28.79389697868299,-0.7106195041520286,False,False,False,0,False
2019,39,2019-09-23,Nuevo León,Monterrey,Rubeola,0,boletin_pdf,0.0,0.0,0.0,0.0,False,False,False,0,False
2019,39,2019-09-23,Nuevo León,Monterrey,Sarampion,0,boletin_pdf,0.0,0.0,0.0,0.0,False,False,False,0,False
2019,40,2019-09-30,Ciudad de México,CDMX,Erisipela,10,boletin_pdf,10.0,7.118052168020874,24.23610433604175,0.0,False,False,False,0,False
2019,40,2019-09-30,Ciudad de México,CDMX,Escarlatina,20,boletin_pdf,14.0,14.787382008545888,43.57476401709178,0.40575133560034454,False,False,False,0,False
2019,40,2019-09-30,Ciudad de México,CDMX,Rubeola,0,boletin_pdf,0.0,0.0,0.0,0.0,False,False,False,0,False
2019,40,2019-09-30,Ciudad de México,CDMX,Sarampion,0,SEFE_pdf,0.0,0.0,0.0,0.0,False,False,False,0,False
2019,40,2019-09-30,Ciudad de México,CDMX,Sarampion,0,boletin_pdf,0.0,0.0,0.0,0.0,False,False,False,0,False
2019,40,2019-09-30,Jalisco,Guadalajara,Erisipela,8,boletin_pdf,9.5,1.9148542155126762,13.329708431025352,-0.7833494518006403,False,False,False,0,False
2019,40,2019-09-30,Jalisco,Guadalajara,Escarlatina,6,boletin_pdf,9.0,3.4641016151377544,15.928203230275509,-0.8660254037844387,False,False,False,0,False
2019,40,2019-09-30,Jalisco,Guadalajara,Rubeola,0,boletin_pdf,0.0,0.0,0.0,0.0,False,False,False,0,False
2019,40,2019-09-30,Jalisco,Guadalajara,Sarampion,0,SEFE_pdf,0.0,0.0,0.0,0.0,False,False,False,0,False
2019,40,2019-09-30,Jalisco,Guadalajara,Sarampion,0,boletin_pdf,0.0,0.0,0.0,0.0,False,False,False,0,False
2019,40,2019-09-30,Nuevo León,Monterrey,Erisipela,92,boletin_pdf,85.5,5.972157622389639,97.44431524477928,1.088383865762598,False,False,False,0,False
2019,40,2019-09-30,Nuevo León,Monterrey,Escarlatina,6,boletin_pdf,11.5,7.54983443527075,26.5996688705415,-0.7284927963857741,False,False,False,0,False
2019,40,2019-09-30,Nuevo León,Monterrey,Rubeola,0,boletin_pdf,0.0,0.0,0.0,0.0,False,False,False,0,False
2019,40,2019-09-30,Nuevo León,Monterrey,Sarampion,0,SEFE_pdf,0.0,0.0,0.0,0.0,False,False,False,0,False
2019,40,2019-09-30,Nuevo León,Monterrey,Sarampion,0,boletin_pdf,0.0,0.0,0.0,0.0,False,False,False,0,False
2019,41,2019-10-07,Ciudad de México,CDMX,Erisipela,20,boletin_pdf,12.5,10.376254944182254,33.25250988836451,0.72280413697864,False,False,False,0,False
2019,41,2019-10-07,Ciudad de México,CDMX,Escarlatina,30,boletin_pdf,15.0,12.489995996796797,39.97999199359359,1.2009611535381535,False,False,False,0,False
2019,41,2019-10-07,Ciudad de México,CDMX,Rubeola,0,boletin_pdf,0.0,0.0,0.0,0.0,False,False,False,0,False
2019,41,2019-10-07,Ciudad de México,CDMX,Sarampion,0,boletin_pdf,0.0,0.0,0.0,0.0,False,False,False,0,False
2019,41,2019-10-07,Jalisco,Guadalajara,Erisipela,6,boletin_pdf,7.0,2.5819888974716108,12.163977794943222,-0.38729833462074176,False,False,False,0,False
2019,41,2019-10-07,Jalisco,Guadalajara,Escarlatina,8,boletin_pdf,7.0,5.291502622129181,17.583005244258363,0.1889822365046136,False,False,False,0,False
2019,41,2019-10-07,Jalisco,Guadalajara,Rubeola,0,boletin_pdf,0.0,0.0,0.0,0.0,False,False,False,0,False
2019,41,2019-10-07,Jalisco,Guadalajara,Sarampion,0,boletin_pdf,0.0,0.0,0.0,0.0,False,False,False,0,False
2019,41,2019-10-07,Nuevo León,Monterrey,Erisipela,90,boletin_pdf,104.5,9.848857801796102,124.1977156035922,-1.472251939443748,False,False,False,0,False
2019,41,2019-10-07,Nuevo León,Monterrey,Escarlatina,8,boletin_pdf,7.5,4.123105625617661,15.746211251235321,0.12126781251816648,False,False,False,0,False
2019,41,2019-10-07,Nuevo León,Monterrey,Rubeola,0,boletin_pdf,0.0,0.0,0.0,0.0,False,False,False,0,False
2019,41,2019-10-07,Nuevo León,Monterrey,Sarampion,0,boletin_pdf,0.0,0.0,0.0,0.0,False,False,False,0,False
2019,42,2019-10-14,Ciudad de México,CDMX,Erisipela,16,boletin_pdf,16.0,13.9522996909709,43.9045993819418,0.0,False,False,False,0,False
2019,42,2019-10-14,Ciudad de México,CDMX,Escarlatina,24,boletin_pdf,12.5,10.115993936995679,32.73198787399136,1.1368136509001658,False,False,False,0,False
2019,42,2019-10-14,Ciudad de México,CDMX,Rubeola,0,boletin_pdf,0.0,0.0,0.0,0.0,False,False,False,0,False
2019,42,2019-10-14,Ciudad de México,CDMX,Sarampion,0,boletin_pdf,0.0,0.0,0.0,0.0,False,False,False,0,False
2019,42,2019-10-14,Jalisco,Guadalajara,Erisipela,6,boletin_pdf,7.5,5.972157622389639,19.444315244779276,-0.25116550748367644,False,False,False,0,False
2019,42,2019-10-14,Jalisco,Guadalajara,Escarlatina,6,boletin_pdf,6.0,2.8284271247461903,11.65685424949238,0.0,False,False,False,0,False
2019,42,2019-10-14,Jalisco,Guadalajara,Rubeola,0,boletin_pdf,0.0,0.0,0.0,0.0,False,False,False,0,False
2019,42,2019-10-14,Jalisco,Guadalajara,Sarampion,0,boletin_pdf,0.0,0.0,0.0,0.0,False,False,False,0,False
2019,42,2019-10-14,Nuevo León,Monterrey,Erisipela,106,boletin_pdf,112.5,5.507570547286103,123.5151410945722,-1.1801936887041644,False,False,False,0,False
2019,42,2019-10-14,Nuevo León,Monterrey,Escarlatina,14,boletin_pdf,9.0,5.773502691896258,20.547005383792516,0.8660254037844386,False,False,False,0,False
2019,42,2019-10-14,Nuevo León,Monterrey,Rubeola,0,boletin_pdf,0.0,0.0,0.0,0.0,False,False,False,0,False
2019,42,2019-10-14,Nuevo León,Monterrey,Sarampion,0,boletin_pdf,0.0,0.0,0.0,0.0,False,False,False,0,False
2019,43,2019-10-21,Ciudad de México,CDMX,Erisipela,24,boletin_pdf,16.0,12.649110640673518,41.29822128134704,0.6324555320336759,False,False,False,0,False
2019,43,2019-10-21,Ciudad de México,CDMX,Escarlatina,22,boletin_pdf,15.5,10.503967504392486,36.50793500878497,0.6188137955759925,False,False,False,0,False
2019,43,2019-10-21,Ciudad de México,CDMX,Rubeola,0,boletin_pdf,0.0,0.0,0.0,0.0,False,False,False,0,False
2019,43,2019-10-21,Ciudad de México,CDMX,Sarampion,0,boletin_pdf,0.0,0.0,0.0,0.0,False,False,False,0,False
2019,43,2019-10-21,Jalisco,Guadalajara,Erisipela,12,boletin_pdf,12.5,4.123105625617661,20.746211251235323,-0.12126781251816648,False,False,False,0,False
2019,43,2019-10-21,Jalisco,Guadalajara,Escarlatina,8,boletin_pdf,5.0,2.581988897471611,10.163977794943222,1.161895003862225,False,False,False,0,False
2019,43,2019-10-21,Jalisco,Guadalajara,Rubeola,0,boletin_pdf,0.0,0.0,0.0,0.0,False,False,False,0,False
2019,43,2019-10-21,Jalisco,Guadalajara,Sarampion,0,boletin_pdf,0.0,0.0,0.0,0.0,False,False,False,0,False
2019,43,2019-10-21,Nuevo León,Monterrey,Erisipela,134,boletin_pdf,104.0,23.03620339089466,150.0724067817893,1.3022979303897737,False,False,False,0,False
2019,43,2019-10-21,Nuevo León,Monterrey,Escarlatina,10,boletin_pdf,5.0,3.4641016151377544,11.928203230275509,1.4433756729740645,False,True,False,1,False
2019,43,2019-10-21,Nuevo León,Monterrey,Rubeola,0,boletin_pdf,0.0,0.0,0.0,0.0,False,False,False,0,False
2019,43,2019-10-21,Nuevo León,Monterrey,Sarampion,0,boletin_pdf,0.0,0.0,0.0,0.0,False,False,False,0,False
2019,44,2019-10-28,Ciudad de México,CDMX,Erisipela,20,boletin_pdf,15.0,10.519822558706334,36.03964511741267,0.4752931878933584,False,False,False,0,False
2019,44,2019-10-28,Ciudad de México,CDMX,Escarlatina,30,boletin_pdf,19.5,13.69914839202301,46.898296784046025,0.7664710023956037,False,False,False,0,False
2019,44,2019-10-28,Ciudad de México,CDMX,Rubeola,0,boletin_pdf,0.0,0.0,0.0,0.0,False,False,False,0,False
2019,44,2019-10-28,Ciudad de México,CDMX,Sarampion,0,boletin_pdf,0.0,0.0,0.0,0.0,False,False,False,0,False
2019,44,2019-10-28,Jalisco,Guadalajara,Erisipela,12,boletin_pdf,11.0,5.291502622129181,21.583005244258363,0.1889822365046136,False,False,False,0,False
2019,44,2019-10-28,Jalisco,Guadalajara,Escarlatina,4,boletin_pdf,5.0,2.0,9.0,-0.5,False,False,False,0,False
2019,44,2019-10-28,Jalisco,Guadalajara,Rubeola,0,boletin_pdf,0.0,0.0,0.0,0.0,False,False,False,0,False
2019,44,2019-10-28,Jalisco,Guadalajara,Sarampion,0,boletin_pdf,0.0,0.0,0.0,0.0,False,False,False,0,False
2019,44,2019-10-28,Nuevo León,Monterrey,Erisipela,88,boletin_pdf,101.0,14.832396974191322,130.66479394838265,-0.8764598212022149,False,False,False,0,False
2019,44,2019-10-28,Nuevo León,Monterrey,Escarlatina,8,boletin_pdf,5.5,2.9999999999999996,11.5,0.8333333333333335,False,False,False,0,False
2019,44,2019-10-28,Nuevo León,Monterrey,Rubeola,0,boletin_pdf,0.0,0.0,0.0,0.0,False,False,False,0,False
2019,44,2019-10-28,Nuevo León,Monterrey,Sarampion,0,boletin_pdf,0.0,0.0,0.0,0.0,False,False,False,0,False
2019,45,2019-11-04,Ciudad de México,CDMX,Erisipela,12,boletin_pdf,8.5,5.744562646538028,19.989125293076057,0.6092717958449425,False,False,False,0,False
2019,45,2019-11-04,Ciudad de México,CDMX,Escarlatina,18,boletin_pdf,15.0,10.893423092245461,36.786846184490926,0.27539552761294706,False,False,False,0,False
2019,45,2019-11-04,Ciudad de México,CDMX,Rubeola,0,boletin_pdf,0.0,0.0,0.0,0.0,False,False,False,0,False
2019,45,2019-11-04,Ciudad de México,CDMX,Sarampion,0,SEFE_pdf,0.0,0.0,0.0,0.0,False,False,False,0,False
2019,45,2019-11-04,Ciudad de México,CDMX,Sarampion,0,boletin_pdf,0.0,0.0,0.0,0.0,False,False,False,0,False
2019,45,2019-11-04,Jalisco,Guadalajara,Erisipela,4,boletin_pdf,7.0,2.581988897471611,12.163977794943222,-1.161895003862225,False,False,False,0,False
2019,45,2019-11-04,Jalisco,Guadalajara,Escarlatina,6,boletin_pdf,7.0,2.581988897471611,12.163977794943222,-0.3872983346207417,False,False,False,0,False
2019,45,2019-11-04,Jalisco,Guadalajara,Rubeola,0,boletin_pdf,0.0,0.0,0.0,0.0,False,False,False,0,False
2019,45,2019-11-04,Jalisco,Guadalajara,Sarampion,0,SEFE_pdf,0.0,0.0,0.0,0.0,False,False,False,0,False
2019,45,2019-11-04,Jalisco,Guadalajara,Sarampion,0,boletin_pdf,0.0,0.0,0.0,0.0,False,False,False,0,False
2019,45,2019-11-04,Nuevo León,Monterrey,Erisipela,56,boletin_pdf,72.0,11.31370849898476,94.62741699796952,-1.4142135623730951,False,False,False,0,False
2019,45,2019-11-04,Nuevo León,Monterrey,Escarlatina,14,boletin_pdf,8.0,4.320493798938574,16.64098759787715,1.3887301496588271,False,False,False,0,False
2019,45,2019-11-04,Nuevo León,Monterrey,Rubeola,0,boletin_pdf,0.0,0.0,0.0,0.0,False,False,False,0,False
2019,45,2019-11-04,Nuevo León,Monterrey,Sarampion,0,SEFE_pdf,0.0,0.0,0.0,0.0,False,False,False,0,False
2019,45,2019-11-04,Nuevo León,Monterrey,Sarampion,0,boletin_pdf,0.0,0.0,0.0,0.0,False,False,False,0,False
2019,46,2019-11-11,Ciudad de México,CDMX,Erisipela,14,boletin_pdf,12.0,9.092121131323903,30.184242262647807,0.21997067253202995,False,False,False,0,False
2019,46,2019-11-11,Ciudad de México,CDMX,Escarlatina,34,boletin_pdf,19.5,16.36052158907737,52.22104317815474,0.886279812110667,False,False,False,0,False
2019,46,2019-11-11,Ciudad de México,CDMX,Rubeola,0,boletin_pdf,0.0,0.0,0.0,0.0,False,False,False,0,False
2019,46,2019-11-11,Ciudad de México,CDMX,Sarampion,0,boletin_pdf,0.0,0.0,0.0,0.0,False,False,False,0,False
2019,46,2019-11-11,Jalisco,Guadalajara,Erisipela,12,boletin_pdf,11.5,4.123105625617661,19.746211251235323,0.12126781251816648,False,False,False,0,False
2019,46,2019-11-11,Jalisco,Guadalajara,Escarlatina,10,boletin_pdf,8.0,2.8284271247461903,13.65685424949238,0.7071067811865475,False,False,False,0,False
2019,46,2019-11-11,Jalisco,Guadalajara,Rubeola,0,boletin_pdf,0.0,0.0,0.0,0.0,False,False,False,0,False
2019,46,2019-11-11,Jalisco,Guadalajara,Sarampion,0,boletin_pdf,0.0,0.0,0.0,0.0,False,False,False,0,False
2019,46,2019-11-11,Nuevo León,Monterrey,Erisipela,94,boletin_pdf,92.5,10.246950765959598,112.99390153191919,0.14638501094227999,False,False,False,0,False
2019,46,2019-11-11,Nuevo León,Monterrey,Escarlatina,12,boletin_pdf,8.5,4.123105625617661,16.746211251235323,0.8488746876271654,False,False,False,0,False
2019,46,2019-11-11,Nuevo León,Monterrey,Rubeola,0,boletin_pdf,0.0,0.0,0.0,0.0,False,False,False,0,False
2019,46,2019-11-11,Nuevo León,Monterrey,Sarampion,0,boletin_pdf,0.0,0.0,0.0,0.0,False,False,False,0,False
2019,47,2019-11-18,Ciudad de México,CDMX,Erisipela,6,boletin_pdf,3.5,4.123105625617661,11.746211251235321,0.6063390625908325,False,False,False,0,False
2019,47,2019-11-18,Ciudad de México,CDMX,Escarlatina,16,boletin_pdf,9.0,6.6332495807108,22.2664991614216,1.0552897060221726,False,False,False,0,False
2019,47,2019-11-18,Ciudad de México,CDMX,Rubeola,0,boletin_pdf,0.0,0.0,0.0,0.0,False,False,False,0,False
2019,47,2019-11-18,Ciudad de México,CDMX,Sarampion,0,boletin_pdf,0.0,0.0,0.0,0.0,False,False,False,0,False
2019,47,2019-11-18,Jalisco,Guadalajara,Erisipela,6,boletin_pdf,10.5,4.43471156521669,19.369423130433383,-1.014722137803819,False,False,False,0,False
2019,47,2019-11-18,Jalisco,Guadalajara,Escarlatina,4,boletin_pdf,4.0,3.265986323710904,10.531972647421808,0.0,False,False,False,0,False
2019,47,2019-11-18,Jalisco,Guadalajara,Rubeola,0,boletin_pdf,0.0,0.0,0.0,0.0,False,False,False,0,False
2019,47,2019-11-18,Jalisco,Guadalajara,Sarampion,0,boletin_pdf,0.0,0.0,0.0,0.0,False,False,False,0,False
2019,47,2019-11-18,Nuevo León,Monterrey,Erisipela,56,boletin_pdf,70.0,21.602468994692867,113.20493798938574,-0.6480740698407861,False,False,False,0,False
2019,47,2019-11-18,Nuevo León,Monterrey,Escarlatina,10,boletin_pdf,5.5,4.43471156521669,14.36942313043338,1.014722137803819,False,False,False,0,False
2019,47,2019-11-18,Nuevo León,Monterrey,Rubeola,0,boletin_pdf,0.0,0.0,0.0,0.0,False,False,False,0,False
2019,47,2019-11-18,Nuevo León,Monterrey,Sarampion,0,boletin_pdf,0.0,0.0,0.0,0.0,False,False,False,0,False
2019,48,2019-11-25,Ciudad de México,CDMX,Erisipela,26,boletin_pdf,15.0,11.135528725660043,37.27105745132009,0.987829161147262,False,False,False,0,False
2019,48,2019-11-25,Ciudad de México,CDMX,Escarlatina,28,boletin_pdf,14.5,12.793227374930325,40.08645474986065,1.0552458425349862,False,False,False,0,False
2019,48,2019-11-25,Ciudad de México,CDMX,Rubeola,0,boletin_pdf,0.0,0.0,0.0,0.0,False,False,False,0,False
2019,48,2019-11-25,Ciudad de México,CDMX,Sarampion,0,boletin_pdf,0.0,0.0,0.0,0.0,False,False,False,0,False
2019,48,2019-11-25,Jalisco,Guadalajara,Erisipela,6,boletin_pdf,9.0,3.4641016151377544,15.928203230275509,-0.8660254037844387,False,False,False,0,False
2019,48,2019-11-25,Jalisco,Guadalajara,Escarlatina,4,boletin_pdf,3.5,1.0,5.5,0.5,False,False,False,0,False
2019,48,2019-11-25,Jalisco,Guadalajara,Rubeola,0,boletin_pdf,0.0,0.0,0.0,0.0,False,False,False,0,False
2019,48,2019-11-25,Jalisco,Guadalajara,Sarampion,0,boletin_pdf,0.0,0.0,0.0,0.0,False,False,False,0,False
2019,48,2019-11-25,Nuevo León,Monterrey,Erisipela,52,boletin_pdf,59.0,6.2182527020592095,71.43650540411842,-1.1257181615796847,False,False,False,0,False
2019,48,2019-11-25,Nuevo León,Monterrey,Escarlatina,46,boletin_pdf,16.5,21.80978373727412,60.11956747454824,1.3526039668877081,False,False,False,0,False
2019,48,2019-11-25,Nuevo León,Monterrey,Rubeola,0,boletin_pdf,0.0,0.0,0.0,0.0,False,False,False,0,False
2019,48,2019-11-25,Nuevo León,Monterrey,Sarampion,0,boletin_pdf,0.0,0.0,0.0,0.0,False,False,False,0,False
2019,49,2019-12-02,Ciudad de México,CDMX,Erisipela,6,boletin_pdf,10.5,10.246950765959598,30.993901531919196,-0.43915503282683993,False,False,False,0,False
2019,49,2019-12-02,Ciudad de México,CDMX,Escarlatina,18,boletin_pdf,14.0,9.38083151964686,32.76166303929372,0.42640143271122083,False,False,False,0,False
2019,49,2019-12-02,Ciudad de México,CDMX,Rubeola,0,boletin_pdf,0.0,0.0,0.0,0.0,False,False,False,0,False
2019,49,2019-12-02,Ciudad de México,CDMX,Sarampion,0,SEFE_pdf,0.0,0.0,0.0,0.0,False,False,False,0,False
2019,49,2019-12-02,Ciudad de México,CDMX,Sarampion,0,boletin_pdf,0.0,0.0,0.0,0.0,False,False,False,0,False
2019,49,2019-12-02,Jalisco,Guadalajara,Erisipela,4,boletin_pdf,2.5,1.9148542155126762,6.329708431025352,0.7833494518006403,False,False,False,0,False
2019,49,2019-12-02,Jalisco,Guadalajara,Escarlatina,8,boletin_pdf,7.0,5.773502691896258,18.547005383792516,0.1732050807568877,False,False,False,0,False
2019,49,2019-12-02,Jalisco,Guadalajara,Rubeola,0,boletin_pdf,0.0,0.0,0.0,0.0,False,False,False,0,False
2019,49,2019-12-02,Jalisco,Guadalajara,Sarampion,0,SEFE_pdf,0.0,0.0,0.0,0.0,False,False,False,0,False
2019,49,2019-12-02,Jalisco,Guadalajara,Sarampion,0,boletin_pdf,0.0,0.0,0.0,0.0,False,False,False,0,False
2019,49,2019-12-02,Nuevo León,Monterrey,Erisipela,62,boletin_pdf,66.5,9.146948489341495,84.793896978683,-0.49196734902832745,False,False,False,0,False
2019,49,2019-12-02,Nuevo León,Monterrey,Escarlatina,4,boletin_pdf,8.0,4.898979485566356,17.79795897113271,-0.8164965809277261,False,False,False,0,False
2019,49,2019-12-02,Nuevo León,Monterrey,Rubeola,0,boletin_pdf,0.0,0.0,0.0,0.0,False,False,False,0,False
2019,49,2019-12-02,Nuevo León,Monterrey,Sarampion,0,SEFE_pdf,0.0,0.0,0.0,0.0,False,False,False,0,False
2019,49,2019-12-02,Nuevo León,Monterrey,Sarampion,0,boletin_pdf,0.0,0.0,0.0,0.0,False,False,False,0,False
2019,50,2019-12-09,Ciudad de México,CDMX,Erisipela,22,boletin_pdf,10.5,9.0,28.5,1.2777777777777777,False,True,False,1,False
2019,50,2019-12-09,Ciudad de México,CDMX,Escarlatina,16,boletin_pdf,10.5,8.225975119502044,26.951950239004088,0.6686137412403139,False,False,False,0,False
2019,50,2019-12-09,Ciudad de México,CDMX,Rubeola,0,boletin_pdf,0.0,0.0,0.0,0.0,False,False,False,0,False
2019,50,2019-12-09,Ciudad de México,CDMX,Sarampion,0,boletin_pdf,0.0,0.0,0.0,0.0,False,False,False,0,False
2019,50,2019-12-09,Jalisco,Guadalajara,Erisipela,4,boletin_pdf,9.5,5.0,19.5,-1.1,False,False,False,0,False
2019,50,2019-12-09,Jalisco,Guadalajara,Escarlatina,2,boletin_pdf,2.5,2.516611478423583,7.533222956847166,-0.1986798535597566,False,False,False,0,False
2019,50,2019-12-09,Jalisco,Guadalajara,Rubeola,0,boletin_pdf,0.0,0.0,0.0,0.0,False,False,False,0,False
2019,50,2019-12-09,Jalisco,Guadalajara,Sarampion,0,boletin_pdf,0.0,0.0,0.0,0.0,False,False,False,0,False
2019,50,2019-12-09,Nuevo León,Monterrey,Erisipela,94,boletin_pdf,78.0,12.328828005937952,102.6576560118759,1.2977713690461004,False,False,False,0,False
2019,50,2019-12-09,Nuevo León,Monterrey,Escarlatina,6,boletin_pdf,3.5,2.516611478423583,8.533222956847165,0.9933992677987828,False,False,False,0,False
2019,50,2019-12-09,Nuevo León,Monterrey,Rubeola,0,boletin_pdf,0.0,0.0,0.0,0.0,False,False,False,0,False
2019,50,2019-12-09,Nuevo León,Monterrey,Sarampion,0,boletin_pdf,0.0,0.0,0.0,0.0,False,False,False,0,False
2019,51,2019-12-16,Ciudad de México,CDMX,Erisipela,8,boletin_pdf,6.5,5.972157622389639,18.444315244779276,0.25116550748367644,False,False,False,0,False
2019,51,2019-12-16,Ciudad de México,CDMX,Escarlatina,32,boletin_pdf,14.5,13.203534880225574,40.90706976045115,1.3254026409404256,False,False,False,0,False
2019,51,2019-12-16,Ciudad de México,CDMX,Rubeola,0,boletin_pdf,0.0,0.0,0.0,0.0,False,False,False,0,False
2019,51,2019-12-16,Ciudad de México,CDMX,Sarampion,0,boletin_pdf,0.0,0.0,0.0,0.0,False,False,False,0,False
2019,51,2019-12-16,Jalisco,Guadalajara,Erisipela,0,boletin_pdf,6.0,4.320493798938574,14.640987597877148,-1.3887301496588271,False,False,False,0,False
2019,51,2019-12-16,Jalisco,Guadalajara,Escarlatina,10,boletin_pdf,9.0,6.6332495807108,22.2664991614216,0.15075567228888181,False,False,False,0,False
2019,51,2019-12-16,Jalisco,Guadalajara,Rubeola,0,boletin_pdf,0.0,0.0,0.0,0.0,False,False,False,0,False
2019,51,2019-12-16,Jalisco,Guadalajara,Sarampion,0,boletin_pdf,0.0,0.0,0.0,0.0,False,False,False,0,False
2019,51,2019-12-16,Nuevo León,Monterrey,Erisipela,50,boletin_pdf,59.0,10.132456102380443,79.26491220476089,-0.888234788195688,False,False,False,0,False
2019,51,2019-12-16,Nuevo León,Monterrey,Escarlatina,10,boletin_pdf,4.5,4.43471156521669,13.36942313043338,1.2402159462046676,False,False,False,0,False
2019,51,2019-12-16,Nuevo León,Monterrey,Rubeola,0,boletin_pdf,0.0,0.0,0.0,0.0,False,False,False,0,False
2019,51,2019-12-16,Nuevo León,Monterrey,Sarampion,0,boletin_pdf,0.0,0.0,0.0,0.0,False,False,False,0,False
2019,52,2019-12-23,Ciudad de México,CDMX,Erisipela,8,boletin_pdf,5.5,3.7859388972001824,13.071877794400365,0.6603381797442178,False,False,False,0,False
2019,52,2019-12-23,Ciudad de México,CDMX,Escarlatina,26,boletin_pdf,10.5,11.474609652039003,33.44921930407801,1.3508084780248448,False,False,False,0,False
2019,52,2019-12-23,Ciudad de México,CDMX,Rubeola,0,boletin_pdf,0.0,0.0,0.0,0.0,False,False,False,0,False
2019,52,2019-12-23,Ciudad de México,CDMX,Sarampion,0,boletin_pdf,0.0,0.0,0.0,0.0,False,False,False,0,False
2019,52,2019-12-23,Jalisco,Guadalajara,Erisipela,6,boletin_pdf,4.5,1.9148542155126762,8.329708431025352,0.7833494518006403,False,False,False,0,False
2019,52,2019-12-23,Jalisco,Guadalajara,Escarlatina,14,boletin_pdf,5.5,5.7445626465380295,16.989125293076057,1.4796600756234315,False,True,False,1,False
2019,52,2019-12-23,Jalisco,Guadalajara,Rubeola,0,boletin_pdf,0.0,0.0,0.0,0.0,False,False,False,0,False
2019,52,2019-12-23,Jalisco,Guadalajara,Sarampion,0,boletin_pdf,0.0,0.0,0.0,0.0,False,False,False,0,False
2019,52,2019-12-23,Nuevo León,Monterrey,Erisipela,34,boletin_pdf,50.5,15.351438586225939,81.20287717245188,-1.0748178359521698,False,False,False,0,False
2019,52,2019-12-23,Nuevo León,Monterrey,Escarlatina,28,boletin_pdf,9.0,12.701705922171767,34.40341184434354,1.4958620610822122,False,True,True,2,True
2019,52,2019-12-23,Nuevo León,Monterrey,Rubeola,0,boletin_pdf,0.0,0.0,0.0,0.0,False,False,False,0,False
2019,52,2019-12-23,Nuevo León,Monterrey,Sarampion,0,boletin_pdf,0.0,0.0,0.0,0.0,False,False,False,0,False
2019,53,2019-12-23,Ciudad de México,CDMX,Erisipela,0,boletin_pdf,0.0,0.0,0.0,0.0,False,False,False,0,False
2019,53,2019-12-23,Ciudad de México,CDMX,Escarlatina,0,boletin_pdf,0.0,0.0,0.0,0.0,False,False,False,0,False
2019,53,2019-12-23,Ciudad de México,CDMX,Rubeola,0,boletin_pdf,0.0,0.0,0.0,0.0,False,False,False,0,False
2019,53,2019-12-23,Ciudad de México,CDMX,Sarampion,0,boletin_pdf,0.0,0.0,0.0,0.0,False,False,False,0,False
2019,53,2019-12-23,Jalisco,Guadalajara,Erisipela,0,boletin_pdf,0.0,0.0,0.0,0.0,False,False,False,0,False
2019,53,2019-12-23,Jalisco,Guadalajara,Escarlatina,0,boletin_pdf,0.0,0.0,0.0,0.0,False,False,False,0,False
2019,53,2019-12-23,Jalisco,Guadalajara,Rubeola,0,boletin_pdf,0.0,0.0,0.0,0.0,False,False,False,0,False
2019,53,2019-12-23,Jalisco,Guadalajara,Sarampion,0,boletin_pdf,0.0,0.0,0.0,0.0,False,False,False,0,False
2019,53,2019-12-23,Nuevo León,Monterrey,Erisipela,0,boletin_pdf,0.0,0.0,0.0,0.0,False,False,False,0,False
2019,53,2019-12-23,Nuevo León,Monterrey,Escarlatina,0,boletin_pdf,0.0,0.0,0.0,0.0,False,False,False,0,False
2019,53,2019-12-23,Nuevo León,Monterrey,Rubeola,0,boletin_pdf,0.0,0.0,0.0,0.0,False,False,False,0,False
2019,53,2019-12-23,Nuevo León,Monterrey,Sarampion,0,boletin_pdf,0.0,0.0,0.0,0.0,False,False,False,0,False
2020,1,2019-12-30,Ciudad de México,CDMX,Erisipela,0,boletin_pdf,3.0,6.0,15.0,-0.5,False,False,False,0,False
2020,1,2019-12-30,Ciudad de México,CDMX,Escarlatina,0,boletin_pdf,2.0,2.8284271247461903,7.656854249492381,-0.7071067811865475,False,False,False,0,False
2020,1,2019-12-30,Ciudad de México,CDMX,Rubeola,0,boletin_pdf,0.0,0.0,0.0,0.0,False,False,False,0,False
2020,1,2019-12-30,Ciudad de México,CDMX,Sarampion,0,boletin_pdf,0.0,0.0,0.0,0.0,False,False,False,0,False
2020,1,2019-12-30,Jalisco,Guadalajara,Erisipela,0,boletin_pdf,6.0,4.898979485566356,15.797958971132712,-1.2247448713915892,False,False,False,0,False
2020,1,2019-12-30,Jalisco,Guadalajara,Escarlatina,0,boletin_pdf,3.0,2.5819888974716108,8.163977794943222,-1.1618950038622253,False,False,False,0,False
2020,1,2019-12-30,Jalisco,Guadalajara,Rubeola,0,boletin_pdf,0.0,0.0,0.0,0.0,False,False,False,0,False
2020,1,2019-12-30,Jalisco,Guadalajara,Sarampion,0,boletin_pdf,0.0,0.0,0.0,0.0,False,False,False,0,False
2020,1,2019-12-30,Nuevo León,Monterrey,Erisipela,0,boletin_pdf,51.5,20.6801031589948,92.8602063179896,-2.4903163975562714,False,False,False,0,False
2020,1,2019-12-30,Nuevo León,Monterrey,Escarlatina,0,boletin_pdf,5.5,5.7445626465380295,16.989125293076057,-0.957427107756338,False,False,False,0,False
2020,1,2019-12-30,Nuevo León,Monterrey,Rubeola,0,boletin_pdf,0.0,0.0,0.0,0.0,False,False,False,0,False
2020,1,2019-12-30,Nuevo León,Monterrey,Sarampion,0,boletin_pdf,0.0,0.0,0.0,0.0,False,False,False,0,False
2020,2,2020-01-06,Ciudad de México,CDMX,Erisipela,14,boletin_pdf,4.5,5.744562646538029,15.989125293076057,1.6537377315791295,False,False,True,1,False
2020,2,2020-01-06,Ciudad de México,CDMX,Escarlatina,14,boletin_pdf,2.5,3.785938897200182,10.071877794400365,3.0375556268234027,True,True,True,3,True
2020,2,2020-01-06,Ciudad de México,CDMX,Rubeola,0,boletin_pdf,0.0,0.0,0.0,0.0,False,False,False,0,False
2020,2,2020-01-06,Ciudad de México,CDMX,Sarampion,0,boletin_pdf,0.0,0.0,0.0,0.0,False,False,False,0,False
2020,2,2020-01-06,Jalisco,Guadalajara,Erisipela,14,boletin_pdf,7.0,4.163331998932265,15.32666399786453,1.681345614953415,False,False,False,0,False
2020,2,2020-01-06,Jalisco,Guadalajara,Escarlatina,2,boletin_pdf,8.0,3.265986323710904,14.531972647421808,-1.8371173070873836,False,False,False,0,False
2020,2,2020-01-06,Jalisco,Guadalajara,Rubeola,0,boletin_pdf,0.0,0.0,0.0,0.0,False,False,False,0,False
2020,2,2020-01-06,Jalisco,Guadalajara,Sarampion,0,boletin_pdf,0.0,0.0,0.0,0.0,False,False,False,0,False
2020,2,2020-01-06,Nuevo León,Monterrey,Erisipela,60,boletin_pdf,61.0,9.309493362512628,79.61898672502525,-0.10741723110591493,False,False,False,0,False
2020,2,2020-01-06,Nuevo León,Monterrey,Escarlatina,2,boletin_pdf,1.5,1.0,3.5,0.5,False,False,False,0,False
2020,2,2020-01-06,Nuevo León,Monterrey,Rubeola,0,boletin_pdf,0.0,0.0,0.0,0.0,False,False,False,0,False
2020,2,2020-01-06,Nuevo León,Monterrey,Sarampion,0,boletin_pdf,0.0,0.0,0.0,0.0,False,False,False,0,False
2020,3,2020-01-13,Ciudad de México,CDMX,Erisipela,12,boletin_pdf,5.0,5.773502691896257,16.547005383792516,1.2124355652982142,False,False,False,0,False
2020,3,2020-01-13,Ciudad de México,CDMX,Escarlatina,12,boletin_pdf,3.5,5.744562646538029,14.989125293076057,1.4796600756234317,False,True,True,2,True
2020,3,2020-01-13,Ciudad de México,CDMX,Rubeola,0,boletin_pdf,0.0,0.0,0.0,0.0,False,False,False,0,False
2020,3,2020-01-13,Ciudad de México,CDMX,Sarampion,0,boletin_pdf,0.0,0.0,0.0,0.0,False,False,False,0,False
2020,3,2020-01-13,Jalisco,Guadalajara,Erisipela,4,boletin_pdf,6.0,4.0,14.0,-0.5,False,False,False,0,False
2020,3,2020-01-13,Jalisco,Guadalajara,Escarlatina,6,boletin_pdf,6.5,2.9999999999999996,12.5,-0.16666666666666669,False,False,False,0,False
2020,3,2020-01-13,Jalisco,Guadalajara,Rubeola,0,boletin_pdf,0.0,0.0,0.0,0.0,False,False,False,0,False
2020,3,2020-01-13,Jalisco,Guadalajara,Sarampion,0,boletin_pdf,0.0,0.0,0.0,0.0,False,False,False,0,False
2020,3,2020-01-13,Nuevo León,Monterrey,Erisipela,70,boletin_pdf,77.0,16.77299416721217,110.54598833442434,-0.4173375325965112,False,False,False,0,False
2020,3,2020-01-13,Nuevo León,Monterrey,Escarlatina,18,boletin_pdf,4.0,2.8284271247461903,9.65685424949238,4.949747468305833,True,True,True,3,True
2020,3,2020-01-13,Nuevo León,Monterrey,Rubeola,0,boletin_pdf,0.0,0.0,0.0,0.0,False,False,False,0,False
2020,3,2020-01-13,Nuevo León,Monterrey,Sarampion,0,boletin_pdf,0.0,0.0,0.0,0.0,False,False,False,0,False
2020,4,2020-01-20,Ciudad de México,CDMX,Erisipela,24,boletin_pdf,4.5,6.60807586719967,17.71615173439934,2.950934642986112,True,True,True,3,True
2020,4,2020-01-20,Ciudad de México,CDMX,Escarlatina,30,boletin_pdf,6.0,6.928203230275509,19.856406460551018,3.464101615137755,True,False,True,2,True
2020,4,2020-01-20,Ciudad de México,CDMX,Rubeola,0,boletin_pdf,0.0,0.0,0.0,0.0,False,False,False,0,False
2020,4,2020-01-20,Ciudad de México,CDMX,Sarampion,0,boletin_pdf,0.0,0.0,0.0,0.0,False,False,False,0,False
2020,4,2020-01-20,Jalisco,Guadalajara,Erisipela,16,boletin_pdf,9.0,3.8297084310253524,16.659416862050705,1.8278153875348273,False,False,False,0,False
2020,4,2020-01-20,Jalisco,Guadalajara,Escarlatina,2,boletin_pdf,5.0,3.8297084310253524,12.659416862050705,-0.7833494518006403,False,False,False,0,False
2020,4,2020-01-20,Jalisco,Guadalajara,Rubeola,0,boletin_pdf,0.0,0.0,0.0,0.0,False,False,False,0,False
2020,4,2020-01-20,Jalisco,Guadalajara,Sarampion,0,boletin_pdf,0.0,0.0,0.0,0.0,False,False,False,0,False
2020,4,2020-01-20,Nuevo León,Monterrey,Erisipela,82,boletin_pdf,55.5,5.507570547286103,66.5151410945722,4.811558884716979,True,True,False,2,True
2020,4,2020-01-20,Nuevo León,Monterrey,Escarlatina,42,boletin_pdf,4.0,4.320493798938574,12.640987597877148,8.795290947839238,True,True,True,3,True
2020,4,2020-01-20,Nuevo León,Monterrey,Rubeola,0,boletin_pdf,0.0,0.0,0.0,0.0,False,False,False,0,False
2020,4,2020-01-20,Nuevo León,Monterrey,Sarampion,0,boletin_pdf,0.0,0.0,0.0,0.0,False,False,False,0,False
2020,5,2020-01-27,Ciudad de México,CDMX,Erisipela,12,boletin_pdf,6.5,8.54400374531753,23.58800749063506,0.6437263095787181,False,False,False,0,False
2020,5,2020-01-27,Ciudad de México,CDMX,Escarlatina,12,boletin_pdf,8.0,10.456258094238748,28.912516188477497,0.38254602783800296,False,False,False,0,False
2020,5,2020-01-27,Ciudad de México,CDMX,Rubeola,0,boletin_pdf,0.0,0.0,0.0,0.0,False,False,False,0,False
2020,5,2020-01-27,Ciudad de México,CDMX,Sarampion,0,boletin_pdf,0.0,0.0,0.0,0.0,False,False,False,0,False
2020,5,2020-01-27,Jalisco,Guadalajara,Erisipela,8,boletin_pdf,8.0,3.6514837167011076,15.302967433402216,0.0,False,False,False,0,False
2020,5,2020-01-27,Jalisco,Guadalajara,Escarlatina,8,boletin_pdf,5.0,3.4641016151377544,11.928203230275509,0.8660254037844387,False,False,False,0,False
2020,5,2020-01-27,Jalisco,Guadalajara,Rubeola,0,boletin_pdf,0.0,0.0,0.0,0.0,False,False,False,0,False
2020,5,2020-01-27,Jalisco,Guadalajara,Sarampion,0,boletin_pdf,0.0,0.0,0.0,0.0,False,False,False,0,False
2020,5,2020-01-27,Nuevo León,Monterrey,Erisipela,78,boletin_pdf,69.0,7.745966692414834,84.49193338482966,1.161895003862225,False,False,False,0,False
2020,5,2020-01-27,Nuevo León,Monterrey,Escarlatina,30,boletin_pdf,5.0,2.0,9.0,12.5,True,True,True,3,True
2020,5,2020-01-27,Nuevo León,Monterrey,Rubeola,0,boletin_pdf,0.0,0.0,0.0,0.0,False,False,False,0,False
2020,5,2020-01-27,Nuevo León,Monterrey,Sarampion,0,boletin_pdf,0.0,0.0,0.0,0.0,False,False,False,0,False
2020,6,2020-02-03,Ciudad de México,CDMX,Erisipela,10,boletin_pdf,8.0,9.797958971132712,27.595917942265423,0.20412414523193154,False,False,False,0,False
2020,6,2020-02-03,Ciudad de México,CDMX,Escarlatina,8,boletin_pdf,9.0,10.519822558706334,30.039645117412668,-0.09505863757867168,False,False,False,0,False
2020,6,2020-02-03,Ciudad de México,CDMX,Rubeola,0,boletin_pdf,0.0,0.0,0.0,0.0,False,False,False,0,False
2020,6,2020-02-03,Ciudad de México,CDMX,Sarampion,0,boletin_pdf,0.0,0.0,0.0,0.0,False,False,False,0,False
2020,6,2020-02-03,Jalisco,Guadalajara,Erisipela,14,boletin_pdf,3.5,1.9148542155126762,7.329708431025352,5.483446162604482,True,True,True,3,True
2020,6,2020-02-03,Jalisco,Guadalajara,Escarlatina,6,boletin_pdf,5.5,1.9148542155126762,9.329708431025352,0.26111648393354675,False,False,False,0,False
2020,6,2020-02-03,Jalisco,Guadalajara,Rubeola,0,boletin_pdf,0.0,0.0,0.0,0.0,False,False,False,0,False
2020,6,2020-02-03,Jalisco,Guadalajara,Sarampion,0,boletin_pdf,0.0,0.0,0.0,0.0,False,False,False,0,False
2020,6,2020-02-03,Nuevo León,Monterrey,Erisipela,44,boletin_pdf,69.5,9.71253485622231,88.92506971244462,-2.6254732031837693,False,False,False,0,False
2020,6,2020-02-03,Nuevo León,Monterrey,Escarlatina,10,boletin_pdf,5.5,4.123105625617661,13.746211251235321,1.0914103126634984,False,False,False,0,False
2020,6,2020-02-03,Nuevo León,Monterrey,Rubeola,0,boletin_pdf,0.0,0.0,0.0,0.0,False,False,False,0,False
2020,6,2020-02-03,Nuevo León,Monterrey,Sarampion,0,boletin_pdf,0.0,0.0,0.0,0.0,False,False,False,0,False
2020,7,2020-02-10,Ciudad de México,CDMX,Erisipela,10,boletin_pdf,5.0,6.6332495807108,18.2664991614216,0.753778361444409,False,False,False,0,False
2020,7,2020-02-10,Ciudad de México,CDMX,Escarlatina,24,boletin_pdf,5.0,6.6332495807108,18.2664991614216,2.8643577734887544,True,True,True,3,True
2020,7,2020-02-10,Ciudad de México,CDMX,Rubeola,0,boletin_pdf,0.0,0.0,0.0,0.0,False,False,False,0,False
2020,7,2020-02-10,Ciudad de México,CDMX,Sarampion,0,boletin_pdf,0.0,0.0,0.0,0.0,False,False,False,0,False
2020,7,2020-02-10,Jalisco,Guadalajara,Erisipela,2,boletin_pdf,8.0,3.6514837167011076,15.302967433402216,-1.6431676725154982,False,False,False,0,False
2020,7,2020-02-10,Jalisco,Guadalajara,Escarlatina,12,boletin_pdf,5.0,2.581988897471611,10.163977794943222,2.711088342345192,True,True,False,2,True
2020,7,2020-02-10,Jalisco,Guadalajara,Rubeola,0,boletin_pdf,0.0,0.0,0.0,0.0,False,False,False,0,False
2020,7,2020-02-10,Jalisco,Guadalajara,Sarampion,0,boletin_pdf,0.0,0.0,0.0,0.0,False,False,False,0,False
2020,7,2020-02-10,Nuevo León,Monterrey,Erisipela,18,boletin_pdf,72.5,13.79613472438325,100.0922694487665,-3.9503818343899506,False,False,False,0,False
2020,7,2020-02-10,Nuevo León,Monterrey,Escarlatina,4,boletin_pdf,7.0,6.6332495807108,20.2664991614216,-0.45226701686664544,False,False,False,0,False
2020,7,2020-02-10,Nuevo León,Monterrey,Rubeola,0,boletin_pdf,0.0,0.0,0.0,0.0,False,False,False,0,False
2020,7,2020-02-10,Nuevo León,Monterrey,Sarampion,0,boletin_pdf,0.0,0.0,0.0,0.0,False,False,False,0,False
2020,8,2020-02-17,Ciudad de México,CDMX,Erisipela,16,boletin_pdf,10.0,12.000000000000002,34.0,0.49999999999999994,False,False,False,0,False
2020,8,2020-02-17,Ciudad de México,CDMX,Escarlatina,20,boletin_pdf,6.0,9.521904571390465,25.04380914278093,1.4702940882294107,False,False,True,1,False
2020,8,2020-02-17,Ciudad de México,CDMX,Rubeola,0,boletin_pdf,0.0,0.0,0.0,0.0,False,False,False,0,False
2020,8,2020-02-17,Ciudad de México,CDMX,Sarampion,0,boletin_pdf,0.0,0.0,0.0,0.0,False,False,False,0,False
2020,8,2020-02-17,Jalisco,Guadalajara,Erisipela,2,boletin_pdf,7.0,4.760952285695233,16.521904571390465,-1.0502100630210074,False,False,False,0,False
2020,8,2020-02-17,Jalisco,Guadalajara,Escarlatina,0,boletin_pdf,6.0,4.320493798938574,14.640987597877148,-1.3887301496588271,False,False,False,0,False
2020,8,2020-02-17,Jalisco,Guadalajara,Rubeola,0,boletin_pdf,0.0,0.0,0.0,0.0,False,False,False,0,False
2020,8,2020-02-17,Jalisco,Guadalajara,Sarampion,0,boletin_pdf,0.0,0.0,0.0,0.0,False,False,False,0,False
2020,8,2020-02-17,Nuevo León,Monterrey,Erisipela,54,boletin_pdf,79.0,21.19748412744619,121.39496825489238,-1.1793852444795732,False,False,False,0,False
2020,8,2020-02-17,Nuevo León,Monterrey,Escarlatina,10,boletin_pdf,7.0,4.760952285695232,16.521904571390465,0.6301260378126046,False,False,False,0,False
2020,8,2020-02-17,Nuevo León,Monterrey,Rubeola,0,boletin_pdf,0.0,0.0,0.0,0.0,False,False,False,0,False
2020,8,2020-02-17,Nuevo León,Monterrey,Sarampion,0,boletin_pdf,0.0,0.0,0.0,0.0,False,False,False,0,False
2020,9,2020-02-24,Ciudad de México,CDMX,Erisipela,8,boletin_pdf,7.5,10.376254944182254,28.252509888364507,0.04818694246524267,False,False,False,0,False
2020,9,2020-02-24,Ciudad de México,CDMX,Escarlatina,30,boletin_pdf,9.5,11.704699910719626,32.90939982143925,1.7514331983193598,False,False,True,1,False
2020,9,2020-02-24,Ciudad de México,CDMX,Rubeola,0,boletin_pdf,0.0,0.0,0.0,0.0,False,False,False,0,False
2020,9,2020-02-24,Ciudad de México,CDMX,Sarampion,0,boletin_pdf,0.0,0.0,0.0,0.0,False,False,False,0,False
2020,9,2020-02-24,Jalisco,Guadalajara,Erisipela,12,boletin_pdf,6.5,3.415650255319866,13.331300510639732,1.6102351203650798,False,False,False,0,False
2020,9,2020-02-24,Jalisco,Guadalajara,Escarlatina,0,boletin_pdf,5.5,3.415650255319866,12.331300510639732,-1.6102351203650798,False,False,False,0,False
2020,9,2020-02-24,Jalisco,Guadalajara,Rubeola,0,boletin_pdf,0.0,0.0,0.0,0.0,False,False,False,0,False
2020,9,2020-02-24,Jalisco,Guadalajara,Sarampion,0,boletin_pdf,0.0,0.0,0.0,0.0,False,False,False,0,False
2020,9,2020-02-24,Nuevo León,Monterrey,Erisipela,48,boletin_pdf,91.5,22.8837642591132,137.2675285182264,-1.9009110348913256,False,False,False,0,False
2020,9,2020-02-24,Nuevo León,Monterrey,Escarlatina,6,boletin_pdf,6.5,4.123105625617661,14.746211251235321,-0.12126781251816648,False,False,False,0,False
2020,9,2020-02-24,Nuevo León,Monterrey,Rubeola,0,boletin_pdf,0.0,0.0,0.0,0.0,False,False,False,0,False
2020,9,2020-02-24,Nuevo León,Monterrey,Sarampion,0,boletin_pdf,0.0,0.0,0.0,0.0,False,False,False,0,False
2020,10,2020-03-02,Ciudad de México,CDMX,Erisipela,6,boletin_pdf,5.5,4.123105625617661,13.746211251235321,0.12126781251816648,False,False,False,0,False
2020,10,2020-03-02,Ciudad de México,CDMX,Escarlatina,20,boletin_pdf,18.5,14.45683229480096,47.41366458960192,0.1037571695799112,False,False,False,0,False
2020,10,2020-03-02,Ciudad de México,CDMX,Rubeola,0,boletin_pdf,0.0,0.0,0.0,0.0,False,False,False,0,False
2020,10,2020-03-02,Ciudad de México,CDMX,Sarampion,10,SEFE_csv,0.0,0.0,0.0,10.0,True,True,True,3,True
2020,10,2020-03-02,Jalisco,Guadalajara,Erisipela,4,boletin_pdf,9.5,1.9148542155126764,13.329708431025352,-2.872281323269014,False,False,False,0,False
2020,10,2020-03-02,Jalisco,Guadalajara,Escarlatina,4,boletin_pdf,4.5,2.516611478423583,9.533222956847165,-0.1986798535597566,False,False,False,0,False
2020,10,2020-03-02,Jalisco,Guadalajara,Rubeola,0,boletin_pdf,0.0,0.0,0.0,0.0,False,False,False,0,False
2020,10,2020-03-02,Jalisco,Guadalajara,Sarampion,0,boletin_pdf,0.0,0.0,0.0,0.0,False,False,False,0,False
2020,10,2020-03-02,Nuevo León,Monterrey,Erisipela,48,boletin_pdf,89.5,17.0,123.5,-2.4411764705882355,False,False,False,0,False
2020,10,2020-03-02,Nuevo León,Monterrey,Escarlatina,12,boletin_pdf,9.5,9.0,27.5,0.2777777777777778,False,False,False,0,False
2020,10,2020-03-02,Nuevo León,Monterrey,Rubeola,0,boletin_pdf,0.0,0.0,0.0,0.0,False,False,False,0,False
2020,10,2020-03-02,Nuevo León,Monterrey,Sarampion,0,boletin_pdf,0.0,0.0,0.0,0.0,False,False,False,0,False
2020,11,2020-03-09,Ciudad de México,CDMX,Erisipela,6,boletin_pdf,16.0,10.954451150103322,37.90890230020665,-0.9128709291752769,False,False,False,0,False
2020,11,2020-03-09,Ciudad de México,CDMX,Escarlatina,26,boletin_pdf,20.0,13.856406460551018,47.712812921102035,0.43301270189221935,False,False,False,0,False
2020,11,2020-03-09,Ciudad de México,CDMX,Rubeola,0,boletin_pdf,0.0,0.0,0.0,0.0,False,False,False,0,False
2020,11,2020-03-09,Ciudad de México,CDMX,Sarampion,16,SEFE_csv,0.0,0.0,0.0,16.0,True,True,True,3,True
2020,11,2020-03-09,Jalisco,Guadalajara,Erisipela,14,boletin_pdf,7.5,4.725815626252609,16.951631252505216,1.3754239509242665,False,False,False,0,False
2020,11,2020-03-09,Jalisco,Guadalajara,Escarlatina,8,boletin_pdf,5.5,4.725815626252608,14.951631252505216,0.5290092118939488,False,False,False,0,False
2020,11,2020-03-09,Jalisco,Guadalajara,Rubeola,0,boletin_pdf,0.0,0.0,0.0,0.0,False,False,False,0,False
2020,11,2020-03-09,Jalisco,Guadalajara,Sarampion,0,boletin_pdf,0.0,0.0,0.0,0.0,False,False,False,0,False
2020,11,2020-03-09,Nuevo León,Monterrey,Erisipela,66,boletin_pdf,74.0,9.521904571390467,93.04380914278093,-0.8401680504168059,False,False,False,0,False
2020,11,2020-03-09,Nuevo León,Monterrey,Escarlatina,16,boletin_pdf,5.0,4.760952285695233,14.521904571390467,2.310462138646216,True,True,True,3,True
2020,11,2020-03-09,Nuevo León,Monterrey,Rubeola,0,boletin_pdf,0.0,0.0,0.0,0.0,False,False,False,0,False
2020,11,2020-03-09,Nuevo León,Monterrey,Sarampion,0,boletin_pdf,0.0,0.0,0.0,0.0,False,False,False,0,False
2020,12,2020-03-16,Ciudad de México,CDMX,Erisipela,16,boletin_pdf,11.0,9.865765724632494,30.73153144926499,0.5068030337996144,False,False,False,0,False
2020,12,2020-03-16,Ciudad de México,CDMX,Escarlatina,30,boletin_pdf,20.5,15.864005379054394,52.22801075810879,0.5988399381497352,False,False,False,0,False
2020,12,2020-03-16,Ciudad de México,CDMX,Rubeola,0,boletin_pdf,0.0,0.0,0.0,0.0,False,False,False,0,False
2020,12,2020-03-16,Ciudad de México,CDMX,Sarampion,31,SEFE_csv,0.0,0.0,0.0,31.0,True,True,True,3,True
2020,12,2020-03-16,Jalisco,Guadalajara,Erisipela,10,boletin_pdf,10.5,6.60807586719967,23.71615173439934,-0.07566499084579774,False,False,False,0,False
2020,12,2020-03-16,Jalisco,Guadalajara,Escarlatina,8,boletin_pdf,5.0,6.2182527020592095,17.43650540411842,0.4824506406770077,False,False,False,0,False
2020,12,2020-03-16,Jalisco,Guadalajara,Rubeola,0,boletin_pdf,0.0,0.0,0.0,0.0,False,False,False,0,False
2020,12,2020-03-16,Jalisco,Guadalajara,Sarampion,0,boletin_pdf,0.0,0.0,0.0,0.0,False,False,False,0,False
2020,12,2020-03-16,Nuevo León,Monterrey,Erisipela,52,boletin_pdf,81.0,16.852299546352715,114.70459909270542,-1.7208334043810876,False,False,False,0,False
2020,12,2020-03-16,Nuevo León,Monterrey,Escarlatina,10,boletin_pdf,11.0,11.604596790352806,34.209193580705616,-0.08617274844321392,False,False,False,0,False
2020,12,2020-03-16,Nuevo León,Monterrey,Rubeola,0,boletin_pdf,0.0,0.0,0.0,0.0,False,False,False,0,False
2020,12,2020-03-16,Nuevo León,Monterrey,Sarampion,0,boletin_pdf,0.0,0.0,0.0,0.0,False,False,False,0,False
2020,13,2020-03-23,Ciudad de México,CDMX,Erisipela,6,boletin_pdf,9.5,7.54983443527075,24.5996688705415,-0.4635863249727653,False,False,False,0,False
2020,13,2020-03-23,Ciudad de México,CDMX,Escarlatina,30,boletin_pdf,18.0,15.05545305418162,48.11090610836324,0.7970533969860858,False,False,False,0,False
2020,13,2020-03-23,Ciudad de México,CDMX,Rubeola,0,boletin_pdf,0.0,0.0,0.0,0.0,False,False,False,0,False
2020,13,2020-03-23,Ciudad de México,CDMX,Sarampion,16,SEFE_csv,0.0,0.0,0.0,16.0,True,True,True,3,True
2020,13,2020-03-23,Jalisco,Guadalajara,Erisipela,6,boletin_pdf,13.0,3.4641016151377544,19.928203230275507,-2.0207259421636903,False,False,False,0,False
2020,13,2020-03-23,Jalisco,Guadalajara,Escarlatina,6,boletin_pdf,5.5,6.191391873668904,17.882783747337808,0.08075728530872482,False,False,False,0,False
2020,13,2020-03-23,Jalisco,Guadalajara,Rubeola,0,boletin_pdf,0.0,0.0,0.0,0.0,False,False,False,0,False
2020,13,2020-03-23,Jalisco,Guadalajara,Sarampion,0,boletin_pdf,0.0,0.0,0.0,0.0,False,False,False,0,False
2020,13,2020-03-23,Nuevo León,Monterrey,Erisipela,36,boletin_pdf,72.5,36.71057976478534,145.92115952957067,-0.9942637853682895,False,False,False,0,False
2020,13,2020-03-23,Nuevo León,Monterrey,Escarlatina,4,boletin_pdf,6.0,1.632993161855452,9.265986323710905,-1.224744871391589,False,False,False,0,False
2020,13,2020-03-23,Nuevo León,Monterrey,Rubeola,0,boletin_pdf,0.0,0.0,0.0,0.0,False,False,False,0,False
2020,13,2020-03-23,Nuevo León,Monterrey,Sarampion,0,boletin_pdf,0.0,0.0,0.0,0.0,False,False,False,0,False
2020,14,2020-03-30,Ciudad de México,CDMX,Erisipela,4,boletin_pdf,8.0,7.483314773547883,22.966629547095764,-0.5345224838248488,False,False,False,0,False
2020,14,2020-03-30,Ciudad de México,CDMX,Escarlatina,26,boletin_pdf,19.5,15.609825965290794,50.71965193058159,0.4164043862150075,False,False,False,0,False
2020,14,2020-03-30,Ciudad de México,CDMX,Rubeola,0,boletin_pdf,0.0,0.0,0.0,0.0,False,False,False,0,False
2020,14,2020-03-30,Ciudad de México,CDMX,Sarampion,24,SEFE_csv,0.0,0.0,0.0,24.0,True,True,True,3,True
2020,14,2020-03-30,Jalisco,Guadalajara,Erisipela,8,boletin_pdf,8.0,5.887840577551898,19.775681155103797,0.0,False,False,False,0,False
2020,14,2020-03-30,Jalisco,Guadalajara,Escarlatina,2,boletin_pdf,6.0,5.656854249492381,17.31370849898476,-0.7071067811865475,False,False,False,0,False
2020,14,2020-03-30,Jalisco,Guadalajara,Rubeola,0,boletin_pdf,0.0,0.0,0.0,0.0,False,False,False,0,False
2020,14,2020-03-30,Jalisco,Guadalajara,Sarampion,0,boletin_pdf,0.0,0.0,0.0,0.0,False,False,False,0,False
2020,14,2020-03-30,Nuevo León,Monterrey,Erisipela,24,boletin_pdf,92.0,33.94112549695428,159.88225099390854,-2.003469213361885,False,False,False,0,False
2020,14,2020-03-30,Nuevo León,Monterrey,Escarlatina,4,boletin_pdf,5.0,3.4641016151377544,11.928203230275509,-0.2886751345948129,False,False,False,0,False
2020,14,2020-03-30,Nuevo León,Monterrey,Rubeola,0,boletin_pdf,0.0,0.0,0.0,0.0,False,False,False,0,False
2020,14,2020-03-30,Nuevo León,Monterrey,Sarampion,0,boletin_pdf,0.0,0.0,0.0,0.0,False,False,False,0,False
2020,15,2020-04-06,Ciudad de México,CDMX,Erisipela,6,boletin_pdf,13.5,18.138357147217054,49.77671429443411,-0.41348838481497846,False,False,False,0,False
2020,15,2020-04-06,Ciudad de México,CDMX,Escarlatina,12,boletin_pdf,14.5,11.0,36.5,-0.22727272727272727,False,False,False,0,False
2020,15,2020-04-06,Ciudad de México,CDMX,Rubeola,0,boletin_pdf,0.0,0.0,0.0,0.0,False,False,False,0,False
2020,15,2020-04-06,Ciudad de México,CDMX,Sarampion,14,SEFE_csv,0.0,0.0,0.0,14.0,True,True,True,3,True
2020,15,2020-04-06,Jalisco,Guadalajara,Erisipela,6,boletin_pdf,9.5,4.123105625617661,17.746211251235323,-0.8488746876271654,False,False,False,0,False
2020,15,2020-04-06,Jalisco,Guadalajara,Escarlatina,4,boletin_pdf,7.0,5.773502691896258,18.547005383792516,-0.5196152422706631,False,False,False,0,False
2020,15,2020-04-06,Jalisco,Guadalajara,Rubeola,0,boletin_pdf,0.0,0.0,0.0,0.0,False,False,False,0,False
2020,15,2020-04-06,Jalisco,Guadalajara,Sarampion,0,boletin_pdf,0.0,0.0,0.0,0.0,False,False,False,0,False
2020,15,2020-04-06,Nuevo León,Monterrey,Erisipela,34,boletin_pdf,93.5,11.0,115.5,-5.409090909090909,False,False,False,0,False
2020,15,2020-04-06,Nuevo León,Monterrey,Escarlatina,0,boletin_pdf,17.0,13.71130920080209,44.42261840160418,-1.2398524277321037,False,False,False,0,False
2020,15,2020-04-06,Nuevo León,Monterrey,Rubeola,0,boletin_pdf,0.0,0.0,0.0,0.0,False,False,False,0,False
2020,15,2020-04-06,Nuevo León,Monterrey,Sarampion,0,boletin_pdf,0.0,0.0,0.0,0.0,False,False,False,0,False
2020,16,2020-04-13,Ciudad de México,CDMX,Erisipela,8,boletin_pdf,8.0,5.41602560309064,18.83205120618128,0.0,False,False,False,0,False
2020,16,2020-04-13,Ciudad de México,CDMX,Escarlatina,8,boletin_pdf,20.0,13.856406460551018,47.712812921102035,-0.8660254037844387,False,False,False,0,False
2020,16,2020-04-13,Ciudad de México,CDMX,Rubeola,0,boletin_pdf,0.0,0.0,0.0,0.0,False,False,False,0,False
2020,16,2020-04-13,Ciudad de México,CDMX,Sarampion,23,SEFE_csv,0.0,0.0,0.0,23.0,True,True,True,3,True
2020,16,2020-04-13,Jalisco,Guadalajara,Erisipela,0,boletin_pdf,8.5,6.60807586719967,21.71615173439934,-1.2863048443785616,False,False,False,0,False
2020,16,2020-04-13,Jalisco,Guadalajara,Escarlatina,0,boletin_pdf,4.0,1.632993161855452,7.265986323710904,-2.449489742783178,False,False,False,0,False
2020,16,2020-04-13,Jalisco,Guadalajara,Rubeola,0,boletin_pdf,0.0,0.0,0.0,0.0,False,False,False,0,False
2020,16,2020-04-13,Jalisco,Guadalajara,Sarampion,0,boletin_pdf,0.0,0.0,0.0,0.0,False,False,False,0,False
2020,16,2020-04-13,Nuevo León,Monterrey,Erisipela,42,boletin_pdf,94.0,16.08311744241976,126.16623488483953,-3.233204021929745,False,False,False,0,False
2020,16,2020-04-13,Nuevo León,Monterrey,Escarlatina,0,boletin_pdf,10.0,8.16496580927726,26.32993161855452,-1.224744871391589,False,False,False,0,False
2020,16,2020-04-13,Nuevo León,Monterrey,Rubeola,0,boletin_pdf,0.0,0.0,0.0,0.0,False,False,False,0,False
2020,16,2020-04-13,Nuevo León,Monterrey,Sarampion,0,boletin_pdf,0.0,0.0,0.0,0.0,False,False,False,0,False
2020,17,2020-04-20,Ciudad de México,CDMX,Erisipela,8,boletin_pdf,10.0,8.485281374238571,26.970562748477143,-0.2357022603955158,False,False,False,0,False
2020,17,2020-04-20,Ciudad de México,CDMX,Escarlatina,8,boletin_pdf,18.5,12.583057392117917,43.66611478423583,-0.8344553849509776,False,False,False,0,False
2020,17,2020-04-20,Ciudad de México,CDMX,Rubeola,0,boletin_pdf,0.0,0.0,0.0,0.0,False,False,False,0,False
2020,17,2020-04-20,Ciudad de México,CDMX,Sarampion,4,SEFE_csv,0.0,0.0,0.0,4.0,True,True,True,3,True
2020,17,2020-04-20,Jalisco,Guadalajara,Erisipela,10,boletin_pdf,9.0,6.2182527020592095,21.43650540411842,0.16081688022566923,False,False,False,0,False
2020,17,2020-04-20,Jalisco,Guadalajara,Escarlatina,2,boletin_pdf,5.0,4.163331998932265,13.32666399786453,-0.7205766921228921,False,False,False,0,False
2020,17,2020-04-20,Jalisco,Guadalajara,Rubeola,0,boletin_pdf,0.0,0.0,0.0,0.0,False,False,False,0,False
2020,17,2020-04-20,Jalisco,Guadalajara,Sarampion,0,boletin_pdf,0.0,0.0,0.0,0.0,False,False,False,0,False
2020,17,2020-04-20,Nuevo León,Monterrey,Erisipela,42,boletin_pdf,79.5,25.73583752927682,130.97167505855364,-1.4571120896042489,False,False,False,0,False
2020,17,2020-04-20,Nuevo León,Monterrey,Escarlatina,4,boletin_pdf,11.0,5.291502622129181,21.583005244258363,-1.3228756555322951,False,False,False,0,False
2020,17,2020-04-20,Nuevo León,Monterrey,Rubeola,0,boletin_pdf,0.0,0.0,0.0,0.0,False,False,False,0,False
2020,17,2020-04-20,Nuevo León,Monterrey,Sarampion,0,boletin_pdf,0.0,0.0,0.0,0.0,False,False,False,0,False
2020,18,2020-04-27,Ciudad de México,CDMX,Erisipela,6,boletin_pdf,10.5,8.54400374531753,27.58800749063506,-0.5266851623825876,False,False,False,0,False
2020,18,2020-04-27,Ciudad de México,CDMX,Escarlatina,12,boletin_pdf,15.0,10.893423092245461,36.786846184490926,-0.27539552761294706,False,False,False,0,False
2020,18,2020-04-27,Ciudad de México,CDMX,Rubeola,0,boletin_pdf,0.0,0.0,0.0,0.0,False,False,False,0,False
2020,18,2020-04-27,Ciudad de México,CDMX,Sarampion,2,SEFE_csv,0.0,0.0,0.0,2.0,False,True,True,2,True
2020,18,2020-04-27,Ciudad de México,CDMX,Sarampion,0,boletin_pdf,0.0,0.0,0.0,0.0,False,False,False,0,False
2020,18,2020-04-27,Jalisco,Guadalajara,Erisipela,14,boletin_pdf,4.0,3.6514837167011076,11.302967433402216,2.7386127875258306,True,False,True,2,True
2020,18,2020-04-27,Jalisco,Guadalajara,Escarlatina,2,boletin_pdf,4.0,5.656854249492381,15.313708498984761,-0.35355339059327373,False,False,False,0,False
2020,18,2020-04-27,Jalisco,Guadalajara,Rubeola,0,boletin_pdf,0.0,0.0,0.0,0.0,False,False,False,0,False
2020,18,2020-04-27,Jalisco,Guadalajara,Sarampion,0,boletin_pdf,0.0,0.0,0.0,0.0,False,False,False,0,False
2020,18,2020-04-27,Nuevo León,Monterrey,Erisipela,32,boletin_pdf,95.5,15.864005379054392,127.22801075810878,-4.002772218158757,False,False,False,0,False
2020,18,2020-04-27,Nuevo León,Monterrey,Escarlatina,2,boletin_pdf,24.0,29.34848093740685,82.6969618748137,-0.7496129032000202,False,False,False,0,False
2020,18,2020-04-27,Nuevo León,Monterrey,Rubeola,0,boletin_pdf,0.0,0.0,0.0,0.0,False,False,False,0,False
2020,18,2020-04-27,Nuevo León,Monterrey,Sarampion,0,boletin_pdf,0.0,0.0,0.0,0.0,False,False,False,0,False
2020,19,2020-05-04,Ciudad de México,CDMX,Erisipela,2,boletin_pdf,13.0,9.309493362512628,31.618986725025255,-1.1815895421650642,False,False,False,0,False
2020,19,2020-05-04,Ciudad de México,CDMX,Escarlatina,4,boletin_pdf,18.0,12.110601416389967,42.22120283277994,-1.1560119533826787,False,False,False,0,False
2020,19,2020-05-04,Ciudad de México,CDMX,Rubeola,0,boletin_pdf,0.0,0.0,0.0,0.0,False,False,False,0,False
2020,19,2020-05-04,Ciudad de México,CDMX,Sarampion,1,SEFE_csv,0.0,0.0,0.0,1.0,False,True,True,2,True
2020,19,2020-05-04,Ciudad de México,CDMX,Sarampion,0,boletin_pdf,0.0,0.0,0.0,0.0,False,False,False,0,False
2020,19,2020-05-04,Jalisco,Guadalajara,Erisipela,0,boletin_pdf,10.0,5.887840577551898,21.775681155103797,-1.6984155512168937,False,False,False,0,False
2020,19,2020-05-04,Jalisco,Guadalajara,Escarlatina,4,boletin_pdf,6.0,3.265986323710904,12.531972647421808,-0.6123724356957945,False,False,False,0,False
2020,19,2020-05-04,Jalisco,Guadalajara,Rubeola,0,boletin_pdf,0.0,0.0,0.0,0.0,False,False,False,0,False
2020,19,2020-05-04,Jalisco,Guadalajara,Sarampion,0,boletin_pdf,0.0,0.0,0.0,0.0,False,False,False,0,False
2020,19,2020-05-04,Nuevo León,Monterrey,Erisipela,34,boletin_pdf,97.5,24.78574859336174,147.0714971867235,-2.5619561079953397,False,False,False,0,False
2020,19,2020-05-04,Nuevo León,Monterrey,Escarlatina,0,boletin_pdf,11.5,7.187952884282608,25.875905768565218,-1.5998991903725805,False,False,False,0,False
2020,19,2020-05-04,Nuevo León,Monterrey,Rubeola,0,boletin_pdf,0.0,0.0,0.0,0.0,False,False,False,0,False
2020,19,2020-05-04,Nuevo León,Monterrey,Sarampion,0,boletin_pdf,0.0,0.0,0.0,0.0,False,False,False,0,False
2020,20,2020-05-11,Ciudad de México,CDMX,Erisipela,0,boletin_pdf,6.0,4.320493798938574,14.640987597877148,-1.3887301496588271,False,False,False,0,False
2020,20,2020-05-11,Ciudad de México,CDMX,Escarlatina,0,boletin_pdf,19.0,13.316656236958787,45.63331247391757,-1.4267845968170128,False,False,False,0,False
2020,20,2020-05-11,Ciudad de México,CDMX,Rubeola,0,boletin_pdf,0.0,0.0,0.0,0.0,False,False,False,0,False
2020,20,2020-05-11,Ciudad de México,CDMX,Sarampion,3,SEFE_csv,0.0,0.0,0.0,3.0,True,True,True,3,True
2020,20,2020-05-11,Ciudad de México,CDMX,Sarampion,0,boletin_pdf,0.0,0.0,0.0,0.0,False,False,False,0,False
2020,20,2020-05-11,Jalisco,Guadalajara,Erisipela,4,boletin_pdf,6.0,2.8284271247461903,11.65685424949238,-0.7071067811865475,False,False,False,0,False
2020,20,2020-05-11,Jalisco,Guadalajara,Escarlatina,0,boletin_pdf,143.5,276.3445916484224,696.1891832968448,-0.5192792055165926,False,False,False,0,False
2020,20,2020-05-11,Jalisco,Guadalajara,Rubeola,0,boletin_pdf,0.0,0.0,0.0,0.0,False,False,False,0,False
2020,20,2020-05-11,Jalisco,Guadalajara,Sarampion,0,boletin_pdf,0.0,0.0,0.0,0.0,False,False,False,0,False
2020,20,2020-05-11,Nuevo León,Monterrey,Erisipela,30,boletin_pdf,87.0,46.88994206294849,180.77988412589698,-1.2156125064833525,False,False,False,0,False
2020,20,2020-05-11,Nuevo León,Monterrey,Escarlatina,8,boletin_pdf,172.0,324.0041152002034,820.0082304004068,-0.5061664105675441,False,False,False,0,False
2020,20,2020-05-11,Nuevo León,Monterrey,Rubeola,0,boletin_pdf,0.0,0.0,0.0,0.0,False,False,False,0,False
2020,20,2020-05-11,Nuevo León,Monterrey,Sarampion,0,boletin_pdf,0.0,0.0,0.0,0.0,False,False,False,0,False
2020,21,2020-05-18,Ciudad de México,CDMX,Erisipela,4,boletin_pdf,11.0,7.571877794400366,26.14375558880073,-0.9244734516419049,False,False,False,0,False
2020,21,2020-05-18,Ciudad de México,CDMX,Escarlatina,0,boletin_pdf,13.5,10.754843869934453,35.00968773986891,-1.2552483479318308,False,False,False,0,False
2020,21,2020-05-18,Ciudad de México,CDMX,Rubeola,0,boletin_pdf,0.0,0.0,0.0,0.0,False,False,False,0,False
2020,21,2020-05-18,Ciudad de México,CDMX,Sarampion,0,boletin_pdf,0.0,0.0,0.0,0.0,False,False,False,0,False
2020,21,2020-05-18,Jalisco,Guadalajara,Erisipela,2,boletin_pdf,7.5,3.415650255319866,14.331300510639732,-1.6102351203650798,False,False,False,0,False
2020,21,2020-05-18,Jalisco,Guadalajara,Escarlatina,2,boletin_pdf,7.0,5.773502691896258,18.547005383792516,-0.8660254037844386,False,False,False,0,False
2020,21,2020-05-18,Jalisco,Guadalajara,Rubeola,0,boletin_pdf,0.0,0.0,0.0,0.0,False,False,False,0,False
2020,21,2020-05-18,Jalisco,Guadalajara,Sarampion,0,boletin_pdf,0.0,0.0,0.0,0.0,False,False,False,0,False
2020,21,2020-05-18,Nuevo León,Monterrey,Erisipela,24,boletin_pdf,107.5,5.7445626465380295,118.98912529307606,-14.535484272300767,False,False,False,0,False
2020,21,2020-05-18,Nuevo León,Monterrey,Escarlatina,2,boletin_pdf,10.0,4.898979485566356,19.79795897113271,-1.6329931618554523,False,False,False,0,False
2020,21,2020-05-18,Nuevo León,Monterrey,Rubeola,0,boletin_pdf,0.0,0.0,0.0,0.0,False,False,False,0,False
2020,21,2020-05-18,Nuevo León,Monterrey,Sarampion,0,boletin_pdf,0.0,0.0,0.0,0.0,False,False,False,0,False
2020,22,2020-05-25,Ciudad de México,CDMX,Erisipela,14,boletin_pdf,11.0,8.717797887081348,28.435595774162696,0.3441236008058426,False,False,False,0,False
2020,22,2020-05-25,Ciudad de México,CDMX,Escarlatina,2,boletin_pdf,16.0,11.313708498984761,38.62741699796952,-1.2374368670764582,False,False,False,0,False
2020,22,2020-05-25,Ciudad de México,CDMX,Rubeola,0,boletin_pdf,0.0,0.0,0.0,0.0,False,False,False,0,False
2020,22,2020-05-25,Ciudad de México,CDMX,Sarampion,0,boletin_pdf,0.0,0.0,0.0,0.0,False,False,False,0,False
2020,22,2020-05-25,Jalisco,Guadalajara,Erisipela,4,boletin_pdf,9.0,2.581988897471611,14.163977794943222,-1.9364916731037085,False,False,False,0,False
2020,22,2020-05-25,Jalisco,Guadalajara,Escarlatina,0,boletin_pdf,7.5,3.415650255319866,14.331300510639732,-2.1957751641342,False,False,False,0,False
2020,22,2020-05-25,Jalisco,Guadalajara,Rubeola,0,boletin_pdf,0.0,0.0,0.0,0.0,False,False,False,0,False
2020,22,2020-05-25,Jalisco,Guadalajara,Sarampion,0,boletin_pdf,0.0,0.0,0.0,0.0,False,False,False,0,False
2020,22,2020-05-25,Nuevo León,Monterrey,Erisipela,30,boletin_pdf,125.5,13.69914839202301,152.898296784046,-6.971236259883824,False,False,False,0,False
2020,22,2020-05-25,Nuevo León,Monterrey,Escarlatina,0,boletin_pdf,14.0,4.320493798938574,22.64098759787715,-3.2403703492039297,False,False,False,0,False
2020,22,2020-05-25,Nuevo León,Monterrey,Rubeola,0,boletin_pdf,0.0,0.0,0.0,0.0,False,False,False,0,False
2020,22,2020-05-25,Nuevo León,Monterrey,Sarampion,0,boletin_pdf,0.0,0.0,0.0,0.0,False,False,False,0,False
2020,23,2020-06-01,Ciudad de México,CDMX,Erisipela,8,boletin_pdf,14.0,10.708252269472673,35.41650453894535,-0.5603155257282213,False,False,False,0,False
2020,23,2020-06-01,Ciudad de México,CDMX,Escarlatina,0,boletin_pdf,21.5,15.438048235879215,52.37609647175843,-1.3926630926072858,False,False,False,0,False
2020,23,2020-06-01,Ciudad de México,CDMX,Rubeola,0,boletin_pdf,0.0,0.0,0.0,0.0,False,False,False,0,False
2020,23,2020-06-01,Ciudad de México,CDMX,Sarampion,0,boletin_pdf,0.0,0.0,0.0,0.0,False,False,False,0,False
2020,23,2020-06-01,Jalisco,Guadalajara,Erisipela,2,boletin_pdf,6.0,2.8284271247461903,11.65685424949238,-1.414213562373095,False,False,False,0,False
2020,23,2020-06-01,Jalisco,Guadalajara,Escarlatina,4,boletin_pdf,12.5,5.0,22.5,-1.7,False,False,False,0,False
2020,23,2020-06-01,Jalisco,Guadalajara,Rubeola,0,boletin_pdf,0.0,0.0,0.0,0.0,False,False,False,0,False
2020,23,2020-06-01,Jalisco,Guadalajara,Sarampion,0,boletin_pdf,0.0,0.0,0.0,0.0,False,False,False,0,False
2020,23,2020-06-01,Nuevo León,Monterrey,Erisipela,66,boletin_pdf,118.0,29.574764017091777,177.14952803418356,-1.758255787601493,False,False,False,0,False
2020,23,2020-06-01,Nuevo León,Monterrey,Escarlatina,0,boletin_pdf,13.0,7.393691004272944,27.78738200854589,-1.758255787601493,False,False,False,0,False
2020,23,2020-06-01,Nuevo León,Monterrey,Rubeola,0,boletin_pdf,0.0,0.0,0.0,0.0,False,False,False,0,False
2020,23,2020-06-01,Nuevo León,Monterrey,Sarampion,0,boletin_pdf,0.0,0.0,0.0,0.0,False,False,False,0,False
2020,24,2020-06-08,Ciudad de México,CDMX,Erisipela,2,boletin_pdf,12.5,9.146948489341495,30.79389697868299,-1.1479238143994308,False,False,False,0,False
2020,24,2020-06-08,Ciudad de México,CDMX,Escarlatina,0,boletin_pdf,26.5,18.28478420253664,63.06956840507328,-1.4492924667015576,False,False,False,0,False
2020,24,2020-06-08,Ciudad de México,CDMX,Rubeola,0,boletin_pdf,0.0,0.0,0.0,0.0,False,False,False,0,False
2020,24,2020-06-08,Ciudad de México,CDMX,Sarampion,0,boletin_pdf,0.0,0.0,0.0,0.0,False,False,False,0,False
2020,24,2020-06-08,Jalisco,Guadalajara,Erisipela,2,boletin_pdf,14.5,5.972157622389639,26.444315244779276,-2.0930458956973035,False,False,False,0,False
2020,24,2020-06-08,Jalisco,Guadalajara,Escarlatina,0,boletin_pdf,8.5,5.0,18.5,-1.7,False,False,False,0,False
2020,24,2020-06-08,Jalisco,Guadalajara,Rubeola,0,boletin_pdf,0.0,0.0,0.0,0.0,False,False,False,0,False
2020,24,2020-06-08,Jalisco,Guadalajara,Sarampion,0,boletin_pdf,0.0,0.0,0.0,0.0,False,False,False,0,False
2020,24,2020-06-08,Nuevo León,Monterrey,Erisipela,32,boletin_pdf,117.5,11.0,139.5,-7.7727272727272725,False,False,False,0,False
2020,24,2020-06-08,Nuevo León,Monterrey,Escarlatina,6,boletin_pdf,5.5,1.9148542155126762,9.329708431025352,0.26111648393354675,False,False,False,0,False
2020,24,2020-06-08,Nuevo León,Monterrey,Rubeola,0,boletin_pdf,0.0,0.0,0.0,0.0,False,False,False,0,False
2020,24,2020-06-08,Nuevo León,Monterrey,Sarampion,0,boletin_pdf,0.0,0.0,0.0,0.0,False,False,False,0,False
2020,25,2020-06-15,Ciudad de México,CDMX,Erisipela,4,boletin_pdf,13.0,10.0,33.0,-0.9,False,False,False,0,False
2020,25,2020-06-15,Ciudad de México,CDMX,Escarlatina,2,boletin_pdf,24.0,16.0,56.0,-1.375,False,False,False,0,False
2020,25,2020-06-15,Ciudad de México,CDMX,Rubeola,0,boletin_pdf,0.0,0.0,0.0,0.0,False,False,False,0,False
2020,25,2020-06-15,Ciudad de México,CDMX,Sarampion,0,boletin_pdf,0.0,0.0,0.0,0.0,False,False,False,0,False
2020,25,2020-06-15,Jalisco,Guadalajara,Erisipela,6,boletin_pdf,12.5,3.0,18.5,-2.1666666666666665,False,False,False,0,False
2020,25,2020-06-15,Jalisco,Guadalajara,Escarlatina,4,boletin_pdf,7.0,4.163331998932265,15.32666399786453,-0.7205766921228921,False,False,False,0,False
2020,25,2020-06-15,Jalisco,Guadalajara,Rubeola,0,boletin_pdf,0.0,0.0,0.0,0.0,False,False,False,0,False
2020,25,2020-06-15,Jalisco,Guadalajara,Sarampion,0,boletin_pdf,0.0,0.0,0.0,0.0,False,False,False,0,False
2020,25,2020-06-15,Nuevo León,Monterrey,Erisipela,46,boletin_pdf,145.0,22.538855339169285,190.07771067833858,-4.392414721609764,False,False,False,0,False
2020,25,2020-06-15,Nuevo León,Monterrey,Escarlatina,0,boletin_pdf,17.5,6.8068592855540455,31.11371857110809,-2.5709360610905567,False,False,False,0,False
2020,25,2020-06-15,Nuevo León,Monterrey,Rubeola,0,boletin_pdf,0.0,0.0,0.0,0.0,False,False,False,0,False
2020,25,2020-06-15,Nuevo León,Monterrey,Sarampion,0,boletin_pdf,0.0,0.0,0.0,0.0,False,False,False,0,False
2020,26,2020-06-22,Ciudad de México,CDMX,Erisipela,0,boletin_pdf,9.0,7.393691004272944,23.78738200854589,-1.2172540068010336,False,False,False,0,False
2020,26,2020-06-22,Ciudad de México,CDMX,Escarlatina,4,boletin_pdf,17.5,13.403979508588733,44.30795901717747,-1.0071635808865376,False,False,False,0,False
2020,26,2020-06-22,Ciudad de México,CDMX,Rubeola,0,boletin_pdf,0.0,0.0,0.0,0.0,False,False,False,0,False
2020,26,2020-06-22,Ciudad de México,CDMX,Sarampion,0,boletin_pdf,0.0,0.0,0.0,0.0,False,False,False,0,False
2020,26,2020-06-22,Jalisco,Guadalajara,Erisipela,6,boletin_pdf,12.0,4.320493798938574,20.64098759787715,-1.3887301496588271,False,False,False,0,False
2020,26,2020-06-22,Jalisco,Guadalajara,Escarlatina,0,boletin_pdf,4.5,3.415650255319866,11.331300510639732,-1.3174650984805198,False,False,False,0,False
2020,26,2020-06-22,Jalisco,Guadalajara,Rubeola,0,boletin_pdf,0.0,0.0,0.0,0.0,False,False,False,0,False
2020,26,2020-06-22,Jalisco,Guadalajara,Sarampion,0,boletin_pdf,0.0,0.0,0.0,0.0,False,False,False,0,False
2020,26,2020-06-22,Nuevo León,Monterrey,Erisipela,38,boletin_pdf,125.5,21.06339637063944,167.62679274127888,-4.154125880760971,False,False,False,0,False
2020,26,2020-06-22,Nuevo León,Monterrey,Escarlatina,0,boletin_pdf,11.5,5.507570547286102,22.515141094572204,-2.0880349877073683,False,False,False,0,False
2020,26,2020-06-22,Nuevo León,Monterrey,Rubeola,0,boletin_pdf,0.0,0.0,0.0,0.0,False,False,False,0,False
2020,26,2020-06-22,Nuevo León,Monterrey,Sarampion,0,boletin_pdf,0.0,0.0,0.0,0.0,False,False,False,0,False
2020,27,2020-06-29,Ciudad de México,CDMX,Erisipela,6,boletin_pdf,12.0,8.48528137423857,28.97056274847714,-0.7071067811865476,False,False,False,0,False
2020,27,2020-06-29,Ciudad de México,CDMX,Escarlatina,6,boletin_pdf,13.0,10.392304845413264,33.78460969082653,-0.6735753140545634,False,False,False,0,False
2020,27,2020-06-29,Ciudad de México,CDMX,Rubeola,0,boletin_pdf,0.0,0.0,0.0,0.0,False,False,False,0,False
2020,27,2020-06-29,Ciudad de México,CDMX,Sarampion,0,boletin_pdf,0.0,0.0,0.0,0.0,False,False,False,0,False
2020,27,2020-06-29,Jalisco,Guadalajara,Erisipela,8,boletin_pdf,12.5,5.744562646538029,23.989125293076057,-0.7833494518006403,False,False,False,0,False
2020,27,2020-06-29,Jalisco,Guadalajara,Escarlatina,0,boletin_pdf,4.5,6.60807586719967,17.71615173439934,-0.6809849176121797,False,False,False,0,False
2020,27,2020-06-29,Jalisco,Guadalajara,Rubeola,0,boletin_pdf,0.0,0.0,0.0,0.0,False,False,False,0,False
2020,27,2020-06-29,Jalisco,Guadalajara,Sarampion,0,boletin_pdf,0.0,0.0,0.0,0.0,False,False,False,0,False
2020,27,2020-06-29,Nuevo León,Monterrey,Erisipela,60,boletin_pdf,117.5,12.041594578792296,141.5831891575846,-4.775115091590048,False,False,False,0,False
2020,27,2020-06-29,Nuevo León,Monterrey,Escarlatina,0,boletin_pdf,12.0,8.16496580927726,28.32993161855452,-1.4696938456699067,False,False,False,0,False
2020,27,2020-06-29,Nuevo León,Monterrey,Rubeola,0,boletin_pdf,0.0,0.0,0.0,0.0,False,False,False,0,False
2020,27,2020-06-29,Nuevo León,Monterrey,Sarampion,0,boletin_pdf,0.0,0.0,0.0,0.0,False,False,False,0,False
2020,28,2020-07-06,Ciudad de México,CDMX,Erisipela,6,boletin_pdf,8.5,5.972157622389639,20.444315244779276,-0.4186091791394607,False,False,False,0,False
2020,28,2020-07-06,Ciudad de México,CDMX,Escarlatina,0,boletin_pdf,11.5,7.724420150837646,26.94884030167529,-1.4887848894072555,False,False,False,0,False
2020,28,2020-07-06,Ciudad de México,CDMX,Rubeola,0,boletin_pdf,0.0,0.0,0.0,0.0,False,False,False,0,False
2020,28,2020-07-06,Ciudad de México,CDMX,Sarampion,0,boletin_pdf,0.0,0.0,0.0,0.0,False,False,False,0,False
2020,28,2020-07-06,Jalisco,Guadalajara,Erisipela,6,boletin_pdf,11.5,4.43471156521669,20.369423130433383,-1.2402159462046676,False,False,False,0,False
2020,28,2020-07-06,Jalisco,Guadalajara,Escarlatina,0,boletin_pdf,5.0,3.4641016151377544,11.928203230275509,-1.4433756729740645,False,False,False,0,False
2020,28,2020-07-06,Jalisco,Guadalajara,Rubeola,0,boletin_pdf,0.0,0.0,0.0,0.0,False,False,False,0,False
2020,28,2020-07-06,Jalisco,Guadalajara,Sarampion,0,boletin_pdf,0.0,0.0,0.0,0.0,False,False,False,0,False
2020,28,2020-07-06,Nuevo León,Monterrey,Erisipela,40,boletin_pdf,112.0,20.720360357226735,153.44072071445348,-3.4748430412740494,False,False,False,0,False
2020,28,2020-07-06,Nuevo León,Monterrey,Escarlatina,0,boletin_pdf,9.5,7.724420150837645,24.94884030167529,-1.2298657782059939,False,False,False,0,False
2020,28,2020-07-06,Nuevo León,Monterrey,Rubeola,0,boletin_pdf,0.0,0.0,0.0,0.0,False,False,False,0,False
2020,28,2020-07-06,Nuevo León,Monterrey,Sarampion,0,boletin_pdf,0.0,0.0,0.0,0.0,False,False,False,0,False
2020,29,2020-07-13,Ciudad de México,CDMX,Erisipela,2,boletin_pdf,10.5,7.724420150837646,25.94884030167529,-1.1004062226053628,False,False,False,0,False
2020,29,2020-07-13,Ciudad de México,CDMX,Escarlatina,0,boletin_pdf,18.0,12.328828005937952,42.6576560118759,-1.459992790176863,False,False,False,0,False
2020,29,2020-07-13,Ciudad de México,CDMX,Rubeola,0,boletin_pdf,0.0,0.0,0.0,0.0,False,False,False,0,False
2020,29,2020-07-13,Ciudad de México,CDMX,Sarampion,0,boletin_pdf,0.0,0.0,0.0,0.0,False,False,False,0,False
2020,29,2020-07-13,Jalisco,Guadalajara,Erisipela,4,boletin_pdf,5.0,2.0,9.0,-0.5,False,False,False,0,False
2020,29,2020-07-13,Jalisco,Guadalajara,Escarlatina,0,boletin_pdf,4.5,5.259911279353167,15.019822558706334,-0.8555277382080452,False,False,False,0,False
2020,29,2020-07-13,Jalisco,Guadalajara,Rubeola,0,boletin_pdf,0.0,0.0,0.0,0.0,False,False,False,0,False
2020,29,2020-07-13,Jalisco,Guadalajara,Sarampion,0,boletin_pdf,0.0,0.0,0.0,0.0,False,False,False,0,False
2020,29,2020-07-13,Nuevo León,Monterrey,Erisipela,44,boletin_pdf,114.0,9.380831519646858,132.76166303929372,-7.462025072446366,False,False,False,0,False
2020,29,2020-07-13,Nuevo León,Monterrey,Escarlatina,2,boletin_pdf,9.5,5.972157622389639,21.444315244779276,-1.255827537418382,False,False,False,0,False
2020,29,2020-07-13,Nuevo León,Monterrey,Rubeola,0,boletin_pdf,0.0,0.0,0.0,0.0,False,False,False,0,False
2020,29,2020-07-13,Nuevo León,Monterrey,Sarampion,0,boletin_pdf,0.0,0.0,0.0,0.0,False,False,False,0,False
2020,30,2020-07-20,Ciudad de México,CDMX,Erisipela,2,boletin_pdf,6.0,6.324555320336759,18.64911064067352,-0.6324555320336759,False,False,False,0,False
2020,30,2020-07-20,Ciudad de México,CDMX,Escarlatina,4,boletin_pdf,9.0,7.393691004272944,23.78738200854589,-0.6762522260005742,False,False,False,0,False
2020,30,2020-07-20,Ciudad de México,CDMX,Rubeola,0,boletin_pdf,0.0,0.0,0.0,0.0,False,False,False,0,False
2020,30,2020-07-20,Ciudad de México,CDMX,Sarampion,0,boletin_pdf,0.0,0.0,0.0,0.0,False,False,False,0,False
2020,30,2020-07-20,Jalisco,Guadalajara,Erisipela,16,boletin_pdf,8.5,4.123105625617661,16.746211251235323,1.8190171877724972,False,False,False,0,False
2020,30,2020-07-20,Jalisco,Guadalajara,Escarlatina,0,boletin_pdf,9.0,2.0,13.0,-4.5,False,False,False,0,False
2020,30,2020-07-20,Jalisco,Guadalajara,Rubeola,0,boletin_pdf,0.0,0.0,0.0,0.0,False,False,False,0,False
2020,30,2020-07-20,Jalisco,Guadalajara,Sarampion,0,boletin_pdf,0.0,0.0,0.0,0.0,False,False,False,0,False
2020,30,2020-07-20,Nuevo León,Monterrey,Erisipela,60,boletin_pdf,121.0,12.055427546683415,145.11085509336684,-5.0599615620253795,False,False,False,0,False
2020,30,2020-07-20,Nuevo León,Monterrey,Escarlatina,4,boletin_pdf,4.5,1.914854215512676,8.329708431025352,-0.2611164839335468,False,False,False,0,False
2020,30,2020-07-20,Nuevo León,Monterrey,Rubeola,0,boletin_pdf,0.0,0.0,0.0,0.0,False,False,False,0,False
2020,30,2020-07-20,Nuevo León,Monterrey,Sarampion,0,boletin_pdf,0.0,0.0,0.0,0.0,False,False,False,0,False
2020,31,2020-07-27,Ciudad de México,CDMX,Erisipela,4,boletin_pdf,9.0,6.2182527020592095,21.43650540411842,-0.8040844011283462,False,False,False,0,False
2020,31,2020-07-27,Ciudad de México,CDMX,Escarlatina,2,boletin_pdf,10.5,7.724420150837646,25.94884030167529,-1.1004062226053628,False,False,False,0,False
2020,31,2020-07-27,Ciudad de México,CDMX,Rubeola,0,boletin_pdf,0.0,0.0,0.0,0.0,False,False,False,0,False
2020,31,2020-07-27,Ciudad de México,CDMX,Sarampion,0,boletin_pdf,0.0,0.0,0.0,0.0,False,False,False,0,False
2020,31,2020-07-27,Jalisco,Guadalajara,Erisipela,8,boletin_pdf,9.5,6.191391873668904,21.882783747337808,-0.24227185592617445,False,False,False,0,False
2020,31,2020-07-27,Jalisco,Guadalajara,Escarlatina,0,boletin_pdf,5.5,4.43471156521669,14.36942313043338,-1.2402159462046676,False,False,False,0,False
2020,31,2020-07-27,Jalisco,Guadalajara,Rubeola,0,boletin_pdf,0.0,0.0,0.0,0.0,False,False,False,0,False
2020,31,2020-07-27,Jalisco,Guadalajara,Sarampion,0,boletin_pdf,0.0,0.0,0.0,0.0,False,False,False,0,False
2020,31,2020-07-27,Nuevo León,Monterrey,Erisipela,54,boletin_pdf,107.5,16.11417595369576,139.72835190739153,-3.3200580751837863,False,False,False,0,False
2020,31,2020-07-27,Nuevo León,Monterrey,Escarlatina,0,boletin_pdf,3.5,2.5166114784235836,8.533222956847167,-1.3907589749182958,False,False,False,0,False
2020,31,2020-07-27,Nuevo León,Monterrey,Rubeola,0,boletin_pdf,0.0,0.0,0.0,0.0,False,False,False,0,False
2020,31,2020-07-27,Nuevo León,Monterrey,Sarampion,0,boletin_pdf,0.0,0.0,0.0,0.0,False,False,False,0,False
2020,32,2020-08-03,Ciudad de México,CDMX,Erisipela,6,boletin_pdf,8.0,7.483314773547883,22.966629547095764,-0.2672612419124244,False,False,False,0,False
2020,32,2020-08-03,Ciudad de México,CDMX,Escarlatina,0,boletin_pdf,14.5,11.704699910719626,37.90939982143925,-1.2388186036893034,False,False,False,0,False
2020,32,2020-08-03,Ciudad de México,CDMX,Rubeola,0,boletin_pdf,0.0,0.0,0.0,0.0,False,False,False,0,False
2020,32,2020-08-03,Ciudad de México,CDMX,Sarampion,0,boletin_pdf,0.0,0.0,0.0,0.0,False,False,False,0,False
2020,32,2020-08-03,Jalisco,Guadalajara,Erisipela,2,boletin_pdf,11.0,5.033222956847167,21.066445913694334,-1.788118682037809,False,False,False,0,False
2020,32,2020-08-03,Jalisco,Guadalajara,Escarlatina,2,boletin_pdf,7.0,3.4641016151377544,13.928203230275509,-1.4433756729740645,False,False,False,0,False
2020,32,2020-08-03,Jalisco,Guadalajara,Rubeola,0,boletin_pdf,0.0,0.0,0.0,0.0,False,False,False,0,False
2020,32,2020-08-03,Jalisco,Guadalajara,Sarampion,0,boletin_pdf,0.0,0.0,0.0,0.0,False,False,False,0,False
2020,32,2020-08-03,Nuevo León,Monterrey,Erisipela,44,boletin_pdf,116.0,16.32993161855452,148.65986323710905,-4.409081537009721,False,False,False,0,False
2020,32,2020-08-03,Nuevo León,Monterrey,Escarlatina,0,boletin_pdf,6.0,1.632993161855452,9.265986323710905,-3.6742346141747673,False,False,False,0,False
2020,32,2020-08-03,Nuevo León,Monterrey,Rubeola,0,boletin_pdf,0.0,0.0,0.0,0.0,False,False,False,0,False
2020,32,2020-08-03,Nuevo León,Monterrey,Sarampion,0,boletin_pdf,0.0,0.0,0.0,0.0,False,False,False,0,False
2020,33,2020-08-10,Ciudad de México,CDMX,Erisipela,6,boletin_pdf,10.0,6.928203230275509,23.856406460551018,-0.5773502691896258,False,False,False,0,False
2020,33,2020-08-10,Ciudad de México,CDMX,Escarlatina,4,boletin_pdf,11.0,10.0,31.0,-0.7,False,False,False,0,False
2020,33,2020-08-10,Ciudad de México,CDMX,Rubeola,0,boletin_pdf,0.0,0.0,0.0,0.0,False,False,False,0,False
2020,33,2020-08-10,Ciudad de México,CDMX,Sarampion,0,boletin_pdf,0.0,0.0,0.0,0.0,False,False,False,0,False
2020,33,2020-08-10,Jalisco,Guadalajara,Erisipela,6,boletin_pdf,7.5,1.9148542155126762,11.329708431025352,-0.7833494518006403,False,False,False,0,False
2020,33,2020-08-10,Jalisco,Guadalajara,Escarlatina,2,boletin_pdf,4.0,3.265986323710904,10.531972647421808,-0.6123724356957945,False,False,False,0,False
2020,33,2020-08-10,Jalisco,Guadalajara,Rubeola,0,boletin_pdf,0.0,0.0,0.0,0.0,False,False,False,0,False
2020,33,2020-08-10,Jalisco,Guadalajara,Sarampion,0,boletin_pdf,0.0,0.0,0.0,0.0,False,False,False,0,False
2020,33,2020-08-10,Nuevo León,Monterrey,Erisipela,38,boletin_pdf,112.0,27.80887148615228,167.61774297230457,-2.6610213232438817,False,False,False,0,False
2020,33,2020-08-10,Nuevo León,Monterrey,Escarlatina,0,boletin_pdf,0.5,1.0,2.5,-0.5,False,False,False,0,False
2020,33,2020-08-10,Nuevo León,Monterrey,Rubeola,0,boletin_pdf,0.0,0.0,0.0,0.0,False,False,False,0,False
2020,33,2020-08-10,Nuevo León,Monterrey,Sarampion,0,boletin_pdf,0.0,0.0,0.0,0.0,False,False,False,0,False
2020,34,2020-08-17,Ciudad de México,CDMX,Erisipela,8,boletin_pdf,7.0,6.2182527020592095,19.43650540411842,0.16081688022566923,False,False,False,0,False
2020,34,2020-08-17,Ciudad de México,CDMX,Escarlatina,4,boletin_pdf,9.0,6.6332495807108,22.2664991614216,-0.753778361444409,False,False,False,0,False
2020,34,2020-08-17,Ciudad de México,CDMX,Rubeola,0,boletin_pdf,0.0,0.0,0.0,0.0,False,False,False,0,False
2020,34,2020-08-17,Ciudad de México,CDMX,Sarampion,0,boletin_pdf,0.0,0.0,0.0,0.0,False,False,False,0,False
2020,34,2020-08-17,Jalisco,Guadalajara,Erisipela,8,boletin_pdf,5.5,5.0,15.5,0.5,False,False,False,0,False
2020,34,2020-08-17,Jalisco,Guadalajara,Escarlatina,2,boletin_pdf,5.0,4.760952285695232,14.521904571390465,-0.6301260378126046,False,False,False,0,False
2020,34,2020-08-17,Jalisco,Guadalajara,Rubeola,0,boletin_pdf,0.0,0.0,0.0,0.0,False,False,False,0,False
2020,34,2020-08-17,Jalisco,Guadalajara,Sarampion,0,boletin_pdf,0.0,0.0,0.0,0.0,False,False,False,0,False
2020,34,2020-08-17,Nuevo León,Monterrey,Erisipela,36,boletin_pdf,117.0,19.493588689617926,155.98717737923585,-4.155212325944874,False,False,False,0,False
2020,34,2020-08-17,Nuevo León,Monterrey,Escarlatina,0,boletin_pdf,6.0,2.8284271247461903,11.65685424949238,-2.1213203435596424,False,False,False,0,False
2020,34,2020-08-17,Nuevo León,Monterrey,Rubeola,0,boletin_pdf,0.0,0.0,0.0,0.0,False,False,False,0,False
2020,34,2020-08-17,Nuevo León,Monterrey,Sarampion,0,boletin_pdf,0.0,0.0,0.0,0.0,False,False,False,0,False
2020,35,2020-08-24,Ciudad de México,CDMX,Erisipela,6,boletin_pdf,9.5,7.54983443527075,24.5996688705415,-0.4635863249727653,False,False,False,0,False
2020,35,2020-08-24,Ciudad de México,CDMX,Escarlatina,0,boletin_pdf,9.0,9.591663046625438,28.183326093250876,-0.9383148632568366,False,False,False,0,False
2020,35,2020-08-24,Ciudad de México,CDMX,Rubeola,0,boletin_pdf,0.0,0.0,0.0,0.0,False,False,False,0,False
2020,35,2020-08-24,Ciudad de México,CDMX,Sarampion,0,boletin_pdf,0.0,0.0,0.0,0.0,False,False,False,0,False
2020,35,2020-08-24,Jalisco,Guadalajara,Erisipela,4,boletin_pdf,9.5,4.725815626252608,18.951631252505216,-1.1638202661666872,False,False,False,0,False
2020,35,2020-08-24,Jalisco,Guadalajara,Escarlatina,2,boletin_pdf,6.0,2.309401076758503,10.618802153517006,-1.7320508075688774,False,False,False,0,False
2020,35,2020-08-24,Jalisco,Guadalajara,Rubeola,0,boletin_pdf,0.0,0.0,0.0,0.0,False,False,False,0,False
2020,35,2020-08-24,Jalisco,Guadalajara,Sarampion,0,boletin_pdf,0.0,0.0,0.0,0.0,False,False,False,0,False
2020,35,2020-08-24,Nuevo León,Monterrey,Erisipela,64,boletin_pdf,114.0,19.6638416050035,153.327683210007,-2.5427381385780388,False,False,False,0,False
2020,35,2020-08-24,Nuevo León,Monterrey,Escarlatina,2,boletin_pdf,6.5,5.0,16.5,-0.9,False,False,False,0,False
2020,35,2020-08-24,Nuevo León,Monterrey,Rubeola,0,boletin_pdf,0.0,0.0,0.0,0.0,False,False,False,0,False
2020,35,2020-08-24,Nuevo León,Monterrey,Sarampion,0,boletin_pdf,0.0,0.0,0.0,0.0,False,False,False,0,False
2020,36,2020-08-31,Ciudad de México,CDMX,Erisipela,4,boletin_pdf,10.0,7.118052168020874,24.23610433604175,-0.8429272304235246,False,False,False,0,False
2020,36,2020-08-31,Ciudad de México,CDMX,Escarlatina,6,boletin_pdf,7.0,6.831300510639732,20.662601021279464,-0.14638501094227999,False,False,False,0,False
2020,36,2020-08-31,Ciudad de México,CDMX,Rubeola,0,boletin_pdf,0.0,0.0,0.0,0.0,False,False,False,0,False
2020,36,2020-08-31,Ciudad de México,CDMX,Sarampion,0,boletin_pdf,0.0,0.0,0.0,0.0,False,False,False,0,False
2020,36,2020-08-31,Jalisco,Guadalajara,Erisipela,10,boletin_pdf,7.5,7.187952884282608,21.875905768565218,0.3478041718201262,False,False,False,0,False
2020,36,2020-08-31,Jalisco,Guadalajara,Escarlatina,0,boletin_pdf,6.0,5.163977794943222,16.327955589886443,-1.161895003862225,False,False,False,0,False
2020,36,2020-08-31,Jalisco,Guadalajara,Rubeola,0,boletin_pdf,0.0,0.0,0.0,0.0,False,False,False,0,False
2020,36,2020-08-31,Jalisco,Guadalajara,Sarampion,0,boletin_pdf,0.0,0.0,0.0,0.0,False,False,False,0,False
2020,36,2020-08-31,Nuevo León,Monterrey,Erisipela,50,boletin_pdf,107.0,20.165977949672232,147.33195589934445,-2.826542810978649,False,False,False,0,False
2020,36,2020-08-31,Nuevo León,Monterrey,Escarlatina,2,boletin_pdf,6.5,5.259911279353167,17.019822558706334,-0.8555277382080452,False,False,False,0,False
2020,36,2020-08-31,Nuevo León,Monterrey,Rubeola,0,boletin_pdf,0.0,0.0,0.0,0.0,False,False,False,0,False
2020,36,2020-08-31,Nuevo León,Monterrey,Sarampion,0,boletin_pdf,0.0,0.0,0.0,0.0,False,False,False,0,False
2020,37,2020-09-07,Ciudad de México,CDMX,Erisipela,6,boletin_pdf,12.5,8.386497083606082,29.272994167212165,-0.7750554176792352,False,False,False,0,False
2020,37,2020-09-07,Ciudad de México,CDMX,Escarlatina,6,boletin_pdf,10.5,8.225975119502044,26.951950239004088,-0.5470476064693478,False,False,False,0,False
2020,37,2020-09-07,Ciudad de México,CDMX,Rubeola,0,boletin_pdf,0.0,0.0,0.0,0.0,False,False,False,0,False
2020,37,2020-09-07,Ciudad de México,CDMX,Sarampion,0,boletin_pdf,0.0,0.0,0.0,0.0,False,False,False,0,False
2020,37,2020-09-07,Jalisco,Guadalajara,Erisipela,0,boletin_pdf,9.5,5.0,19.5,-1.9,False,False,False,0,False
2020,37,2020-09-07,Jalisco,Guadalajara,Escarlatina,0,boletin_pdf,8.5,6.403124237432849,21.306248474865697,-1.3274769760531515,False,False,False,0,False
2020,37,2020-09-07,Jalisco,Guadalajara,Rubeola,0,boletin_pdf,0.0,0.0,0.0,0.0,False,False,False,0,False
2020,37,2020-09-07,Jalisco,Guadalajara,Sarampion,0,boletin_pdf,0.0,0.0,0.0,0.0,False,False,False,0,False
2020,37,2020-09-07,Nuevo León,Monterrey,Erisipela,70,boletin_pdf,100.0,17.73884626086676,135.47769252173353,-1.6912035630063649,False,False,False,0,False
2020,37,2020-09-07,Nuevo León,Monterrey,Escarlatina,0,boletin_pdf,4.5,1.0,6.5,-4.5,False,False,False,0,False
2020,37,2020-09-07,Nuevo León,Monterrey,Rubeola,0,boletin_pdf,0.0,0.0,0.0,0.0,False,False,False,0,False
2020,37,2020-09-07,Nuevo León,Monterrey,Sarampion,0,boletin_pdf,0.0,0.0,0.0,0.0,False,False,False,0,False
2020,38,2020-09-14,Ciudad de México,CDMX,Erisipela,6,boletin_pdf,10.0,10.583005244258363,31.166010488516726,-0.3779644730092272,False,False,False,0,False
2020,38,2020-09-14,Ciudad de México,CDMX,Escarlatina,2,boletin_pdf,6.5,5.972157622389639,18.444315244779276,-0.7534965224510293,False,False,False,0,False
2020,38,2020-09-14,Ciudad de México,CDMX,Rubeola,0,boletin_pdf,0.0,0.0,0.0,0.0,False,False,False,0,False
2020,38,2020-09-14,Ciudad de México,CDMX,Sarampion,0,boletin_pdf,0.0,0.0,0.0,0.0,False,False,False,0,False
2020,38,2020-09-14,Jalisco,Guadalajara,Erisipela,0,boletin_pdf,7.5,2.516611478423583,12.533222956847165,-2.9801978033963485,False,False,False,0,False
2020,38,2020-09-14,Jalisco,Guadalajara,Escarlatina,4,boletin_pdf,10.0,5.656854249492381,21.31370849898476,-1.0606601717798212,False,False,False,0,False
2020,38,2020-09-14,Jalisco,Guadalajara,Rubeola,0,boletin_pdf,0.0,0.0,0.0,0.0,False,False,False,0,False
2020,38,2020-09-14,Jalisco,Guadalajara,Sarampion,0,boletin_pdf,0.0,0.0,0.0,0.0,False,False,False,0,False
2020,38,2020-09-14,Nuevo León,Monterrey,Erisipela,50,boletin_pdf,98.0,4.320493798938572,106.64098759787714,-11.10984119727062,False,False,False,0,False
2020,38,2020-09-14,Nuevo León,Monterrey,Escarlatina,0,boletin_pdf,9.0,6.0,21.0,-1.5,False,False,False,0,False
2020,38,2020-09-14,Nuevo León,Monterrey,Rubeola,0,boletin_pdf,0.0,0.0,0.0,0.0,False,False,False,0,False
2020,38,2020-09-14,Nuevo León,Monterrey,Sarampion,0,boletin_pdf,0.0,0.0,0.0,0.0,False,False,False,0,False
2020,39,2020-09-21,Ciudad de México,CDMX,Erisipela,6,boletin_pdf,12.0,10.708252269472673,33.41650453894535,-0.5603155257282213,False,False,False,0,False
2020,39,2020-09-21,Ciudad de México,CDMX,Escarlatina,4,boletin_pdf,9.5,8.06225774829855,25.6245154965971,-0.6821910402406466,False,False,False,0,False
2020,39,2020-09-21,Ciudad de México,CDMX,Rubeola,0,boletin_pdf,0.0,0.0,0.0,0.0,False,False,False,0,False
2020,39,2020-09-21,Ciudad de México,CDMX,Sarampion,0,boletin_pdf,0.0,0.0,0.0,0.0,False,False,False,0,False
2020,39,2020-09-21,Jalisco,Guadalajara,Erisipela,8,boletin_pdf,9.0,8.406346808612328,25.812693617224657,-0.11895773785772161,False,False,False,0,False
2020,39,2020-09-21,Jalisco,Guadalajara,Escarlatina,4,boletin_pdf,5.0,3.8297084310253524,12.659416862050705,-0.26111648393354675,False,False,False,0,False
2020,39,2020-09-21,Jalisco,Guadalajara,Rubeola,0,boletin_pdf,0.0,0.0,0.0,0.0,False,False,False,0,False
2020,39,2020-09-21,Jalisco,Guadalajara,Sarampion,0,boletin_pdf,0.0,0.0,0.0,0.0,False,False,False,0,False
2020,39,2020-09-21,Nuevo León,Monterrey,Erisipela,52,boletin_pdf,123.5,10.630145812734648,144.7602916254693,-6.726154208942721,False,False,False,0,False
2020,39,2020-09-21,Nuevo León,Monterrey,Escarlatina,2,boletin_pdf,10.5,9.146948489341495,28.79389697868299,-0.9292716592757296,False,False,False,0,False
2020,39,2020-09-21,Nuevo León,Monterrey,Rubeola,0,boletin_pdf,0.0,0.0,0.0,0.0,False,False,False,0,False
2020,39,2020-09-21,Nuevo León,Monterrey,Sarampion,0,boletin_pdf,0.0,0.0,0.0,0.0,False,False,False,0,False
2020,40,2020-09-28,Ciudad de México,CDMX,Erisipela,10,boletin_pdf,10.0,7.118052168020874,24.23610433604175,0.0,False,False,False,0,False
2020,40,2020-09-28,Ciudad de México,CDMX,Escarlatina,0,boletin_pdf,14.0,14.787382008545888,43.57476401709178,-0.946753116400804,False,False,False,0,False
2020,40,2020-09-28,Ciudad de México,CDMX,Rubeola,0,boletin_pdf,0.0,0.0,0.0,0.0,False,False,False,0,False
2020,40,2020-09-28,Ciudad de México,CDMX,Sarampion,0,boletin_pdf,0.0,0.0,0.0,0.0,False,False,False,0,False
2020,40,2020-09-28,Jalisco,Guadalajara,Erisipela,8,boletin_pdf,9.5,1.9148542155126762,13.329708431025352,-0.7833494518006403,False,False,False,0,False
2020,40,2020-09-28,Jalisco,Guadalajara,Escarlatina,2,boletin_pdf,9.0,3.4641016151377544,15.928203230275509,-2.0207259421636903,False,False,False,0,False
2020,40,2020-09-28,Jalisco,Guadalajara,Rubeola,0,boletin_pdf,0.0,0.0,0.0,0.0,False,False,False,0,False
2020,40,2020-09-28,Jalisco,Guadalajara,Sarampion,0,boletin_pdf,0.0,0.0,0.0,0.0,False,False,False,0,False
2020,40,2020-09-28,Nuevo León,Monterrey,Erisipela,42,boletin_pdf,85.5,5.972157622389639,97.44431524477928,-7.283799717026616,False,False,False,0,False
2020,40,2020-09-28,Nuevo León,Monterrey,Escarlatina,0,boletin_pdf,11.5,7.54983443527075,26.5996688705415,-1.5232122106248003,False,False,False,0,False
2020,40,2020-09-28,Nuevo León,Monterrey,Rubeola,0,boletin_pdf,0.0,0.0,0.0,0.0,False,False,False,0,False
2020,40,2020-09-28,Nuevo León,Monterrey,Sarampion,0,boletin_pdf,0.0,0.0,0.0,0.0,False,False,False,0,False
2020,41,2020-10-05,Ciudad de México,CDMX,Erisipela,4,boletin_pdf,12.5,10.376254944182254,33.25250988836451,-0.8191780219091254,False,False,False,0,False
2020,41,2020-10-05,Ciudad de México,CDMX,Escarlatina,0,boletin_pdf,15.0,12.489995996796797,39.97999199359359,-1.2009611535381535,False,False,False,0,False
2020,41,2020-10-05,Ciudad de México,CDMX,Rubeola,0,boletin_pdf,0.0,0.0,0.0,0.0,False,False,False,0,False
2020,41,2020-10-05,Ciudad de México,CDMX,Sarampion,0,boletin_pdf,0.0,0.0,0.0,0.0,False,False,False,0,False
2020,41,2020-10-05,Jalisco,Guadalajara,Erisipela,8,boletin_pdf,7.0,2.5819888974716108,12.163977794943222,0.38729833462074176,False,False,False,0,False
2020,41,2020-10-05,Jalisco,Guadalajara,Escarlatina,2,boletin_pdf,7.0,5.291502622129181,17.583005244258363,-0.944911182523068,False,False,False,0,False
2020,41,2020-10-05,Jalisco,Guadalajara,Rubeola,0,boletin_pdf,0.0,0.0,0.0,0.0,False,False,False,0,False
2020,41,2020-10-05,Jalisco,Guadalajara,Sarampion,0,boletin_pdf,0.0,0.0,0.0,0.0,False,False,False,0,False
2020,41,2020-10-05,Nuevo León,Monterrey,Erisipela,64,boletin_pdf,104.5,9.848857801796102,124.1977156035922,-4.112151968791158,False,False,False,0,False
2020,41,2020-10-05,Nuevo León,Monterrey,Escarlatina,4,boletin_pdf,7.5,4.123105625617661,15.746211251235321,-0.8488746876271654,False,False,False,0,False
2020,41,2020-10-05,Nuevo León,Monterrey,Rubeola,0,boletin_pdf,0.0,0.0,0.0,0.0,False,False,False,0,False
2020,41,2020-10-05,Nuevo León,Monterrey,Sarampion,0,boletin_pdf,0.0,0.0,0.0,0.0,False,False,False,0,False
2020,42,2020-10-12,Ciudad de México,CDMX,Erisipela,8,boletin_pdf,16.0,13.9522996909709,43.9045993819418,-0.5733821790809959,False,False,False,0,False
2020,42,2020-10-12,Ciudad de México,CDMX,Escarlatina,2,boletin_pdf,12.5,10.115993936995679,32.73198787399136,-1.0379602899523253,False,False,False,0,False
2020,42,2020-10-12,Ciudad de México,CDMX,Rubeola,0,boletin_pdf,0.0,0.0,0.0,0.0,False,False,False,0,False
2020,42,2020-10-12,Ciudad de México,CDMX,Sarampion,0,boletin_pdf,0.0,0.0,0.0,0.0,False,False,False,0,False
2020,42,2020-10-12,Jalisco,Guadalajara,Erisipela,0,boletin_pdf,7.5,5.972157622389639,19.444315244779276,-1.255827537418382,False,False,False,0,False
2020,42,2020-10-12,Jalisco,Guadalajara,Escarlatina,0,boletin_pdf,6.0,2.8284271247461903,11.65685424949238,-2.1213203435596424,False,False,False,0,False
2020,42,2020-10-12,Jalisco,Guadalajara,Rubeola,0,boletin_pdf,0.0,0.0,0.0,0.0,False,False,False,0,False
2020,42,2020-10-12,Jalisco,Guadalajara,Sarampion,0,boletin_pdf,0.0,0.0,0.0,0.0,False,False,False,0,False
2020,42,2020-10-12,Nuevo León,Monterrey,Erisipela,36,boletin_pdf,112.5,5.507570547286103,123.5151410945722,-13.889971874749014,False,False,False,0,False
2020,42,2020-10-12,Nuevo León,Monterrey,Escarlatina,4,boletin_pdf,9.0,5.773502691896258,20.547005383792516,-0.8660254037844386,False,False,False,0,False
2020,42,2020-10-12,Nuevo León,Monterrey,Rubeola,0,boletin_pdf,0.0,0.0,0.0,0.0,False,False,False,0,False
2020,42,2020-10-12,Nuevo León,Monterrey,Sarampion,0,boletin_pdf,0.0,0.0,0.0,0.0,False,False,False,0,False
2020,43,2020-10-19,Ciudad de México,CDMX,Erisipela,4,boletin_pdf,16.0,12.649110640673518,41.29822128134704,-0.9486832980505138,False,False,False,0,False
2020,43,2020-10-19,Ciudad de México,CDMX,Escarlatina,0,boletin_pdf,15.5,10.503967504392486,36.50793500878497,-1.4756328971427513,False,False,False,0,False
2020,43,2020-10-19,Ciudad de México,CDMX,Rubeola,0,boletin_pdf,0.0,0.0,0.0,0.0,False,False,False,0,False
2020,43,2020-10-19,Ciudad de México,CDMX,Sarampion,0,boletin_pdf,0.0,0.0,0.0,0.0,False,False,False,0,False
2020,43,2020-10-19,Jalisco,Guadalajara,Erisipela,2,boletin_pdf,12.5,4.123105625617661,20.746211251235323,-2.546624062881496,False,False,False,0,False
2020,43,2020-10-19,Jalisco,Guadalajara,Escarlatina,2,boletin_pdf,5.0,2.581988897471611,10.163977794943222,-1.161895003862225,False,False,False,0,False
2020,43,2020-10-19,Jalisco,Guadalajara,Rubeola,0,boletin_pdf,0.0,0.0,0.0,0.0,False,False,False,0,False
2020,43,2020-10-19,Jalisco,Guadalajara,Sarampion,0,boletin_pdf,0.0,0.0,0.0,0.0,False,False,False,0,False
2020,43,2020-10-19,Nuevo León,Monterrey,Erisipela,64,boletin_pdf,104.0,23.03620339089466,150.0724067817893,-1.7363972405196981,False,False,False,0,False
2020,43,2020-10-19,Nuevo León,Monterrey,Escarlatina,0,boletin_pdf,5.0,3.4641016151377544,11.928203230275509,-1.4433756729740645,False,False,False,0,False
2020,43,2020-10-19,Nuevo León,Monterrey,Rubeola,0,boletin_pdf,0.0,0.0,0.0,0.0,False,False,False,0,False
2020,43,2020-10-19,Nuevo León,Monterrey,Sarampion,0,boletin_pdf,0.0,0.0,0.0,0.0,False,False,False,0,False
2020,44,2020-10-26,Ciudad de México,CDMX,Erisipela,6,boletin_pdf,15.0,10.519822558706334,36.03964511741267,-0.8555277382080452,False,False,False,0,False
2020,44,2020-10-26,Ciudad de México,CDMX,Escarlatina,6,boletin_pdf,19.5,13.69914839202301,46.898296784046025,-0.9854627173657762,False,False,False,0,False
2020,44,2020-10-26,Ciudad de México,CDMX,Rubeola,0,boletin_pdf,0.0,0.0,0.0,0.0,False,False,False,0,False
2020,44,2020-10-26,Ciudad de México,CDMX,Sarampion,0,boletin_pdf,0.0,0.0,0.0,0.0,False,False,False,0,False
2020,44,2020-10-26,Jalisco,Guadalajara,Erisipela,4,boletin_pdf,11.0,5.291502622129181,21.583005244258363,-1.3228756555322951,False,False,False,0,False
2020,44,2020-10-26,Jalisco,Guadalajara,Escarlatina,6,boletin_pdf,5.0,2.0,9.0,0.5,False,False,False,0,False
2020,44,2020-10-26,Jalisco,Guadalajara,Rubeola,0,boletin_pdf,0.0,0.0,0.0,0.0,False,False,False,0,False
2020,44,2020-10-26,Jalisco,Guadalajara,Sarampion,0,boletin_pdf,0.0,0.0,0.0,0.0,False,False,False,0,False
2020,44,2020-10-26,Nuevo León,Monterrey,Erisipela,36,boletin_pdf,101.0,14.832396974191322,130.66479394838265,-4.382299106011074,False,False,False,0,False
2020,44,2020-10-26,Nuevo León,Monterrey,Escarlatina,0,boletin_pdf,5.5,2.9999999999999996,11.5,-1.8333333333333337,False,False,False,0,False
2020,44,2020-10-26,Nuevo León,Monterrey,Rubeola,0,boletin_pdf,0.0,0.0,0.0,0.0,False,False,False,0,False
2020,44,2020-10-26,Nuevo León,Monterrey,Sarampion,0,boletin_pdf,0.0,0.0,0.0,0.0,False,False,False,0,False
2020,45,2020-11-02,Ciudad de México,CDMX,Erisipela,2,boletin_pdf,8.5,5.744562646538028,19.989125293076057,-1.1315047637120361,False,False,False,0,False
2020,45,2020-11-02,Ciudad de México,CDMX,Escarlatina,0,boletin_pdf,15.0,10.893423092245461,36.786846184490926,-1.3769776380647352,False,False,False,0,False
2020,45,2020-11-02,Ciudad de México,CDMX,Rubeola,0,boletin_pdf,0.0,0.0,0.0,0.0,False,False,False,0,False
2020,45,2020-11-02,Ciudad de México,CDMX,Sarampion,0,boletin_pdf,0.0,0.0,0.0,0.0,False,False,False,0,False
2020,45,2020-11-02,Jalisco,Guadalajara,Erisipela,10,boletin_pdf,7.0,2.581988897471611,12.163977794943222,1.161895003862225,False,False,False,0,False
2020,45,2020-11-02,Jalisco,Guadalajara,Escarlatina,2,boletin_pdf,7.0,2.581988897471611,12.163977794943222,-1.9364916731037085,False,False,False,0,False
2020,45,2020-11-02,Jalisco,Guadalajara,Rubeola,0,boletin_pdf,0.0,0.0,0.0,0.0,False,False,False,0,False
2020,45,2020-11-02,Jalisco,Guadalajara,Sarampion,0,boletin_pdf,0.0,0.0,0.0,0.0,False,False,False,0,False
2020,45,2020-11-02,Nuevo León,Monterrey,Erisipela,24,boletin_pdf,72.0,11.31370849898476,94.62741699796952,-4.242640687119286,False,False,False,0,False
2020,45,2020-11-02,Nuevo León,Monterrey,Escarlatina,0,boletin_pdf,8.0,4.320493798938574,16.64098759787715,-1.8516401995451028,False,False,False,0,False
2020,45,2020-11-02,Nuevo León,Monterrey,Rubeola,0,boletin_pdf,0.0,0.0,0.0,0.0,False,False,False,0,False
2020,45,2020-11-02,Nuevo León,Monterrey,Sarampion,0,boletin_pdf,0.0,0.0,0.0,0.0,False,False,False,0,False
2020,46,2020-11-09,Ciudad de México,CDMX,Erisipela,6,boletin_pdf,12.0,9.092121131323903,30.184242262647807,-0.6599120175960899,False,False,False,0,False
2020,46,2020-11-09,Ciudad de México,CDMX,Escarlatina,16,boletin_pdf,19.5,16.36052158907737,52.22104317815474,-0.21392960981981615,False,False,False,0,False
2020,46,2020-11-09,Ciudad de México,CDMX,Rubeola,0,boletin_pdf,0.0,0.0,0.0,0.0,False,False,False,0,False
2020,46,2020-11-09,Ciudad de México,CDMX,Sarampion,0,boletin_pdf,0.0,0.0,0.0,0.0,False,False,False,0,False
2020,46,2020-11-09,Jalisco,Guadalajara,Erisipela,8,boletin_pdf,11.5,4.123105625617661,19.746211251235323,-0.8488746876271654,False,False,False,0,False
2020,46,2020-11-09,Jalisco,Guadalajara,Escarlatina,0,boletin_pdf,8.0,2.8284271247461903,13.65685424949238,-2.82842712474619,False,False,False,0,False
2020,46,2020-11-09,Jalisco,Guadalajara,Rubeola,0,boletin_pdf,0.0,0.0,0.0,0.0,False,False,False,0,False
2020,46,2020-11-09,Jalisco,Guadalajara,Sarampion,0,boletin_pdf,0.0,0.0,0.0,0.0,False,False,False,0,False
2020,46,2020-11-09,Nuevo León,Monterrey,Erisipela,26,boletin_pdf,92.5,10.246950765959598,112.99390153191919,-6.489735485107746,False,False,False,0,False
2020,46,2020-11-09,Nuevo León,Monterrey,Escarlatina,2,boletin_pdf,8.5,4.123105625617661,16.746211251235323,-1.5764815627361644,False,False,False,0,False
2020,46,2020-11-09,Nuevo León,Monterrey,Rubeola,0,boletin_pdf,0.0,0.0,0.0,0.0,False,False,False,0,False
2020,46,2020-11-09,Nuevo León,Monterrey,Sarampion,0,boletin_pdf,0.0,0.0,0.0,0.0,False,False,False,0,False
2020,47,2020-11-16,Ciudad de México,CDMX,Erisipela,16,boletin_pdf,3.5,4.123105625617661,11.746211251235321,3.031695312954162,True,False,True,2,True
2020,47,2020-11-16,Ciudad de México,CDMX,Escarlatina,2,boletin_pdf,9.0,6.6332495807108,22.2664991614216,-1.0552897060221726,False,False,False,0,False
2020,47,2020-11-16,Ciudad de México,CDMX,Rubeola,0,boletin_pdf,0.0,0.0,0.0,0.0,False,False,False,0,False
2020,47,2020-11-16,Ciudad de México,CDMX,Sarampion,0,boletin_pdf,0.0,0.0,0.0,0.0,False,False,False,0,False
2020,47,2020-11-16,Jalisco,Guadalajara,Erisipela,8,boletin_pdf,10.5,4.43471156521669,19.369423130433383,-0.5637345210021216,False,False,False,0,False
2020,47,2020-11-16,Jalisco,Guadalajara,Escarlatina,2,boletin_pdf,4.0,3.265986323710904,10.531972647421808,-0.6123724356957945,False,False,False,0,False
2020,47,2020-11-16,Jalisco,Guadalajara,Rubeola,0,boletin_pdf,0.0,0.0,0.0,0.0,False,False,False,0,False
2020,47,2020-11-16,Jalisco,Guadalajara,Sarampion,0,boletin_pdf,0.0,0.0,0.0,0.0,False,False,False,0,False
2020,47,2020-11-16,Nuevo León,Monterrey,Erisipela,50,boletin_pdf,70.0,21.602468994692867,113.20493798938574,-0.9258200997725515,False,False,False,0,False
2020,47,2020-11-16,Nuevo León,Monterrey,Escarlatina,0,boletin_pdf,5.5,4.43471156521669,14.36942313043338,-1.2402159462046676,False,False,False,0,False
2020,47,2020-11-16,Nuevo León,Monterrey,Rubeola,0,boletin_pdf,0.0,0.0,0.0,0.0,False,False,False,0,False
2020,47,2020-11-16,Nuevo León,Monterrey,Sarampion,0,boletin_pdf,0.0,0.0,0.0,0.0,False,False,False,0,False
2020,48,2020-11-23,Ciudad de México,CDMX,Erisipela,8,boletin_pdf,15.0,11.135528725660043,37.27105745132009,-0.6286185570937122,False,False,False,0,False
2020,48,2020-11-23,Ciudad de México,CDMX,Escarlatina,2,boletin_pdf,14.5,12.793227374930325,40.08645474986065,-0.9770794838286909,False,False,False,0,False
2020,48,2020-11-23,Ciudad de México,CDMX,Rubeola,0,boletin_pdf,0.0,0.0,0.0,0.0,False,False,False,0,False
2020,48,2020-11-23,Ciudad de México,CDMX,Sarampion,0,boletin_pdf,0.0,0.0,0.0,0.0,False,False,False,0,False
2020,48,2020-11-23,Jalisco,Guadalajara,Erisipela,4,boletin_pdf,9.0,3.4641016151377544,15.928203230275509,-1.4433756729740645,False,False,False,0,False
2020,48,2020-11-23,Jalisco,Guadalajara,Escarlatina,2,boletin_pdf,3.5,1.0,5.5,-1.5,False,False,False,0,False
2020,48,2020-11-23,Jalisco,Guadalajara,Rubeola,0,boletin_pdf,0.0,0.0,0.0,0.0,False,False,False,0,False
2020,48,2020-11-23,Jalisco,Guadalajara,Sarampion,0,boletin_pdf,0.0,0.0,0.0,0.0,False,False,False,0,False
2020,48,2020-11-23,Nuevo León,Monterrey,Erisipela,32,boletin_pdf,59.0,6.2182527020592095,71.43650540411842,-4.342055766093069,False,False,False,0,False
2020,48,2020-11-23,Nuevo León,Monterrey,Escarlatina,2,boletin_pdf,16.5,21.80978373727412,60.11956747454824,-0.6648392379617548,False,False,False,0,False
2020,48,2020-11-23,Nuevo León,Monterrey,Rubeola,0,boletin_pdf,0.0,0.0,0.0,0.0,False,False,False,0,False
2020,48,2020-11-23,Nuevo León,Monterrey,Sarampion,0,boletin_pdf,0.0,0.0,0.0,0.0,False,False,False,0,False
2020,49,2020-11-30,Ciudad de México,CDMX,Erisipela,8,boletin_pdf,10.5,10.246950765959598,30.993901531919196,-0.2439750182371333,False,False,False,0,False
2020,49,2020-11-30,Ciudad de México,CDMX,Escarlatina,4,boletin_pdf,14.0,9.38083151964686,32.76166303929372,-1.0660035817780522,False,False,False,0,False
2020,49,2020-11-30,Ciudad de México,CDMX,Rubeola,0,boletin_pdf,0.0,0.0,0.0,0.0,False,False,False,0,False
2020,49,2020-11-30,Ciudad de México,CDMX,Sarampion,0,boletin_pdf,0.0,0.0,0.0,0.0,False,False,False,0,False
2020,49,2020-11-30,Jalisco,Guadalajara,Erisipela,8,boletin_pdf,2.5,1.9148542155126762,6.329708431025352,2.8722813232690143,True,True,True,3,True
2020,49,2020-11-30,Jalisco,Guadalajara,Escarlatina,2,boletin_pdf,7.0,5.773502691896258,18.547005383792516,-0.8660254037844386,False,False,False,0,False
2020,49,2020-11-30,Jalisco,Guadalajara,Rubeola,0,boletin_pdf,0.0,0.0,0.0,0.0,False,False,False,0,False
2020,49,2020-11-30,Jalisco,Guadalajara,Sarampion,0,boletin_pdf,0.0,0.0,0.0,0.0,False,False,False,0,False
2020,49,2020-11-30,Nuevo León,Monterrey,Erisipela,48,boletin_pdf,66.5,9.146948489341495,84.793896978683,-2.0225324348942353,False,False,False,0,False
2020,49,2020-11-30,Nuevo León,Monterrey,Escarlatina,0,boletin_pdf,8.0,4.898979485566356,17.79795897113271,-1.6329931618554523,False,False,False,0,False
2020,49,2020-11-30,Nuevo León,Monterrey,Rubeola,0,boletin_pdf,0.0,0.0,0.0,0.0,False,False,False,0,False
2020,49,2020-11-30,Nuevo León,Monterrey,Sarampion,0,boletin_pdf,0.0,0.0,0.0,0.0,False,False,False,0,False
2020,50,2020-12-07,Ciudad de México,CDMX,Erisipela,4,boletin_pdf,10.5,9.0,28.5,-0.7222222222222222,False,False,False,0,False
2020,50,2020-12-07,Ciudad de México,CDMX,Escarlatina,6,boletin_pdf,10.5,8.225975119502044,26.951950239004088,-0.5470476064693478,False,False,False,0,False
2020,50,2020-12-07,Ciudad de México,CDMX,Rubeola,0,boletin_pdf,0.0,0.0,0.0,0.0,False,False,False,0,False
2020,50,2020-12-07,Ciudad de México,CDMX,Sarampion,0,boletin_pdf,0.0,0.0,0.0,0.0,False,False,False,0,False
2020,50,2020-12-07,Jalisco,Guadalajara,Erisipela,10,boletin_pdf,9.5,5.0,19.5,0.1,False,False,False,0,False
2020,50,2020-12-07,Jalisco,Guadalajara,Escarlatina,2,boletin_pdf,2.5,2.516611478423583,7.533222956847166,-0.1986798535597566,False,False,False,0,False
2020,50,2020-12-07,Jalisco,Guadalajara,Rubeola,0,boletin_pdf,0.0,0.0,0.0,0.0,False,False,False,0,False
2020,50,2020-12-07,Jalisco,Guadalajara,Sarampion,0,boletin_pdf,0.0,0.0,0.0,0.0,False,False,False,0,False
2020,50,2020-12-07,Nuevo León,Monterrey,Erisipela,20,boletin_pdf,78.0,12.328828005937952,102.6576560118759,-4.704421212792114,False,False,False,0,False
2020,50,2020-12-07,Nuevo León,Monterrey,Escarlatina,2,boletin_pdf,3.5,2.516611478423583,8.533222956847165,-0.5960395606792698,False,False,False,0,False
2020,50,2020-12-07,Nuevo León,Monterrey,Rubeola,0,boletin_pdf,0.0,0.0,0.0,0.0,False,False,False,0,False
2020,50,2020-12-07,Nuevo León,Monterrey,Sarampion,0,boletin_pdf,0.0,0.0,0.0,0.0,False,False,False,0,False
2020,51,2020-12-14,Ciudad de México,CDMX,Erisipela,10,boletin_pdf,6.5,5.972157622389639,18.444315244779276,0.5860528507952449,False,False,False,0,False
2020,51,2020-12-14,Ciudad de México,CDMX,Escarlatina,0,boletin_pdf,14.5,13.203534880225574,40.90706976045115,-1.0981907596363525,False,False,False,0,False
2020,51,2020-12-14,Ciudad de México,CDMX,Rubeola,0,boletin_pdf,0.0,0.0,0.0,0.0,False,False,False,0,False
2020,51,2020-12-14,Ciudad de México,CDMX,Sarampion,0,boletin_pdf,0.0,0.0,0.0,0.0,False,False,False,0,False
2020,51,2020-12-14,Jalisco,Guadalajara,Erisipela,2,boletin_pdf,6.0,4.320493798938574,14.640987597877148,-0.9258200997725514,False,False,False,0,False
2020,51,2020-12-14,Jalisco,Guadalajara,Escarlatina,0,boletin_pdf,9.0,6.6332495807108,22.2664991614216,-1.3568010505999364,False,False,False,0,False
2020,51,2020-12-14,Jalisco,Guadalajara,Rubeola,0,boletin_pdf,0.0,0.0,0.0,0.0,False,False,False,0,False
2020,51,2020-12-14,Jalisco,Guadalajara,Sarampion,0,boletin_pdf,0.0,0.0,0.0,0.0,False,False,False,0,False
2020,51,2020-12-14,Nuevo León,Monterrey,Erisipela,52,boletin_pdf,59.0,10.132456102380443,79.26491220476089,-0.6908492797077573,False,False,False,0,False
2020,51,2020-12-14,Nuevo León,Monterrey,Escarlatina,2,boletin_pdf,4.5,4.43471156521669,13.36942313043338,-0.5637345210021216,False,False,False,0,False
2020,51,2020-12-14,Nuevo León,Monterrey,Rubeola,0,boletin_pdf,0.0,0.0,0.0,0.0,False,False,False,0,False
2020,51,2020-12-14,Nuevo León,Monterrey,Sarampion,0,boletin_pdf,0.0,0.0,0.0,0.0,False,False,False,0,False
2020,52,2020-12-21,Ciudad de México,CDMX,Erisipela,2,boletin_pdf,5.5,3.7859388972001824,13.071877794400365,-0.924473451641905,False,False,False,0,False
2020,52,2020-12-21,Ciudad de México,CDMX,Escarlatina,2,boletin_pdf,10.5,11.474609652039003,33.44921930407801,-0.7407659395620116,False,False,False,0,False
2020,52,2020-12-21,Ciudad de México,CDMX,Rubeola,0,boletin_pdf,0.0,0.0,0.0,0.0,False,False,False,0,False
2020,52,2020-12-21,Ciudad de México,CDMX,Sarampion,0,boletin_pdf,0.0,0.0,0.0,0.0,False,False,False,0,False
2020,52,2020-12-21,Jalisco,Guadalajara,Erisipela,6,boletin_pdf,4.5,1.9148542155126762,8.329708431025352,0.7833494518006403,False,False,False,0,False
2020,52,2020-12-21,Jalisco,Guadalajara,Escarlatina,0,boletin_pdf,5.5,5.7445626465380295,16.989125293076057,-0.957427107756338,False,False,False,0,False
2020,52,2020-12-21,Jalisco,Guadalajara,Rubeola,0,boletin_pdf,0.0,0.0,0.0,0.0,False,False,False,0,False
2020,52,2020-12-21,Jalisco,Guadalajara,Sarampion,0,boletin_pdf,0.0,0.0,0.0,0.0,False,False,False,0,False
2020,52,2020-12-21,Nuevo León,Monterrey,Erisipela,34,boletin_pdf,50.5,15.351438586225939,81.20287717245188,-1.0748178359521698,False,False,False,0,False
2020,52,2020-12-21,Nuevo León,Monterrey,Escarlatina,0,boletin_pdf,9.0,12.701705922171767,34.40341184434354,-0.7085662394599952,False,False,False,0,False
2020,52,2020-12-21,Nuevo León,Monterrey,Rubeola,0,boletin_pdf,0.0,0.0,0.0,0.0,False,False,False,0,False
2020,52,2020-12-21,Nuevo León,Monterrey,Sarampion,0,boletin_pdf,0.0,0.0,0.0,0.0,False,False,False,0,False
2020,53,2020-12-28,Ciudad de México,CDMX,Erisipela,0,boletin_pdf,0.0,0.0,0.0,0.0,False,False,False,0,False
2020,53,2020-12-28,Ciudad de México,CDMX,Escarlatina,2,boletin_pdf,0.0,0.0,0.0,2.0,False,True,True,2,True
2020,53,2020-12-28,Ciudad de México,CDMX,Rubeola,0,boletin_pdf,0.0,0.0,0.0,0.0,False,False,False,0,False
2020,53,2020-12-28,Ciudad de México,CDMX,Sarampion,0,boletin_pdf,0.0,0.0,0.0,0.0,False,False,False,0,False
2020,53,2020-12-28,Jalisco,Guadalajara,Erisipela,2,boletin_pdf,0.0,0.0,0.0,2.0,False,True,True,2,True
2020,53,2020-12-28,Jalisco,Guadalajara,Escarlatina,0,boletin_pdf,0.0,0.0,0.0,0.0,False,False,False,0,False
2020,53,2020-12-28,Jalisco,Guadalajara,Rubeola,0,boletin_pdf,0.0,0.0,0.0,0.0,False,False,False,0,False
2020,53,2020-12-28,Jalisco,Guadalajara,Sarampion,0,boletin_pdf,0.0,0.0,0.0,0.0,False,False,False,0,False
2020,53,2020-12-28,Nuevo León,Monterrey,Erisipela,16,boletin_pdf,0.0,0.0,0.0,16.0,True,True,True,3,True
2020,53,2020-12-28,Nuevo León,Monterrey,Escarlatina,0,boletin_pdf,0.0,0.0,0.0,0.0,False,False,False,0,False
2020,53,2020-12-28,Nuevo León,Monterrey,Rubeola,0,boletin_pdf,0.0,0.0,0.0,0.0,False,False,False,0,False
2020,53,2020-12-28,Nuevo León,Monterrey,Sarampion,0,boletin_pdf,0.0,0.0,0.0,0.0,False,False,False,0,False
2021,1,2021-01-04,Ciudad de México,CDMX,Erisipela,1,boletin_pdf,3.0,6.0,15.0,-0.3333333333333333,False,False,False,0,False
2021,1,2021-01-04,Ciudad de México,CDMX,Escarlatina,0,boletin_pdf,2.0,2.8284271247461903,7.656854249492381,-0.7071067811865475,False,False,False,0,False
2021,1,2021-01-04,Ciudad de México,CDMX,Rubeola,0,boletin_pdf,0.0,0.0,0.0,0.0,False,False,False,0,False
2021,1,2021-01-04,Ciudad de México,CDMX,Sarampion,0,boletin_pdf,0.0,0.0,0.0,0.0,False,False,False,0,False
2021,1,2021-01-04,Jalisco,Guadalajara,Erisipela,2,boletin_pdf,6.0,4.898979485566356,15.797958971132712,-0.8164965809277261,False,False,False,0,False
2021,1,2021-01-04,Jalisco,Guadalajara,Escarlatina,1,boletin_pdf,3.0,2.5819888974716108,8.163977794943222,-0.7745966692414835,False,False,False,0,False
2021,1,2021-01-04,Jalisco,Guadalajara,Rubeola,0,boletin_pdf,0.0,0.0,0.0,0.0,False,False,False,0,False
2021,1,2021-01-04,Jalisco,Guadalajara,Sarampion,0,boletin_pdf,0.0,0.0,0.0,0.0,False,False,False,0,False
2021,1,2021-01-04,Nuevo León,Monterrey,Erisipela,18,boletin_pdf,51.5,20.6801031589948,92.8602063179896,-1.619914549866701,False,False,False,0,False
2021,1,2021-01-04,Nuevo León,Monterrey,Escarlatina,0,boletin_pdf,5.5,5.7445626465380295,16.989125293076057,-0.957427107756338,False,False,False,0,False
2021,1,2021-01-04,Nuevo León,Monterrey,Rubeola,0,boletin_pdf,0.0,0.0,0.0,0.0,False,False,False,0,False
2021,1,2021-01-04,Nuevo León,Monterrey,Sarampion,0,boletin_pdf,0.0,0.0,0.0,0.0,False,False,False,0,False
2021,2,2021-01-11,Ciudad de México,CDMX,Erisipela,9,boletin_pdf,4.5,5.744562646538029,15.989125293076057,0.7833494518006403,False,False,False,0,False
2021,2,2021-01-11,Ciudad de México,CDMX,Escarlatina,0,boletin_pdf,2.5,3.785938897200182,10.071877794400365,-0.6603381797442179,False,False,False,0,False
2021,2,2021-01-11,Ciudad de México,CDMX,Rubeola,0,boletin_pdf,0.0,0.0,0.0,0.0,False,False,False,0,False
2021,2,2021-01-11,Ciudad de México,CDMX,Sarampion,0,boletin_pdf,0.0,0.0,0.0,0.0,False,False,False,0,False
2021,2,2021-01-11,Jalisco,Guadalajara,Erisipela,1,boletin_pdf,7.0,4.163331998932265,15.32666399786453,-1.4411533842457842,False,False,False,0,False
2021,2,2021-01-11,Jalisco,Guadalajara,Escarlatina,0,boletin_pdf,8.0,3.265986323710904,14.531972647421808,-2.449489742783178,False,False,False,0,False
2021,2,2021-01-11,Jalisco,Guadalajara,Rubeola,0,boletin_pdf,0.0,0.0,0.0,0.0,False,False,False,0,False
2021,2,2021-01-11,Jalisco,Guadalajara,Sarampion,0,boletin_pdf,0.0,0.0,0.0,0.0,False,False,False,0,False
2021,2,2021-01-11,Nuevo León,Monterrey,Erisipela,15,boletin_pdf,61.0,9.309493362512628,79.61898672502525,-4.941192630872087,False,False,False,0,False
2021,2,2021-01-11,Nuevo León,Monterrey,Escarlatina,0,boletin_pdf,1.5,1.0,3.5,-1.5,False,False,False,0,False
2021,2,2021-01-11,Nuevo León,Monterrey,Rubeola,0,boletin_pdf,0.0,0.0,0.0,0.0,False,False,False,0,False
2021,2,2021-01-11,Nuevo León,Monterrey,Sarampion,0,boletin_pdf,0.0,0.0,0.0,0.0,False,False,False,0,False
2021,3,2021-01-18,Ciudad de México,CDMX,Erisipela,3,boletin_pdf,5.0,5.773502691896257,16.547005383792516,-0.34641016151377546,False,False,False,0,False
2021,3,2021-01-18,Ciudad de México,CDMX,Escarlatina,0,boletin_pdf,3.5,5.744562646538029,14.989125293076057,-0.6092717958449424,False,False,False,0,False
2021,3,2021-01-18,Ciudad de México,CDMX,Rubeola,0,boletin_pdf,0.0,0.0,0.0,0.0,False,False,False,0,False
2021,3,2021-01-18,Ciudad de México,CDMX,Sarampion,0,boletin_pdf,0.0,0.0,0.0,0.0,False,False,False,0,False
2021,3,2021-01-18,Jalisco,Guadalajara,Erisipela,0,boletin_pdf,6.0,4.0,14.0,-1.5,False,False,False,0,False
2021,3,2021-01-18,Jalisco,Guadalajara,Escarlatina,0,boletin_pdf,6.5,2.9999999999999996,12.5,-2.166666666666667,False,False,False,0,False
2021,3,2021-01-18,Jalisco,Guadalajara,Rubeola,0,boletin_pdf,0.0,0.0,0.0,0.0,False,False,False,0,False
2021,3,2021-01-18,Jalisco,Guadalajara,Sarampion,0,boletin_pdf,0.0,0.0,0.0,0.0,False,False,False,0,False
2021,3,2021-01-18,Nuevo León,Monterrey,Erisipela,10,boletin_pdf,77.0,16.77299416721217,110.54598833442434,-3.9945163834237496,False,False,False,0,False
2021,3,2021-01-18,Nuevo León,Monterrey,Escarlatina,0,boletin_pdf,4.0,2.8284271247461903,9.65685424949238,-1.414213562373095,False,False,False,0,False
2021,3,2021-01-18,Nuevo León,Monterrey,Rubeola,0,boletin_pdf,0.0,0.0,0.0,0.0,False,False,False,0,False
2021,3,2021-01-18,Nuevo León,Monterrey,Sarampion,0,boletin_pdf,0.0,0.0,0.0,0.0,False,False,False,0,False
2021,4,2021-01-25,Ciudad de México,CDMX,Erisipela,2,boletin_pdf,4.5,6.60807586719967,17.71615173439934,-0.3783249542289887,False,False,False,0,False
2021,4,2021-01-25,Ciudad de México,CDMX,Escarlatina,2,boletin_pdf,6.0,6.928203230275509,19.856406460551018,-0.5773502691896258,False,False,False,0,False
2021,4,2021-01-25,Ciudad de México,CDMX,Rubeola,0,boletin_pdf,0.0,0.0,0.0,0.0,False,False,False,0,False
2021,4,2021-01-25,Ciudad de México,CDMX,Sarampion,0,boletin_pdf,0.0,0.0,0.0,0.0,False,False,False,0,False
2021,4,2021-01-25,Jalisco,Guadalajara,Erisipela,1,boletin_pdf,9.0,3.8297084310253524,16.659416862050705,-2.088931871468374,False,False,False,0,False
2021,4,2021-01-25,Jalisco,Guadalajara,Escarlatina,3,boletin_pdf,5.0,3.8297084310253524,12.659416862050705,-0.5222329678670935,False,False,False,0,False
2021,4,2021-01-25,Jalisco,Guadalajara,Rubeola,0,boletin_pdf,0.0,0.0,0.0,0.0,False,False,False,0,False
2021,4,2021-01-25,Jalisco,Guadalajara,Sarampion,0,boletin_pdf,0.0,0.0,0.0,0.0,False,False,False,0,False
2021,4,2021-01-25,Nuevo León,Monterrey,Erisipela,7,boletin_pdf,55.5,5.507570547286103,66.5151410945722,-8.806060600331074,False,False,False,0,False
2021,4,2021-01-25,Nuevo León,Monterrey,Escarlatina,0,boletin_pdf,4.0,4.320493798938574,12.640987597877148,-0.9258200997725514,False,False,False,0,False
2021,4,2021-01-25,Nuevo León,Monterrey,Rubeola,0,boletin_pdf,0.0,0.0,0.0,0.0,False,False,False,0,False
2021,4,2021-01-25,Nuevo León,Monterrey,Sarampion,0,boletin_pdf,0.0,0.0,0.0,0.0,False,False,False,0,False
2021,5,2021-02-01,Ciudad de México,CDMX,Erisipela,1,boletin_pdf,6.5,8.54400374531753,23.58800749063506,-0.6437263095787181,False,False,False,0,False
2021,5,2021-02-01,Ciudad de México,CDMX,Escarlatina,3,boletin_pdf,8.0,10.456258094238748,28.912516188477497,-0.4781825347975037,False,False,False,0,False
2021,5,2021-02-01,Ciudad de México,CDMX,Rubeola,0,boletin_pdf,0.0,0.0,0.0,0.0,False,False,False,0,False
2021,5,2021-02-01,Ciudad de México,CDMX,Sarampion,0,boletin_pdf,0.0,0.0,0.0,0.0,False,False,False,0,False
2021,5,2021-02-01,Jalisco,Guadalajara,Erisipela,3,boletin_pdf,8.0,3.6514837167011076,15.302967433402216,-1.3693063937629153,False,False,False,0,False
2021,5,2021-02-01,Jalisco,Guadalajara,Escarlatina,0,boletin_pdf,5.0,3.4641016151377544,11.928203230275509,-1.4433756729740645,False,False,False,0,False
2021,5,2021-02-01,Jalisco,Guadalajara,Rubeola,0,boletin_pdf,0.0,0.0,0.0,0.0,False,False,False,0,False
2021,5,2021-02-01,Jalisco,Guadalajara,Sarampion,0,boletin_pdf,0.0,0.0,0.0,0.0,False,False,False,0,False
2021,5,2021-02-01,Nuevo León,Monterrey,Erisipela,12,boletin_pdf,69.0,7.745966692414834,84.49193338482966,-7.358668357794092,False,False,False,0,False
2021,5,2021-02-01,Nuevo León,Monterrey,Escarlatina,0,boletin_pdf,5.0,2.0,9.0,-2.5,False,False,False,0,False
2021,5,2021-02-01,Nuevo León,Monterrey,Rubeola,0,boletin_pdf,0.0,0.0,0.0,0.0,False,False,False,0,False
2021,5,2021-02-01,Nuevo León,Monterrey,Sarampion,0,boletin_pdf,0.0,0.0,0.0,0.0,False,False,False,0,False
2021,6,2021-02-08,Ciudad de México,CDMX,Erisipela,2,boletin_pdf,8.0,9.797958971132712,27.595917942265423,-0.6123724356957946,False,False,False,0,False
2021,6,2021-02-08,Ciudad de México,CDMX,Escarlatina,0,boletin_pdf,9.0,10.519822558706334,30.039645117412668,-0.8555277382080452,False,False,False,0,False
2021,6,2021-02-08,Ciudad de México,CDMX,Rubeola,0,boletin_pdf,0.0,0.0,0.0,0.0,False,False,False,0,False
2021,6,2021-02-08,Ciudad de México,CDMX,Sarampion,0,SEFE_pdf,0.0,0.0,0.0,0.0,False,False,False,0,False
2021,6,2021-02-08,Jalisco,Guadalajara,Erisipela,2,boletin_pdf,3.5,1.9148542155126762,7.329708431025352,-0.7833494518006403,False,False,False,0,False
2021,6,2021-02-08,Jalisco,Guadalajara,Escarlatina,0,boletin_pdf,5.5,1.9148542155126762,9.329708431025352,-2.8722813232690143,False,False,False,0,False
2021,6,2021-02-08,Jalisco,Guadalajara,Rubeola,0,boletin_pdf,0.0,0.0,0.0,0.0,False,False,False,0,False
2021,6,2021-02-08,Jalisco,Guadalajara,Sarampion,0,SEFE_pdf,0.0,0.0,0.0,0.0,False,False,False,0,False
2021,6,2021-02-08,Nuevo León,Monterrey,Erisipela,12,boletin_pdf,69.5,9.71253485622231,88.92506971244462,-5.920184673845754,False,False,False,0,False
2021,6,2021-02-08,Nuevo León,Monterrey,Escarlatina,1,boletin_pdf,5.5,4.123105625617661,13.746211251235321,-1.0914103126634984,False,False,False,0,False
2021,6,2021-02-08,Nuevo León,Monterrey,Rubeola,0,boletin_pdf,0.0,0.0,0.0,0.0,False,False,False,0,False
2021,6,2021-02-08,Nuevo León,Monterrey,Sarampion,0,SEFE_pdf,0.0,0.0,0.0,0.0,False,False,False,0,False
2021,7,2021-02-15,Ciudad de México,CDMX,Erisipela,5,boletin_pdf,5.0,6.6332495807108,18.2664991614216,0.0,False,False,False,0,False
2021,7,2021-02-15,Ciudad de México,CDMX,Escarlatina,2,boletin_pdf,5.0,6.6332495807108,18.2664991614216,-0.45226701686664544,False,False,False,0,False
2021,7,2021-02-15,Ciudad de México,CDMX,Rubeola,0,boletin_pdf,0.0,0.0,0.0,0.0,False,False,False,0,False
2021,7,2021-02-15,Ciudad de México,CDMX,Sarampion,0,boletin_pdf,0.0,0.0,0.0,0.0,False,False,False,0,False
2021,7,2021-02-15,Jalisco,Guadalajara,Erisipela,1,boletin_pdf,8.0,3.6514837167011076,15.302967433402216,-1.9170289512680814,False,False,False,0,False
2021,7,2021-02-15,Jalisco,Guadalajara,Escarlatina,0,boletin_pdf,5.0,2.581988897471611,10.163977794943222,-1.9364916731037085,False,False,False,0,False
2021,7,2021-02-15,Jalisco,Guadalajara,Rubeola,0,boletin_pdf,0.0,0.0,0.0,0.0,False,False,False,0,False
2021,7,2021-02-15,Jalisco,Guadalajara,Sarampion,0,boletin_pdf,0.0,0.0,0.0,0.0,False,False,False,0,False
2021,7,2021-02-15,Nuevo León,Monterrey,Erisipela,11,boletin_pdf,72.5,13.79613472438325,100.0922694487665,-4.457770326880403,False,False,False,0,False
2021,7,2021-02-15,Nuevo León,Monterrey,Escarlatina,0,boletin_pdf,7.0,6.6332495807108,20.2664991614216,-1.0552897060221726,False,False,False,0,False
2021,7,2021-02-15,Nuevo León,Monterrey,Rubeola,0,boletin_pdf,0.0,0.0,0.0,0.0,False,False,False,0,False
2021,7,2021-02-15,Nuevo León,Monterrey,Sarampion,0,boletin_pdf,0.0,0.0,0.0,0.0,False,False,False,0,False
2021,8,2021-02-22,Ciudad de México,CDMX,Erisipela,1,boletin_pdf,10.0,12.000000000000002,34.0,-0.7499999999999999,False,False,False,0,False
2021,8,2021-02-22,Ciudad de México,CDMX,Escarlatina,0,boletin_pdf,6.0,9.521904571390465,25.04380914278093,-0.6301260378126046,False,False,False,0,False
2021,8,2021-02-22,Ciudad de México,CDMX,Rubeola,0,boletin_pdf,0.0,0.0,0.0,0.0,False,False,False,0,False
2021,8,2021-02-22,Ciudad de México,CDMX,Sarampion,0,boletin_pdf,0.0,0.0,0.0,0.0,False,False,False,0,False
2021,8,2021-02-22,Jalisco,Guadalajara,Erisipela,1,boletin_pdf,7.0,4.760952285695233,16.521904571390465,-1.260252075625209,False,False,False,0,False
2021,8,2021-02-22,Jalisco,Guadalajara,Escarlatina,2,boletin_pdf,6.0,4.320493798938574,14.640987597877148,-0.9258200997725514,False,False,False,0,False
2021,8,2021-02-22,Jalisco,Guadalajara,Rubeola,0,boletin_pdf,0.0,0.0,0.0,0.0,False,False,False,0,False
2021,8,2021-02-22,Jalisco,Guadalajara,Sarampion,0,boletin_pdf,0.0,0.0,0.0,0.0,False,False,False,0,False
2021,8,2021-02-22,Nuevo León,Monterrey,Erisipela,12,boletin_pdf,79.0,21.19748412744619,121.39496825489238,-3.160752455205256,False,False,False,0,False
2021,8,2021-02-22,Nuevo León,Monterrey,Escarlatina,1,boletin_pdf,7.0,4.760952285695232,16.521904571390465,-1.2602520756252091,False,False,False,0,False
2021,8,2021-02-22,Nuevo León,Monterrey,Rubeola,0,boletin_pdf,0.0,0.0,0.0,0.0,False,False,False,0,False
2021,8,2021-02-22,Nuevo León,Monterrey,Sarampion,0,boletin_pdf,0.0,0.0,0.0,0.0,False,False,False,0,False
2021,9,2021-03-01,Ciudad de México,CDMX,Erisipela,0,boletin_pdf,7.5,10.376254944182254,28.252509888364507,-0.72280413697864,False,False,False,0,False
2021,9,2021-03-01,Ciudad de México,CDMX,Escarlatina,2,boletin_pdf,9.5,11.704699910719626,32.90939982143925,-0.6407682432875706,False,False,False,0,False
2021,9,2021-03-01,Ciudad de México,CDMX,Rubeola,0,boletin_pdf,0.0,0.0,0.0,0.0,False,False,False,0,False
2021,9,2021-03-01,Ciudad de México,CDMX,Sarampion,0,SEFE_pdf,0.0,0.0,0.0,0.0,False,False,False,0,False
2021,9,2021-03-01,Jalisco,Guadalajara,Erisipela,0,boletin_pdf,6.5,3.415650255319866,13.331300510639732,-1.9030051422496397,False,False,False,0,False
2021,9,2021-03-01,Jalisco,Guadalajara,Escarlatina,2,boletin_pdf,5.5,3.415650255319866,12.331300510639732,-1.02469507659596,False,False,False,0,False
2021,9,2021-03-01,Jalisco,Guadalajara,Rubeola,0,boletin_pdf,0.0,0.0,0.0,0.0,False,False,False,0,False
2021,9,2021-03-01,Jalisco,Guadalajara,Sarampion,0,SEFE_pdf,0.0,0.0,0.0,0.0,False,False,False,0,False
2021,9,2021-03-01,Nuevo León,Monterrey,Erisipela,31,boletin_pdf,91.5,22.8837642591132,137.2675285182264,-2.6437958071477055,False,False,False,0,False
2021,9,2021-03-01,Nuevo León,Monterrey,Escarlatina,0,boletin_pdf,6.5,4.123105625617661,14.746211251235321,-1.5764815627361644,False,False,False,0,False
2021,9,2021-03-01,Nuevo León,Monterrey,Rubeola,0,boletin_pdf,0.0,0.0,0.0,0.0,False,False,False,0,False
2021,9,2021-03-01,Nuevo León,Monterrey,Sarampion,0,SEFE_pdf,0.0,0.0,0.0,0.0,False,False,False,0,False
2021,10,2021-03-08,Ciudad de México,CDMX,Erisipela,3,boletin_pdf,5.5,4.123105625617661,13.746211251235321,-0.6063390625908325,False,False,False,0,False
2021,10,2021-03-08,Ciudad de México,CDMX,Escarlatina,0,boletin_pdf,18.5,14.45683229480096,47.41366458960192,-1.279671758152238,False,False,False,0,False
2021,10,2021-03-08,Ciudad de México,CDMX,Rubeola,0,boletin_pdf,0.0,0.0,0.0,0.0,False,False,False,0,False
2021,10,2021-03-08,Ciudad de México,CDMX,Sarampion,0,boletin_pdf,0.0,0.0,0.0,0.0,False,False,False,0,False
2021,10,2021-03-08,Jalisco,Guadalajara,Erisipela,1,boletin_pdf,9.5,1.9148542155126764,13.329708431025352,-4.438980226870294,False,False,False,0,False
2021,10,2021-03-08,Jalisco,Guadalajara,Escarlatina,0,boletin_pdf,4.5,2.516611478423583,9.533222956847165,-1.7881186820378092,False,False,False,0,False
2021,10,2021-03-08,Jalisco,Guadalajara,Rubeola,0,boletin_pdf,0.0,0.0,0.0,0.0,False,False,False,0,False
2021,10,2021-03-08,Jalisco,Guadalajara,Sarampion,0,boletin_pdf,0.0,0.0,0.0,0.0,False,False,False,0,False
2021,10,2021-03-08,Nuevo León,Monterrey,Erisipela,17,boletin_pdf,89.5,17.0,123.5,-4.264705882352941,False,False,False,0,False
2021,10,2021-03-08,Nuevo León,Monterrey,Escarlatina,0,boletin_pdf,9.5,9.0,27.5,-1.0555555555555556,False,False,False,0,False
2021,10,2021-03-08,Nuevo León,Monterrey,Rubeola,0,boletin_pdf,0.0,0.0,0.0,0.0,False,False,False,0,False
2021,10,2021-03-08,Nuevo León,Monterrey,Sarampion,0,boletin_pdf,0.0,0.0,0.0,0.0,False,False,False,0,False
2021,11,2021-03-15,Ciudad de México,CDMX,Erisipela,4,boletin_pdf,16.0,10.954451150103322,37.90890230020665,-1.0954451150103321,False,False,False,0,False
2021,11,2021-03-15,Ciudad de México,CDMX,Escarlatina,0,boletin_pdf,20.0,13.856406460551018,47.712812921102035,-1.4433756729740645,False,False,False,0,False
2021,11,2021-03-15,Ciudad de México,CDMX,Rubeola,0,boletin_pdf,0.0,0.0,0.0,0.0,False,False,False,0,False
2021,11,2021-03-15,Ciudad de México,CDMX,Sarampion,0,boletin_pdf,0.0,0.0,0.0,0.0,False,False,False,0,False
2021,11,2021-03-15,Jalisco,Guadalajara,Erisipela,2,boletin_pdf,7.5,4.725815626252609,16.951631252505216,-1.163820266166687,False,False,False,0,False
2021,11,2021-03-15,Jalisco,Guadalajara,Escarlatina,0,boletin_pdf,5.5,4.725815626252608,14.951631252505216,-1.1638202661666872,False,False,False,0,False
2021,11,2021-03-15,Jalisco,Guadalajara,Rubeola,0,boletin_pdf,0.0,0.0,0.0,0.0,False,False,False,0,False
2021,11,2021-03-15,Jalisco,Guadalajara,Sarampion,0,boletin_pdf,0.0,0.0,0.0,0.0,False,False,False,0,False
2021,11,2021-03-15,Nuevo León,Monterrey,Erisipela,24,boletin_pdf,74.0,9.521904571390467,93.04380914278093,-5.2510503151050365,False,False,False,0,False
2021,11,2021-03-15,Nuevo León,Monterrey,Escarlatina,0,boletin_pdf,5.0,4.760952285695233,14.521904571390467,-1.0502100630210074,False,False,False,0,False
2021,11,2021-03-15,Nuevo León,Monterrey,Rubeola,0,boletin_pdf,0.0,0.0,0.0,0.0,False,False,False,0,False
2021,11,2021-03-15,Nuevo León,Monterrey,Sarampion,0,boletin_pdf,0.0,0.0,0.0,0.0,False,False,False,0,False
2021,12,2021-03-22,Ciudad de México,CDMX,Erisipela,4,boletin_pdf,11.0,9.865765724632494,30.73153144926499,-0.7095242473194603,False,False,False,0,False
2021,12,2021-03-22,Ciudad de México,CDMX,Escarlatina,0,boletin_pdf,20.5,15.864005379054394,52.22801075810879,-1.2922335507441656,False,False,False,0,False
2021,12,2021-03-22,Ciudad de México,CDMX,Rubeola,0,boletin_pdf,0.0,0.0,0.0,0.0,False,False,False,0,False
2021,12,2021-03-22,Ciudad de México,CDMX,Sarampion,0,boletin_pdf,0.0,0.0,0.0,0.0,False,False,False,0,False
2021,12,2021-03-22,Jalisco,Guadalajara,Erisipela,2,boletin_pdf,10.5,6.60807586719967,23.71615173439934,-1.2863048443785616,False,False,False,0,False
2021,12,2021-03-22,Jalisco,Guadalajara,Escarlatina,2,boletin_pdf,5.0,6.2182527020592095,17.43650540411842,-0.4824506406770077,False,False,False,0,False
2021,12,2021-03-22,Jalisco,Guadalajara,Rubeola,0,boletin_pdf,0.0,0.0,0.0,0.0,False,False,False,0,False
2021,12,2021-03-22,Jalisco,Guadalajara,Sarampion,0,boletin_pdf,0.0,0.0,0.0,0.0,False,False,False,0,False
2021,12,2021-03-22,Nuevo León,Monterrey,Erisipela,26,boletin_pdf,81.0,16.852299546352715,114.70459909270542,-3.2636495600330973,False,False,False,0,False
2021,12,2021-03-22,Nuevo León,Monterrey,Escarlatina,0,boletin_pdf,11.0,11.604596790352806,34.209193580705616,-0.9479002328753531,False,False,False,0,False
2021,12,2021-03-22,Nuevo León,Monterrey,Rubeola,0,boletin_pdf,0.0,0.0,0.0,0.0,False,False,False,0,False
2021,12,2021-03-22,Nuevo León,Monterrey,Sarampion,0,boletin_pdf,0.0,0.0,0.0,0.0,False,False,False,0,False
2021,13,2021-03-29,Ciudad de México,CDMX,Erisipela,4,boletin_pdf,9.5,7.54983443527075,24.5996688705415,-0.7284927963857741,False,False,False,0,False
2021,13,2021-03-29,Ciudad de México,CDMX,Escarlatina,3,boletin_pdf,18.0,15.05545305418162,48.11090610836324,-0.9963167462326072,False,False,False,0,False
2021,13,2021-03-29,Ciudad de México,CDMX,Rubeola,0,boletin_pdf,0.0,0.0,0.0,0.0,False,False,False,0,False
2021,13,2021-03-29,Ciudad de México,CDMX,Sarampion,0,boletin_pdf,0.0,0.0,0.0,0.0,False,False,False,0,False
2021,13,2021-03-29,Jalisco,Guadalajara,Erisipela,4,boletin_pdf,13.0,3.4641016151377544,19.928203230275507,-2.598076211353316,False,False,False,0,False
2021,13,2021-03-29,Jalisco,Guadalajara,Escarlatina,1,boletin_pdf,5.5,6.191391873668904,17.882783747337808,-0.7268155677785234,False,False,False,0,False
2021,13,2021-03-29,Jalisco,Guadalajara,Rubeola,0,boletin_pdf,0.0,0.0,0.0,0.0,False,False,False,0,False
2021,13,2021-03-29,Jalisco,Guadalajara,Sarampion,0,boletin_pdf,0.0,0.0,0.0,0.0,False,False,False,0,False
2021,13,2021-03-29,Nuevo León,Monterrey,Erisipela,28,boletin_pdf,72.5,36.71057976478534,145.92115952957067,-1.2121846150380515,False,False,False,0,False
2021,13,2021-03-29,Nuevo León,Monterrey,Escarlatina,0,boletin_pdf,6.0,1.632993161855452,9.265986323710905,-3.6742346141747673,False,False,False,0,False
2021,13,2021-03-29,Nuevo León,Monterrey,Rubeola,0,boletin_pdf,0.0,0.0,0.0,0.0,False,False,False,0,False
2021,13,2021-03-29,Nuevo León,Monterrey,Sarampion,0,boletin_pdf,0.0,0.0,0.0,0.0,False,False,False,0,False
2021,14,2021-04-05,Ciudad de México,CDMX,Erisipela,1,boletin_pdf,8.0,7.483314773547883,22.966629547095764,-0.9354143466934853,False,False,False,0,False
2021,14,2021-04-05,Ciudad de México,CDMX,Escarlatina,1,boletin_pdf,19.5,15.609825965290794,50.71965193058159,-1.1851509453811753,False,False,False,0,False
2021,14,2021-04-05,Ciudad de México,CDMX,Rubeola,0,boletin_pdf,0.0,0.0,0.0,0.0,False,False,False,0,False
2021,14,2021-04-05,Ciudad de México,CDMX,Sarampion,0,SEFE_pdf,0.0,0.0,0.0,0.0,False,False,False,0,False
2021,14,2021-04-05,Jalisco,Guadalajara,Erisipela,1,boletin_pdf,8.0,5.887840577551898,19.775681155103797,-1.1888908858518257,False,False,False,0,False
2021,14,2021-04-05,Jalisco,Guadalajara,Escarlatina,1,boletin_pdf,6.0,5.656854249492381,17.31370849898476,-0.8838834764831843,False,False,False,0,False
2021,14,2021-04-05,Jalisco,Guadalajara,Rubeola,0,boletin_pdf,0.0,0.0,0.0,0.0,False,False,False,0,False
2021,14,2021-04-05,Jalisco,Guadalajara,Sarampion,0,SEFE_pdf,0.0,0.0,0.0,0.0,False,False,False,0,False
2021,14,2021-04-05,Nuevo León,Monterrey,Erisipela,22,boletin_pdf,92.0,33.94112549695428,159.88225099390854,-2.0623947784607637,False,False,False,0,False
2021,14,2021-04-05,Nuevo León,Monterrey,Escarlatina,0,boletin_pdf,5.0,3.4641016151377544,11.928203230275509,-1.4433756729740645,False,False,False,0,False
2021,14,2021-04-05,Nuevo León,Monterrey,Rubeola,0,boletin_pdf,0.0,0.0,0.0,0.0,False,False,False,0,False
2021,14,2021-04-05,Nuevo León,Monterrey,Sarampion,0,SEFE_pdf,0.0,0.0,0.0,0.0,False,False,False,0,False
2021,15,2021-04-12,Ciudad de México,CDMX,Erisipela,5,boletin_pdf,13.5,18.138357147217054,49.77671429443411,-0.4686201694569756,False,False,False,0,False
2021,15,2021-04-12,Ciudad de México,CDMX,Escarlatina,1,boletin_pdf,14.5,11.0,36.5,-1.2272727272727273,False,False,False,0,False
2021,15,2021-04-12,Ciudad de México,CDMX,Rubeola,0,boletin_pdf,0.0,0.0,0.0,0.0,False,False,False,0,False
2021,15,2021-04-12,Ciudad de México,CDMX,Sarampion,0,boletin_pdf,0.0,0.0,0.0,0.0,False,False,False,0,False
2021,15,2021-04-12,Jalisco,Guadalajara,Erisipela,0,boletin_pdf,9.5,4.123105625617661,17.746211251235323,-2.3040884378451634,False,False,False,0,False
2021,15,2021-04-12,Jalisco,Guadalajara,Escarlatina,2,boletin_pdf,7.0,5.773502691896258,18.547005383792516,-0.8660254037844386,False,False,False,0,False
2021,15,2021-04-12,Jalisco,Guadalajara,Rubeola,0,boletin_pdf,0.0,0.0,0.0,0.0,False,False,False,0,False
2021,15,2021-04-12,Jalisco,Guadalajara,Sarampion,0,boletin_pdf,0.0,0.0,0.0,0.0,False,False,False,0,False
2021,15,2021-04-12,Nuevo León,Monterrey,Erisipela,22,boletin_pdf,93.5,11.0,115.5,-6.5,False,False,False,0,False
2021,15,2021-04-12,Nuevo León,Monterrey,Escarlatina,0,boletin_pdf,17.0,13.71130920080209,44.42261840160418,-1.2398524277321037,False,False,False,0,False
2021,15,2021-04-12,Nuevo León,Monterrey,Rubeola,0,boletin_pdf,0.0,0.0,0.0,0.0,False,False,False,0,False
2021,15,2021-04-12,Nuevo León,Monterrey,Sarampion,0,boletin_pdf,0.0,0.0,0.0,0.0,False,False,False,0,False
2021,16,2021-04-19,Ciudad de México,CDMX,Erisipela,2,boletin_pdf,8.0,5.41602560309064,18.83205120618128,-1.1078234188139946,False,False,False,0,False
2021,16,2021-04-19,Ciudad de México,CDMX,Escarlatina,4,boletin_pdf,20.0,13.856406460551018,47.712812921102035,-1.1547005383792517,False,False,False,0,False
2021,16,2021-04-19,Ciudad de México,CDMX,Rubeola,0,boletin_pdf,0.0,0.0,0.0,0.0,False,False,False,0,False
2021,16,2021-04-19,Ciudad de México,CDMX,Sarampion,0,boletin_pdf,0.0,0.0,0.0,0.0,False,False,False,0,False
2021,16,2021-04-19,Jalisco,Guadalajara,Erisipela,6,boletin_pdf,8.5,6.60807586719967,21.71615173439934,-0.3783249542289887,False,False,False,0,False
2021,16,2021-04-19,Jalisco,Guadalajara,Escarlatina,0,boletin_pdf,4.0,1.632993161855452,7.265986323710904,-2.449489742783178,False,False,False,0,False
2021,16,2021-04-19,Jalisco,Guadalajara,Rubeola,0,boletin_pdf,0.0,0.0,0.0,0.0,False,False,False,0,False
2021,16,2021-04-19,Jalisco,Guadalajara,Sarampion,0,boletin_pdf,0.0,0.0,0.0,0.0,False,False,False,0,False
2021,16,2021-04-19,Nuevo León,Monterrey,Erisipela,28,boletin_pdf,94.0,16.08311744241976,126.16623488483953,-4.103682027833907,False,False,False,0,False
2021,16,2021-04-19,Nuevo León,Monterrey,Escarlatina,0,boletin_pdf,10.0,8.16496580927726,26.32993161855452,-1.224744871391589,False,False,False,0,False
2021,16,2021-04-19,Nuevo León,Monterrey,Rubeola,0,boletin_pdf,0.0,0.0,0.0,0.0,False,False,False,0,False
2021,16,2021-04-19,Nuevo León,Monterrey,Sarampion,0,boletin_pdf,0.0,0.0,0.0,0.0,False,False,False,0,False
2021,17,2021-04-26,Ciudad de México,CDMX,Erisipela,5,boletin_pdf,10.0,8.485281374238571,26.970562748477143,-0.5892556509887895,False,False,False,0,False
2021,17,2021-04-26,Ciudad de México,CDMX,Escarlatina,1,boletin_pdf,18.5,12.583057392117917,43.66611478423583,-1.3907589749182958,False,False,False,0,False
2021,17,2021-04-26,Ciudad de México,CDMX,Rubeola,0,boletin_pdf,0.0,0.0,0.0,0.0,False,False,False,0,False
2021,17,2021-04-26,Ciudad de México,CDMX,Sarampion,0,boletin_pdf,0.0,0.0,0.0,0.0,False,False,False,0,False
2021,17,2021-04-26,Jalisco,Guadalajara,Erisipela,1,boletin_pdf,9.0,6.2182527020592095,21.43650540411842,-1.2865350418053538,False,False,False,0,False
2021,17,2021-04-26,Jalisco,Guadalajara,Escarlatina,0,boletin_pdf,5.0,4.163331998932265,13.32666399786453,-1.2009611535381535,False,False,False,0,False
2021,17,2021-04-26,Jalisco,Guadalajara,Rubeola,0,boletin_pdf,0.0,0.0,0.0,0.0,False,False,False,0,False
2021,17,2021-04-26,Jalisco,Guadalajara,Sarampion,0,boletin_pdf,0.0,0.0,0.0,0.0,False,False,False,0,False
2021,17,2021-04-26,Nuevo León,Monterrey,Erisipela,18,boletin_pdf,79.5,25.73583752927682,130.97167505855364,-2.3896638269509682,False,False,False,0,False
2021,17,2021-04-26,Nuevo León,Monterrey,Escarlatina,0,boletin_pdf,11.0,5.291502622129181,21.583005244258363,-2.0788046015507495,False,False,False,0,False
2021,17,2021-04-26,Nuevo León,Monterrey,Rubeola,0,boletin_pdf,0.0,0.0,0.0,0.0,False,False,False,0,False
2021,17,2021-04-26,Nuevo León,Monterrey,Sarampion,0,boletin_pdf,0.0,0.0,0.0,0.0,False,False,False,0,False
2021,18,2021-05-03,Ciudad de México,CDMX,Erisipela,4,boletin_pdf,10.5,8.54400374531753,27.58800749063506,-0.7607674567748487,False,False,False,0,False
2021,18,2021-05-03,Ciudad de México,CDMX,Escarlatina,2,boletin_pdf,15.0,10.893423092245461,36.786846184490926,-1.1933806196561039,False,False,False,0,False
2021,18,2021-05-03,Ciudad de México,CDMX,Rubeola,0,boletin_pdf,0.0,0.0,0.0,0.0,False,False,False,0,False
2021,18,2021-05-03,Ciudad de México,CDMX,Sarampion,0,SEFE_pdf,0.0,0.0,0.0,0.0,False,False,False,0,False
2021,18,2021-05-03,Jalisco,Guadalajara,Erisipela,4,boletin_pdf,4.0,3.6514837167011076,11.302967433402216,0.0,False,False,False,0,False
2021,18,2021-05-03,Jalisco,Guadalajara,Escarlatina,0,boletin_pdf,4.0,5.656854249492381,15.313708498984761,-0.7071067811865475,False,False,False,0,False
2021,18,2021-05-03,Jalisco,Guadalajara,Rubeola,0,boletin_pdf,0.0,0.0,0.0,0.0,False,False,False,0,False
2021,18,2021-05-03,Jalisco,Guadalajara,Sarampion,0,SEFE_pdf,0.0,0.0,0.0,0.0,False,False,False,0,False
2021,18,2021-05-03,Nuevo León,Monterrey,Erisipela,16,boletin_pdf,95.5,15.864005379054392,127.22801075810878,-5.011344745568837,False,False,False,0,False
2021,18,2021-05-03,Nuevo León,Monterrey,Escarlatina,2,boletin_pdf,24.0,29.34848093740685,82.6969618748137,-0.7496129032000202,False,False,False,0,False
2021,18,2021-05-03,Nuevo León,Monterrey,Rubeola,0,boletin_pdf,0.0,0.0,0.0,0.0,False,False,False,0,False
2021,18,2021-05-03,Nuevo León,Monterrey,Sarampion,0,SEFE_pdf,0.0,0.0,0.0,0.0,False,False,False,0,False
2021,19,2021-05-10,Ciudad de México,CDMX,Erisipela,4,boletin_pdf,13.0,9.309493362512628,31.618986725025255,-0.9667550799532344,False,False,False,0,False
2021,19,2021-05-10,Ciudad de México,CDMX,Escarlatina,3,boletin_pdf,18.0,12.110601416389967,42.22120283277994,-1.2385842357671557,False,False,False,0,False
2021,19,2021-05-10,Ciudad de México,CDMX,Rubeola,0,boletin_pdf,0.0,0.0,0.0,0.0,False,False,False,0,False
2021,19,2021-05-10,Ciudad de México,CDMX,Sarampion,0,boletin_pdf,0.0,0.0,0.0,0.0,False,False,False,0,False
2021,19,2021-05-10,Jalisco,Guadalajara,Erisipela,0,boletin_pdf,10.0,5.887840577551898,21.775681155103797,-1.6984155512168937,False,False,False,0,False
2021,19,2021-05-10,Jalisco,Guadalajara,Escarlatina,4,boletin_pdf,6.0,3.265986323710904,12.531972647421808,-0.6123724356957945,False,False,False,0,False
2021,19,2021-05-10,Jalisco,Guadalajara,Rubeola,0,boletin_pdf,0.0,0.0,0.0,0.0,False,False,False,0,False
2021,19,2021-05-10,Jalisco,Guadalajara,Sarampion,0,boletin_pdf,0.0,0.0,0.0,0.0,False,False,False,0,False
2021,19,2021-05-10,Nuevo León,Monterrey,Erisipela,23,boletin_pdf,97.5,24.78574859336174,147.0714971867235,-3.0057595282779968,False,False,False,0,False
2021,19,2021-05-10,Nuevo León,Monterrey,Escarlatina,0,boletin_pdf,11.5,7.187952884282608,25.875905768565218,-1.5998991903725805,False,False,False,0,False
2021,19,2021-05-10,Nuevo León,Monterrey,Rubeola,0,boletin_pdf,0.0,0.0,0.0,0.0,False,False,False,0,False
2021,19,2021-05-10,Nuevo León,Monterrey,Sarampion,0,boletin_pdf,0.0,0.0,0.0,0.0,False,False,False,0,False
2021,20,2021-05-17,Ciudad de México,CDMX,Erisipela,2,boletin_pdf,6.0,4.320493798938574,14.640987597877148,-0.9258200997725514,False,False,False,0,False
2021,20,2021-05-17,Ciudad de México,CDMX,Escarlatina,2,boletin_pdf,19.0,13.316656236958787,45.63331247391757,-1.276596744520485,False,False,False,0,False
2021,20,2021-05-17,Ciudad de México,CDMX,Rubeola,0,boletin_pdf,0.0,0.0,0.0,0.0,False,False,False,0,False
2021,20,2021-05-17,Ciudad de México,CDMX,Sarampion,0,boletin_pdf,0.0,0.0,0.0,0.0,False,False,False,0,False
2021,20,2021-05-17,Jalisco,Guadalajara,Erisipela,1,boletin_pdf,6.0,2.8284271247461903,11.65685424949238,-1.7677669529663687,False,False,False,0,False
2021,20,2021-05-17,Jalisco,Guadalajara,Escarlatina,0,boletin_pdf,143.5,276.3445916484224,696.1891832968448,-0.5192792055165926,False,False,False,0,False
2021,20,2021-05-17,Jalisco,Guadalajara,Rubeola,0,boletin_pdf,0.0,0.0,0.0,0.0,False,False,False,0,False
2021,20,2021-05-17,Jalisco,Guadalajara,Sarampion,0,boletin_pdf,0.0,0.0,0.0,0.0,False,False,False,0,False
2021,20,2021-05-17,Nuevo León,Monterrey,Erisipela,33,boletin_pdf,87.0,46.88994206294849,180.77988412589698,-1.1516329008789656,False,False,False,0,False
2021,20,2021-05-17,Nuevo León,Monterrey,Escarlatina,0,boletin_pdf,172.0,324.0041152002034,820.0082304004068,-0.5308574549854731,False,False,False,0,False
2021,20,2021-05-17,Nuevo León,Monterrey,Rubeola,0,boletin_pdf,0.0,0.0,0.0,0.0,False,False,False,0,False
2021,20,2021-05-17,Nuevo León,Monterrey,Sarampion,0,boletin_pdf,0.0,0.0,0.0,0.0,False,False,False,0,False
2021,21,2021-05-24,Ciudad de México,CDMX,Erisipela,3,boletin_pdf,11.0,7.571877794400366,26.14375558880073,-1.0565410875907484,False,False,False,0,False
2021,21,2021-05-24,Ciudad de México,CDMX,Escarlatina,2,boletin_pdf,13.5,10.754843869934453,35.00968773986891,-1.0692856297197078,False,False,False,0,False
2021,21,2021-05-24,Ciudad de México,CDMX,Rubeola,0,boletin_pdf,0.0,0.0,0.0,0.0,False,False,False,0,False
2021,21,2021-05-24,Ciudad de México,CDMX,Sarampion,0,boletin_pdf,0.0,0.0,0.0,0.0,False,False,False,0,False
2021,21,2021-05-24,Jalisco,Guadalajara,Erisipela,3,boletin_pdf,7.5,3.415650255319866,14.331300510639732,-1.3174650984805198,False,False,False,0,False
2021,21,2021-05-24,Jalisco,Guadalajara,Escarlatina,1,boletin_pdf,7.0,5.773502691896258,18.547005383792516,-1.0392304845413263,False,False,False,0,False
2021,21,2021-05-24,Jalisco,Guadalajara,Rubeola,0,boletin_pdf,0.0,0.0,0.0,0.0,False,False,False,0,False
2021,21,2021-05-24,Jalisco,Guadalajara,Sarampion,0,boletin_pdf,0.0,0.0,0.0,0.0,False,False,False,0,False
2021,21,2021-05-24,Nuevo León,Monterrey,Erisipela,32,boletin_pdf,107.5,5.7445626465380295,118.98912529307606,-13.142863024655185,False,False,False,0,False
2021,21,2021-05-24,Nuevo León,Monterrey,Escarlatina,0,boletin_pdf,10.0,4.898979485566356,19.79795897113271,-2.041241452319315,False,False,False,0,False
2021,21,2021-05-24,Nuevo León,Monterrey,Rubeola,0,boletin_pdf,0.0,0.0,0.0,0.0,False,False,False,0,False
2021,21,2021-05-24,Nuevo León,Monterrey,Sarampion,0,boletin_pdf,0.0,0.0,0.0,0.0,False,False,False,0,False
2021,22,2021-05-31,Ciudad de México,CDMX,Erisipela,4,boletin_pdf,11.0,8.717797887081348,28.435595774162696,-0.8029550685469661,False,False,False,0,False
2021,22,2021-05-31,Ciudad de México,CDMX,Escarlatina,1,boletin_pdf,16.0,11.313708498984761,38.62741699796952,-1.3258252147247764,False,False,False,0,False
2021,22,2021-05-31,Ciudad de México,CDMX,Rubeola,0,boletin_pdf,0.0,0.0,0.0,0.0,False,False,False,0,False
2021,22,2021-05-31,Ciudad de México,CDMX,Sarampion,0,SEFE_pdf,0.0,0.0,0.0,0.0,False,False,False,0,False
2021,22,2021-05-31,Jalisco,Guadalajara,Erisipela,4,boletin_pdf,9.0,2.581988897471611,14.163977794943222,-1.9364916731037085,False,False,False,0,False
2021,22,2021-05-31,Jalisco,Guadalajara,Escarlatina,0,boletin_pdf,7.5,3.415650255319866,14.331300510639732,-2.1957751641342,False,False,False,0,False
2021,22,2021-05-31,Jalisco,Guadalajara,Rubeola,0,boletin_pdf,0.0,0.0,0.0,0.0,False,False,False,0,False
2021,22,2021-05-31,Jalisco,Guadalajara,Sarampion,0,SEFE_pdf,0.0,0.0,0.0,0.0,False,False,False,0,False
2021,22,2021-05-31,Nuevo León,Monterrey,Erisipela,34,boletin_pdf,125.5,13.69914839202301,152.898296784046,-6.679247306590261,False,False,False,0,False
2021,22,2021-05-31,Nuevo León,Monterrey,Escarlatina,3,boletin_pdf,14.0,4.320493798938574,22.64098759787715,-2.546005274374516,False,False,False,0,False
2021,22,2021-05-31,Nuevo León,Monterrey,Rubeola,0,boletin_pdf,0.0,0.0,0.0,0.0,False,False,False,0,False
2021,22,2021-05-31,Nuevo León,Monterrey,Sarampion,0,SEFE_pdf,0.0,0.0,0.0,0.0,False,False,False,0,False
2021,23,2021-06-07,Ciudad de México,CDMX,Erisipela,3,boletin_pdf,14.0,10.708252269472673,35.41650453894535,-1.0272451305017392,False,False,False,0,False
2021,23,2021-06-07,Ciudad de México,CDMX,Escarlatina,2,boletin_pdf,21.5,15.438048235879215,52.37609647175843,-1.2631130374810267,False,False,False,0,False
2021,23,2021-06-07,Ciudad de México,CDMX,Rubeola,0,boletin_pdf,0.0,0.0,0.0,0.0,False,False,False,0,False
2021,23,2021-06-07,Ciudad de México,CDMX,Sarampion,0,boletin_pdf,0.0,0.0,0.0,0.0,False,False,False,0,False
2021,23,2021-06-07,Jalisco,Guadalajara,Erisipela,4,boletin_pdf,6.0,2.8284271247461903,11.65685424949238,-0.7071067811865475,False,False,False,0,False
2021,23,2021-06-07,Jalisco,Guadalajara,Escarlatina,1,boletin_pdf,12.5,5.0,22.5,-2.3,False,False,False,0,False
2021,23,2021-06-07,Jalisco,Guadalajara,Rubeola,0,boletin_pdf,0.0,0.0,0.0,0.0,False,False,False,0,False
2021,23,2021-06-07,Jalisco,Guadalajara,Sarampion,0,boletin_pdf,0.0,0.0,0.0,0.0,False,False,False,0,False
2021,23,2021-06-07,Nuevo León,Monterrey,Erisipela,32,boletin_pdf,118.0,29.574764017091777,177.14952803418356,-2.9078845718024695,False,False,False,0,False
2021,23,2021-06-07,Nuevo León,Monterrey,Escarlatina,1,boletin_pdf,13.0,7.393691004272944,27.78738200854589,-1.6230053424013782,False,False,False,0,False
2021,23,2021-06-07,Nuevo León,Monterrey,Rubeola,0,boletin_pdf,0.0,0.0,0.0,0.0,False,False,False,0,False
2021,23,2021-06-07,Nuevo León,Monterrey,Sarampion,0,boletin_pdf,0.0,0.0,0.0,0.0,False,False,False,0,False
2021,24,2021-06-14,Ciudad de México,CDMX,Erisipela,3,boletin_pdf,12.5,9.146948489341495,30.79389697868299,-1.0385977368375803,False,False,False,0,False
2021,24,2021-06-14,Ciudad de México,CDMX,Escarlatina,2,boletin_pdf,26.5,18.28478420253664,63.06956840507328,-1.3399119031769118,False,False,False,0,False
2021,24,2021-06-14,Ciudad de México,CDMX,Rubeola,0,boletin_pdf,0.0,0.0,0.0,0.0,False,False,False,0,False
2021,24,2021-06-14,Ciudad de México,CDMX,Sarampion,0,boletin_pdf,0.0,0.0,0.0,0.0,False,False,False,0,False
2021,24,2021-06-14,Jalisco,Guadalajara,Erisipela,2,boletin_pdf,14.5,5.972157622389639,26.444315244779276,-2.0930458956973035,False,False,False,0,False
2021,24,2021-06-14,Jalisco,Guadalajara,Escarlatina,1,boletin_pdf,8.5,5.0,18.5,-1.5,False,False,False,0,False
2021,24,2021-06-14,Jalisco,Guadalajara,Rubeola,0,boletin_pdf,0.0,0.0,0.0,0.0,False,False,False,0,False
2021,24,2021-06-14,Jalisco,Guadalajara,Sarampion,0,boletin_pdf,0.0,0.0,0.0,0.0,False,False,False,0,False
2021,24,2021-06-14,Nuevo León,Monterrey,Erisipela,25,boletin_pdf,117.5,11.0,139.5,-8.409090909090908,False,False,False,0,False
2021,24,2021-06-14,Nuevo León,Monterrey,Escarlatina,0,boletin_pdf,5.5,1.9148542155126762,9.329708431025352,-2.8722813232690143,False,False,False,0,False
2021,24,2021-06-14,Nuevo León,Monterrey,Rubeola,0,boletin_pdf,0.0,0.0,0.0,0.0,False,False,False,0,False
2021,24,2021-06-14,Nuevo León,Monterrey,Sarampion,0,boletin_pdf,0.0,0.0,0.0,0.0,False,False,False,0,False
2021,25,2021-06-21,Ciudad de México,CDMX,Erisipela,2,boletin_pdf,13.0,10.0,33.0,-1.1,False,False,False,0,False
2021,25,2021-06-21,Ciudad de México,CDMX,Escarlatina,3,boletin_pdf,24.0,16.0,56.0,-1.3125,False,False,False,0,False
2021,25,2021-06-21,Ciudad de México,CDMX,Rubeola,0,boletin_pdf,0.0,0.0,0.0,0.0,False,False,False,0,False
2021,25,2021-06-21,Ciudad de México,CDMX,Sarampion,0,boletin_pdf,0.0,0.0,0.0,0.0,False,False,False,0,False
2021,25,2021-06-21,Jalisco,Guadalajara,Erisipela,5,boletin_pdf,12.5,3.0,18.5,-2.5,False,False,False,0,False
2021,25,2021-06-21,Jalisco,Guadalajara,Escarlatina,2,boletin_pdf,7.0,4.163331998932265,15.32666399786453,-1.2009611535381535,False,False,False,0,False
2021,25,2021-06-21,Jalisco,Guadalajara,Rubeola,0,boletin_pdf,0.0,0.0,0.0,0.0,False,False,False,0,False
2021,25,2021-06-21,Jalisco,Guadalajara,Sarampion,0,boletin_pdf,0.0,0.0,0.0,0.0,False,False,False,0,False
2021,25,2021-06-21,Nuevo León,Monterrey,Erisipela,37,boletin_pdf,145.0,22.538855339169285,190.07771067833858,-4.791725150847015,False,False,False,0,False
2021,25,2021-06-21,Nuevo León,Monterrey,Escarlatina,1,boletin_pdf,17.5,6.8068592855540455,31.11371857110809,-2.4240254290282395,False,False,False,0,False
2021,25,2021-06-21,Nuevo León,Monterrey,Rubeola,0,boletin_pdf,0.0,0.0,0.0,0.0,False,False,False,0,False
2021,25,2021-06-21,Nuevo León,Monterrey,Sarampion,0,boletin_pdf,0.0,0.0,0.0,0.0,False,False,False,0,False
2021,26,2021-06-28,Ciudad de México,CDMX,Erisipela,4,boletin_pdf,9.0,7.393691004272944,23.78738200854589,-0.6762522260005742,False,False,False,0,False
2021,26,2021-06-28,Ciudad de México,CDMX,Escarlatina,2,boletin_pdf,17.5,13.403979508588733,44.30795901717747,-1.1563730002771357,False,False,False,0,False
2021,26,2021-06-28,Ciudad de México,CDMX,Rubeola,0,boletin_pdf,0.0,0.0,0.0,0.0,False,False,False,0,False
2021,26,2021-06-28,Ciudad de México,CDMX,Sarampion,0,boletin_pdf,0.0,0.0,0.0,0.0,False,False,False,0,False
2021,26,2021-06-28,Jalisco,Guadalajara,Erisipela,2,boletin_pdf,12.0,4.320493798938574,20.64098759787715,-2.3145502494313783,False,False,False,0,False
2021,26,2021-06-28,Jalisco,Guadalajara,Escarlatina,1,boletin_pdf,4.5,3.415650255319866,11.331300510639732,-1.02469507659596,False,False,False,0,False
2021,26,2021-06-28,Jalisco,Guadalajara,Rubeola,0,boletin_pdf,0.0,0.0,0.0,0.0,False,False,False,0,False
2021,26,2021-06-28,Jalisco,Guadalajara,Sarampion,0,boletin_pdf,0.0,0.0,0.0,0.0,False,False,False,0,False
2021,26,2021-06-28,Nuevo León,Monterrey,Erisipela,34,boletin_pdf,125.5,21.06339637063944,167.62679274127888,-4.344028778167187,False,False,False,0,False
2021,26,2021-06-28,Nuevo León,Monterrey,Escarlatina,0,boletin_pdf,11.5,5.507570547286102,22.515141094572204,-2.0880349877073683,False,False,False,0,False
2021,26,2021-06-28,Nuevo León,Monterrey,Rubeola,0,boletin_pdf,0.0,0.0,0.0,0.0,False,False,False,0,False
2021,26,2021-06-28,Nuevo León,Monterrey,Sarampion,0,boletin_pdf,0.0,0.0,0.0,0.0,False,False,False,0,False
2021,27,2021-07-05,Ciudad de México,CDMX,Erisipela,3,boletin_pdf,12.0,8.48528137423857,28.97056274847714,-1.0606601717798214,False,False,False,0,False
2021,27,2021-07-05,Ciudad de México,CDMX,Escarlatina,1,boletin_pdf,13.0,10.392304845413264,33.78460969082653,-1.1547005383792515,False,False,False,0,False
2021,27,2021-07-05,Ciudad de México,CDMX,Rubeola,0,boletin_pdf,0.0,0.0,0.0,0.0,False,False,False,0,False
2021,27,2021-07-05,Ciudad de México,CDMX,Sarampion,0,SEFE_pdf,0.0,0.0,0.0,0.0,False,False,False,0,False
2021,27,2021-07-05,Jalisco,Guadalajara,Erisipela,2,boletin_pdf,12.5,5.744562646538029,23.989125293076057,-1.8278153875348273,False,False,False,0,False
2021,27,2021-07-05,Jalisco,Guadalajara,Escarlatina,2,boletin_pdf,4.5,6.60807586719967,17.71615173439934,-0.3783249542289887,False,False,False,0,False
2021,27,2021-07-05,Jalisco,Guadalajara,Rubeola,0,boletin_pdf,0.0,0.0,0.0,0.0,False,False,False,0,False
2021,27,2021-07-05,Jalisco,Guadalajara,Sarampion,0,SEFE_pdf,0.0,0.0,0.0,0.0,False,False,False,0,False
2021,27,2021-07-05,Nuevo León,Monterrey,Erisipela,31,boletin_pdf,117.5,12.041594578792296,141.5831891575846,-7.183434007348507,False,False,False,0,False
2021,27,2021-07-05,Nuevo León,Monterrey,Escarlatina,0,boletin_pdf,12.0,8.16496580927726,28.32993161855452,-1.4696938456699067,False,False,False,0,False
2021,27,2021-07-05,Nuevo León,Monterrey,Rubeola,0,boletin_pdf,0.0,0.0,0.0,0.0,False,False,False,0,False
2021,27,2021-07-05,Nuevo León,Monterrey,Sarampion,0,SEFE_pdf,0.0,0.0,0.0,0.0,False,False,False,0,False
2021,28,2021-07-12,Ciudad de México,CDMX,Erisipela,3,boletin_pdf,8.5,5.972157622389639,20.444315244779276,-0.9209401941068136,False,False,False,0,False
2021,28,2021-07-12,Ciudad de México,CDMX,Escarlatina,1,boletin_pdf,11.5,7.724420150837646,26.94884030167529,-1.3593253338066245,False,False,False,0,False
2021,28,2021-07-12,Ciudad de México,CDMX,Rubeola,0,boletin_pdf,0.0,0.0,0.0,0.0,False,False,False,0,False
2021,28,2021-07-12,Ciudad de México,CDMX,Sarampion,0,boletin_pdf,0.0,0.0,0.0,0.0,False,False,False,0,False
2021,28,2021-07-12,Jalisco,Guadalajara,Erisipela,0,boletin_pdf,11.5,4.43471156521669,20.369423130433383,-2.5931787966097595,False,False,False,0,False
2021,28,2021-07-12,Jalisco,Guadalajara,Escarlatina,1,boletin_pdf,5.0,3.4641016151377544,11.928203230275509,-1.1547005383792517,False,False,False,0,False
2021,28,2021-07-12,Jalisco,Guadalajara,Rubeola,0,boletin_pdf,0.0,0.0,0.0,0.0,False,False,False,0,False
2021,28,2021-07-12,Jalisco,Guadalajara,Sarampion,0,boletin_pdf,0.0,0.0,0.0,0.0,False,False,False,0,False
2021,28,2021-07-12,Nuevo León,Monterrey,Erisipela,34,boletin_pdf,112.0,20.720360357226735,153.44072071445348,-3.764413294713554,False,False,False,0,False
2021,28,2021-07-12,Nuevo León,Monterrey,Escarlatina,0,boletin_pdf,9.5,7.724420150837645,24.94884030167529,-1.2298657782059939,False,False,False,0,False
2021,28,2021-07-12,Nuevo León,Monterrey,Rubeola,0,boletin_pdf,0.0,0.0,0.0,0.0,False,False,False,0,False
2021,28,2021-07-12,Nuevo León,Monterrey,Sarampion,0,boletin_pdf,0.0,0.0,0.0,0.0,False,False,False,0,False
2021,29,2021-07-19,Ciudad de México,CDMX,Erisipela,7,boletin_pdf,10.5,7.724420150837646,25.94884030167529,-0.45310844460220817,False,False,False,0,False
2021,29,2021-07-19,Ciudad de México,CDMX,Escarlatina,2,boletin_pdf,18.0,12.328828005937952,42.6576560118759,-1.2977713690461004,False,False,False,0,False
2021,29,2021-07-19,Ciudad de México,CDMX,Rubeola,0,boletin_pdf,0.0,0.0,0.0,0.0,False,False,False,0,False
2021,29,2021-07-19,Ciudad de México,CDMX,Sarampion,0,boletin_pdf,0.0,0.0,0.0,0.0,False,False,False,0,False
2021,29,2021-07-19,Jalisco,Guadalajara,Erisipela,1,boletin_pdf,5.0,2.0,9.0,-2.0,False,False,False,0,False
2021,29,2021-07-19,Jalisco,Guadalajara,Escarlatina,1,boletin_pdf,4.5,5.259911279353167,15.019822558706334,-0.6654104630507017,False,False,False,0,False
2021,29,2021-07-19,Jalisco,Guadalajara,Rubeola,0,boletin_pdf,0.0,0.0,0.0,0.0,False,False,False,0,False
2021,29,2021-07-19,Jalisco,Guadalajara,Sarampion,0,boletin_pdf,0.0,0.0,0.0,0.0,False,False,False,0,False
2021,29,2021-07-19,Nuevo León,Monterrey,Erisipela,25,boletin_pdf,114.0,9.380831519646858,132.76166303929372,-9.487431877824665,False,False,False,0,False
2021,29,2021-07-19,Nuevo León,Monterrey,Escarlatina,0,boletin_pdf,9.5,5.972157622389639,21.444315244779276,-1.5907148807299507,False,False,False,0,False
2021,29,2021-07-19,Nuevo León,Monterrey,Rubeola,0,boletin_pdf,0.0,0.0,0.0,0.0,False,False,False,0,False
2021,29,2021-07-19,Nuevo León,Monterrey,Sarampion,0,boletin_pdf,0.0,0.0,0.0,0.0,False,False,False,0,False
2021,30,2021-07-26,Ciudad de México,CDMX,Erisipela,4,boletin_pdf,6.0,6.324555320336759,18.64911064067352,-0.31622776601683794,False,False,False,0,False
2021,30,2021-07-26,Ciudad de México,CDMX,Escarlatina,1,boletin_pdf,9.0,7.393691004272944,23.78738200854589,-1.082003561600919,False,False,False,0,False
2021,30,2021-07-26,Ciudad de México,CDMX,Rubeola,0,boletin_pdf,0.0,0.0,0.0,0.0,False,False,False,0,False
2021,30,2021-07-26,Ciudad de México,CDMX,Sarampion,0,boletin_pdf,0.0,0.0,0.0,0.0,False,False,False,0,False
2021,30,2021-07-26,Jalisco,Guadalajara,Erisipela,5,boletin_pdf,8.5,4.123105625617661,16.746211251235323,-0.8488746876271654,False,False,False,0,False
2021,30,2021-07-26,Jalisco,Guadalajara,Escarlatina,3,boletin_pdf,9.0,2.0,13.0,-3.0,False,False,False,0,False
2021,30,2021-07-26,Jalisco,Guadalajara,Rubeola,0,boletin_pdf,0.0,0.0,0.0,0.0,False,False,False,0,False
2021,30,2021-07-26,Jalisco,Guadalajara,Sarampion,0,boletin_pdf,0.0,0.0,0.0,0.0,False,False,False,0,False
2021,30,2021-07-26,Nuevo León,Monterrey,Erisipela,27,boletin_pdf,121.0,12.055427546683415,145.11085509336684,-7.797317816891568,False,False,False,0,False
2021,30,2021-07-26,Nuevo León,Monterrey,Escarlatina,0,boletin_pdf,4.5,1.914854215512676,8.329708431025352,-2.350048355401921,False,False,False,0,False
2021,30,2021-07-26,Nuevo León,Monterrey,Rubeola,0,boletin_pdf,0.0,0.0,0.0,0.0,False,False,False,0,False
2021,30,2021-07-26,Nuevo León,Monterrey,Sarampion,0,boletin_pdf,0.0,0.0,0.0,0.0,False,False,False,0,False
2021,31,2021-08-02,Ciudad de México,CDMX,Erisipela,1,boletin_pdf,9.0,6.2182527020592095,21.43650540411842,-1.2865350418053538,False,False,False,0,False
2021,31,2021-08-02,Ciudad de México,CDMX,Escarlatina,0,boletin_pdf,10.5,7.724420150837646,25.94884030167529,-1.3593253338066245,False,False,False,0,False
2021,31,2021-08-02,Ciudad de México,CDMX,Rubeola,0,boletin_pdf,0.0,0.0,0.0,0.0,False,False,False,0,False
2021,31,2021-08-02,Ciudad de México,CDMX,Sarampion,0,SEFE_pdf,0.0,0.0,0.0,0.0,False,False,False,0,False
2021,31,2021-08-02,Jalisco,Guadalajara,Erisipela,4,boletin_pdf,9.5,6.191391873668904,21.882783747337808,-0.8883301383959731,False,False,False,0,False
2021,31,2021-08-02,Jalisco,Guadalajara,Escarlatina,1,boletin_pdf,5.5,4.43471156521669,14.36942313043338,-1.014722137803819,False,False,False,0,False
2021,31,2021-08-02,Jalisco,Guadalajara,Rubeola,0,boletin_pdf,0.0,0.0,0.0,0.0,False,False,False,0,False
2021,31,2021-08-02,Jalisco,Guadalajara,Sarampion,0,SEFE_pdf,0.0,0.0,0.0,0.0,False,False,False,0,False
2021,31,2021-08-02,Nuevo León,Monterrey,Erisipela,34,boletin_pdf,107.5,16.11417595369576,139.72835190739153,-4.561201280859968,False,False,False,0,False
2021,31,2021-08-02,Nuevo León,Monterrey,Escarlatina,0,boletin_pdf,3.5,2.5166114784235836,8.533222956847167,-1.3907589749182958,False,False,False,0,False
2021,31,2021-08-02,Nuevo León,Monterrey,Rubeola,0,boletin_pdf,0.0,0.0,0.0,0.0,False,False,False,0,False
2021,31,2021-08-02,Nuevo León,Monterrey,Sarampion,0,SEFE_pdf,0.0,0.0,0.0,0.0,False,False,False,0,False
2021,32,2021-08-09,Ciudad de México,CDMX,Erisipela,2,boletin_pdf,8.0,7.483314773547883,22.966629547095764,-0.8017837257372732,False,False,False,0,False
2021,32,2021-08-09,Ciudad de México,CDMX,Escarlatina,2,boletin_pdf,14.5,11.704699910719626,37.90939982143925,-1.0679470721459512,False,False,False,0,False
2021,32,2021-08-09,Ciudad de México,CDMX,Rubeola,0,boletin_pdf,0.0,0.0,0.0,0.0,False,False,False,0,False
2021,32,2021-08-09,Ciudad de México,CDMX,Sarampion,0,boletin_pdf,0.0,0.0,0.0,0.0,False,False,False,0,False
2021,32,2021-08-09,Jalisco,Guadalajara,Erisipela,4,boletin_pdf,11.0,5.033222956847167,21.066445913694334,-1.3907589749182958,False,False,False,0,False
2021,32,2021-08-09,Jalisco,Guadalajara,Escarlatina,0,boletin_pdf,7.0,3.4641016151377544,13.928203230275509,-2.0207259421636903,False,False,False,0,False
2021,32,2021-08-09,Jalisco,Guadalajara,Rubeola,0,boletin_pdf,0.0,0.0,0.0,0.0,False,False,False,0,False
2021,32,2021-08-09,Jalisco,Guadalajara,Sarampion,0,boletin_pdf,0.0,0.0,0.0,0.0,False,False,False,0,False
2021,32,2021-08-09,Nuevo León,Monterrey,Erisipela,26,boletin_pdf,116.0,16.32993161855452,148.65986323710905,-5.5113519212621505,False,False,False,0,False
2021,32,2021-08-09,Nuevo León,Monterrey,Escarlatina,4,boletin_pdf,6.0,1.632993161855452,9.265986323710905,-1.224744871391589,False,False,False,0,False
2021,32,2021-08-09,Nuevo León,Monterrey,Rubeola,0,boletin_pdf,0.0,0.0,0.0,0.0,False,False,False,0,False
2021,32,2021-08-09,Nuevo León,Monterrey,Sarampion,0,boletin_pdf,0.0,0.0,0.0,0.0,False,False,False,0,False
2021,33,2021-08-16,Ciudad de México,CDMX,Erisipela,6,boletin_pdf,10.0,6.928203230275509,23.856406460551018,-0.5773502691896258,False,False,False,0,False
2021,33,2021-08-16,Ciudad de México,CDMX,Escarlatina,1,boletin_pdf,11.0,10.0,31.0,-1.0,False,False,False,0,False
2021,33,2021-08-16,Ciudad de México,CDMX,Rubeola,0,boletin_pdf,0.0,0.0,0.0,0.0,False,False,False,0,False
2021,33,2021-08-16,Ciudad de México,CDMX,Sarampion,0,boletin_pdf,0.0,0.0,0.0,0.0,False,False,False,0,False
2021,33,2021-08-16,Jalisco,Guadalajara,Erisipela,2,boletin_pdf,7.5,1.9148542155126762,11.329708431025352,-2.8722813232690143,False,False,False,0,False
2021,33,2021-08-16,Jalisco,Guadalajara,Escarlatina,2,boletin_pdf,4.0,3.265986323710904,10.531972647421808,-0.6123724356957945,False,False,False,0,False
2021,33,2021-08-16,Jalisco,Guadalajara,Rubeola,0,boletin_pdf,0.0,0.0,0.0,0.0,False,False,False,0,False
2021,33,2021-08-16,Jalisco,Guadalajara,Sarampion,0,boletin_pdf,0.0,0.0,0.0,0.0,False,False,False,0,False
2021,33,2021-08-16,Nuevo León,Monterrey,Erisipela,21,boletin_pdf,112.0,27.80887148615228,167.61774297230457,-3.2723370326377466,False,False,False,0,False
2021,33,2021-08-16,Nuevo León,Monterrey,Escarlatina,0,boletin_pdf,0.5,1.0,2.5,-0.5,False,False,False,0,False
2021,33,2021-08-16,Nuevo León,Monterrey,Rubeola,0,boletin_pdf,0.0,0.0,0.0,0.0,False,False,False,0,False
2021,33,2021-08-16,Nuevo León,Monterrey,Sarampion,0,boletin_pdf,0.0,0.0,0.0,0.0,False,False,False,0,False
2021,34,2021-08-23,Ciudad de México,CDMX,Erisipela,8,boletin_pdf,7.0,6.2182527020592095,19.43650540411842,0.16081688022566923,False,False,False,0,False
2021,34,2021-08-23,Ciudad de México,CDMX,Escarlatina,3,boletin_pdf,9.0,6.6332495807108,22.2664991614216,-0.9045340337332909,False,False,False,0,False
2021,34,2021-08-23,Ciudad de México,CDMX,Rubeola,0,boletin_pdf,0.0,0.0,0.0,0.0,False,False,False,0,False
2021,34,2021-08-23,Ciudad de México,CDMX,Sarampion,0,boletin_pdf,0.0,0.0,0.0,0.0,False,False,False,0,False
2021,34,2021-08-23,Jalisco,Guadalajara,Erisipela,2,boletin_pdf,5.5,5.0,15.5,-0.7,False,False,False,0,False
2021,34,2021-08-23,Jalisco,Guadalajara,Escarlatina,1,boletin_pdf,5.0,4.760952285695232,14.521904571390465,-0.8401680504168061,False,False,False,0,False
2021,34,2021-08-23,Jalisco,Guadalajara,Rubeola,0,boletin_pdf,0.0,0.0,0.0,0.0,False,False,False,0,False
2021,34,2021-08-23,Jalisco,Guadalajara,Sarampion,0,boletin_pdf,0.0,0.0,0.0,0.0,False,False,False,0,False
2021,34,2021-08-23,Nuevo León,Monterrey,Erisipela,21,boletin_pdf,117.0,19.493588689617926,155.98717737923585,-4.92469609000874,False,False,False,0,False
2021,34,2021-08-23,Nuevo León,Monterrey,Escarlatina,1,boletin_pdf,6.0,2.8284271247461903,11.65685424949238,-1.7677669529663687,False,False,False,0,False
2021,34,2021-08-23,Nuevo León,Monterrey,Rubeola,0,boletin_pdf,0.0,0.0,0.0,0.0,False,False,False,0,False
2021,34,2021-08-23,Nuevo León,Monterrey,Sarampion,0,boletin_pdf,0.0,0.0,0.0,0.0,False,False,False,0,False
2021,35,2021-08-30,Ciudad de México,CDMX,Erisipela,5,boletin_pdf,9.5,7.54983443527075,24.5996688705415,-0.5960395606792697,False,False,False,0,False
2021,35,2021-08-30,Ciudad de México,CDMX,Escarlatina,1,boletin_pdf,9.0,9.591663046625438,28.183326093250876,-0.8340576562282991,False,False,False,0,False
2021,35,2021-08-30,Ciudad de México,CDMX,Rubeola,0,boletin_pdf,0.0,0.0,0.0,0.0,False,False,False,0,False
2021,35,2021-08-30,Ciudad de México,CDMX,Sarampion,0,SEFE_pdf,0.0,0.0,0.0,0.0,False,False,False,0,False
2021,35,2021-08-30,Jalisco,Guadalajara,Erisipela,3,boletin_pdf,9.5,4.725815626252608,18.951631252505216,-1.3754239509242667,False,False,False,0,False
2021,35,2021-08-30,Jalisco,Guadalajara,Escarlatina,2,boletin_pdf,6.0,2.309401076758503,10.618802153517006,-1.7320508075688774,False,False,False,0,False
2021,35,2021-08-30,Jalisco,Guadalajara,Rubeola,0,boletin_pdf,0.0,0.0,0.0,0.0,False,False,False,0,False
2021,35,2021-08-30,Jalisco,Guadalajara,Sarampion,0,SEFE_pdf,0.0,0.0,0.0,0.0,False,False,False,0,False
2021,35,2021-08-30,Nuevo León,Monterrey,Erisipela,34,boletin_pdf,114.0,19.6638416050035,153.327683210007,-4.068381021724862,False,False,False,0,False
2021,35,2021-08-30,Nuevo León,Monterrey,Escarlatina,0,boletin_pdf,6.5,5.0,16.5,-1.3,False,False,False,0,False
2021,35,2021-08-30,Nuevo León,Monterrey,Rubeola,0,boletin_pdf,0.0,0.0,0.0,0.0,False,False,False,0,False
2021,35,2021-08-30,Nuevo León,Monterrey,Sarampion,0,SEFE_pdf,0.0,0.0,0.0,0.0,False,False,False,0,False
2021,36,2021-09-06,Ciudad de México,CDMX,Erisipela,2,boletin_pdf,10.0,7.118052168020874,24.23610433604175,-1.1239029738980328,False,False,False,0,False
2021,36,2021-09-06,Ciudad de México,CDMX,Escarlatina,1,boletin_pdf,7.0,6.831300510639732,20.662601021279464,-0.8783100656536799,False,False,False,0,False
2021,36,2021-09-06,Ciudad de México,CDMX,Rubeola,0,boletin_pdf,0.0,0.0,0.0,0.0,False,False,False,0,False
2021,36,2021-09-06,Ciudad de México,CDMX,Sarampion,0,boletin_pdf,0.0,0.0,0.0,0.0,False,False,False,0,False
2021,36,2021-09-06,Jalisco,Guadalajara,Erisipela,4,boletin_pdf,7.5,7.187952884282608,21.875905768565218,-0.48692584054817667,False,False,False,0,False
2021,36,2021-09-06,Jalisco,Guadalajara,Escarlatina,0,boletin_pdf,6.0,5.163977794943222,16.327955589886443,-1.161895003862225,False,False,False,0,False
2021,36,2021-09-06,Jalisco,Guadalajara,Rubeola,0,boletin_pdf,0.0,0.0,0.0,0.0,False,False,False,0,False
2021,36,2021-09-06,Jalisco,Guadalajara,Sarampion,0,boletin_pdf,0.0,0.0,0.0,0.0,False,False,False,0,False
2021,36,2021-09-06,Nuevo León,Monterrey,Erisipela,24,boletin_pdf,107.0,20.165977949672232,147.33195589934445,-4.115843040547857,False,False,False,0,False
2021,36,2021-09-06,Nuevo León,Monterrey,Escarlatina,1,boletin_pdf,6.5,5.259911279353167,17.019822558706334,-1.0456450133653885,False,False,False,0,False
2021,36,2021-09-06,Nuevo León,Monterrey,Rubeola,0,boletin_pdf,0.0,0.0,0.0,0.0,False,False,False,0,False
2021,36,2021-09-06,Nuevo León,Monterrey,Sarampion,0,boletin_pdf,0.0,0.0,0.0,0.0,False,False,False,0,False
2021,37,2021-09-13,Ciudad de México,CDMX,Erisipela,2,boletin_pdf,12.5,8.386497083606082,29.272994167212165,-1.2520125977895338,False,False,False,0,False
2021,37,2021-09-13,Ciudad de México,CDMX,Escarlatina,1,boletin_pdf,10.5,8.225975119502044,26.951950239004088,-1.1548782803241786,False,False,False,0,False
2021,37,2021-09-13,Ciudad de México,CDMX,Rubeola,0,boletin_pdf,0.0,0.0,0.0,0.0,False,False,False,0,False
2021,37,2021-09-13,Ciudad de México,CDMX,Sarampion,0,boletin_pdf,0.0,0.0,0.0,0.0,False,False,False,0,False
2021,37,2021-09-13,Jalisco,Guadalajara,Erisipela,0,boletin_pdf,9.5,5.0,19.5,-1.9,False,False,False,0,False
2021,37,2021-09-13,Jalisco,Guadalajara,Escarlatina,0,boletin_pdf,8.5,6.403124237432849,21.306248474865697,-1.3274769760531515,False,False,False,0,False
2021,37,2021-09-13,Jalisco,Guadalajara,Rubeola,0,boletin_pdf,0.0,0.0,0.0,0.0,False,False,False,0,False
2021,37,2021-09-13,Jalisco,Guadalajara,Sarampion,0,boletin_pdf,0.0,0.0,0.0,0.0,False,False,False,0,False
2021,37,2021-09-13,Nuevo León,Monterrey,Erisipela,24,boletin_pdf,100.0,17.73884626086676,135.47769252173353,-4.284382359616124,False,False,False,0,False
2021,37,2021-09-13,Nuevo León,Monterrey,Escarlatina,1,boletin_pdf,4.5,1.0,6.5,-3.5,False,False,False,0,False
2021,37,2021-09-13,Nuevo León,Monterrey,Rubeola,0,boletin_pdf,0.0,0.0,0.0,0.0,False,False,False,0,False
2021,37,2021-09-13,Nuevo León,Monterrey,Sarampion,0,boletin_pdf,0.0,0.0,0.0,0.0,False,False,False,0,False
2021,38,2021-09-20,Ciudad de México,CDMX,Erisipela,6,boletin_pdf,10.0,10.583005244258363,31.166010488516726,-0.3779644730092272,False,False,False,0,False
2021,38,2021-09-20,Ciudad de México,CDMX,Escarlatina,1,boletin_pdf,6.5,5.972157622389639,18.444315244779276,-0.9209401941068136,False,False,False,0,False
2021,38,2021-09-20,Ciudad de México,CDMX,Rubeola,0,boletin_pdf,0.0,0.0,0.0,0.0,False,False,False,0,False
2021,38,2021-09-20,Ciudad de México,CDMX,Sarampion,0,boletin_pdf,0.0,0.0,0.0,0.0,False,False,False,0,False
2021,38,2021-09-20,Jalisco,Guadalajara,Erisipela,2,boletin_pdf,7.5,2.516611478423583,12.533222956847165,-2.185478389157322,False,False,False,0,False
2021,38,2021-09-20,Jalisco,Guadalajara,Escarlatina,1,boletin_pdf,10.0,5.656854249492381,21.31370849898476,-1.590990257669732,False,False,False,0,False
2021,38,2021-09-20,Jalisco,Guadalajara,Rubeola,0,boletin_pdf,0.0,0.0,0.0,0.0,False,False,False,0,False
2021,38,2021-09-20,Jalisco,Guadalajara,Sarampion,0,boletin_pdf,0.0,0.0,0.0,0.0,False,False,False,0,False
2021,38,2021-09-20,Nuevo León,Monterrey,Erisipela,24,boletin_pdf,98.0,4.320493798938572,106.64098759787714,-17.127671845792207,False,False,False,0,False
2021,38,2021-09-20,Nuevo León,Monterrey,Escarlatina,1,boletin_pdf,9.0,6.0,21.0,-1.3333333333333333,False,False,False,0,False
2021,38,2021-09-20,Nuevo León,Monterrey,Rubeola,0,boletin_pdf,0.0,0.0,0.0,0.0,False,False,False,0,False
2021,38,2021-09-20,Nuevo León,Monterrey,Sarampion,0,boletin_pdf,0.0,0.0,0.0,0.0,False,False,False,0,False
2021,39,2021-09-27,Ciudad de México,CDMX,Erisipela,4,boletin_pdf,12.0,10.708252269472673,33.41650453894535,-0.7470873676376284,False,False,False,0,False
2021,39,2021-09-27,Ciudad de México,CDMX,Escarlatina,2,boletin_pdf,9.5,8.06225774829855,25.6245154965971,-0.9302605094190635,False,False,False,0,False
2021,39,2021-09-27,Ciudad de México,CDMX,Rubeola,0,boletin_pdf,0.0,0.0,0.0,0.0,False,False,False,0,False
2021,39,2021-09-27,Ciudad de México,CDMX,Sarampion,0,boletin_pdf,0.0,0.0,0.0,0.0,False,False,False,0,False
2021,39,2021-09-27,Jalisco,Guadalajara,Erisipela,3,boletin_pdf,9.0,8.406346808612328,25.812693617224657,-0.7137464271463296,False,False,False,0,False
2021,39,2021-09-27,Jalisco,Guadalajara,Escarlatina,0,boletin_pdf,5.0,3.8297084310253524,12.659416862050705,-1.3055824196677337,False,False,False,0,False
2021,39,2021-09-27,Jalisco,Guadalajara,Rubeola,0,boletin_pdf,0.0,0.0,0.0,0.0,False,False,False,0,False
2021,39,2021-09-27,Jalisco,Guadalajara,Sarampion,0,boletin_pdf,0.0,0.0,0.0,0.0,False,False,False,0,False
2021,39,2021-09-27,Nuevo León,Monterrey,Erisipela,25,boletin_pdf,123.5,10.630145812734648,144.7602916254693,-9.266100553578434,False,False,False,0,False
2021,39,2021-09-27,Nuevo León,Monterrey,Escarlatina,1,boletin_pdf,10.5,9.146948489341495,28.79389697868299,-1.0385977368375803,False,False,False,0,False
2021,39,2021-09-27,Nuevo León,Monterrey,Rubeola,0,boletin_pdf,0.0,0.0,0.0,0.0,False,False,False,0,False
2021,39,2021-09-27,Nuevo León,Monterrey,Sarampion,0,boletin_pdf,0.0,0.0,0.0,0.0,False,False,False,0,False
2021,40,2021-10-04,Ciudad de México,CDMX,Erisipela,6,boletin_pdf,10.0,7.118052168020874,24.23610433604175,-0.5619514869490164,False,False,False,0,False
2021,40,2021-10-04,Ciudad de México,CDMX,Escarlatina,3,boletin_pdf,14.0,14.787382008545888,43.57476401709178,-0.7438774486006317,False,False,False,0,False
2021,40,2021-10-04,Ciudad de México,CDMX,Rubeola,0,boletin_pdf,0.0,0.0,0.0,0.0,False,False,False,0,False
2021,40,2021-10-04,Ciudad de México,CDMX,Sarampion,0,SEFE_pdf,0.0,0.0,0.0,0.0,False,False,False,0,False
2021,40,2021-10-04,Jalisco,Guadalajara,Erisipela,2,boletin_pdf,9.5,1.9148542155126762,13.329708431025352,-3.9167472590032015,False,False,False,0,False
2021,40,2021-10-04,Jalisco,Guadalajara,Escarlatina,0,boletin_pdf,9.0,3.4641016151377544,15.928203230275509,-2.598076211353316,False,False,False,0,False
2021,40,2021-10-04,Jalisco,Guadalajara,Rubeola,0,boletin_pdf,0.0,0.0,0.0,0.0,False,False,False,0,False
2021,40,2021-10-04,Jalisco,Guadalajara,Sarampion,0,SEFE_pdf,0.0,0.0,0.0,0.0,False,False,False,0,False
2021,40,2021-10-04,Nuevo León,Monterrey,Erisipela,27,boletin_pdf,85.5,5.972157622389639,97.44431524477928,-9.795454791863381,False,False,False,0,False
2021,40,2021-10-04,Nuevo León,Monterrey,Escarlatina,0,boletin_pdf,11.5,7.54983443527075,26.5996688705415,-1.5232122106248003,False,False,False,0,False
2021,40,2021-10-04,Nuevo León,Monterrey,Rubeola,0,boletin_pdf,0.0,0.0,0.0,0.0,False,False,False,0,False
2021,40,2021-10-04,Nuevo León,Monterrey,Sarampion,0,SEFE_pdf,0.0,0.0,0.0,0.0,False,False,False,0,False
2021,41,2021-10-11,Ciudad de México,CDMX,Erisipela,3,boletin_pdf,12.5,10.376254944182254,33.25250988836451,-0.9155519068396106,False,False,False,0,False
2021,41,2021-10-11,Ciudad de México,CDMX,Escarlatina,0,boletin_pdf,15.0,12.489995996796797,39.97999199359359,-1.2009611535381535,False,False,False,0,False
2021,41,2021-10-11,Ciudad de México,CDMX,Rubeola,0,boletin_pdf,0.0,0.0,0.0,0.0,False,False,False,0,False
2021,41,2021-10-11,Ciudad de México,CDMX,Sarampion,0,boletin_pdf,0.0,0.0,0.0,0.0,False,False,False,0,False
2021,41,2021-10-11,Jalisco,Guadalajara,Erisipela,2,boletin_pdf,7.0,2.5819888974716108,12.163977794943222,-1.9364916731037087,False,False,False,0,False
2021,41,2021-10-11,Jalisco,Guadalajara,Escarlatina,1,boletin_pdf,7.0,5.291502622129181,17.583005244258363,-1.1338934190276817,False,False,False,0,False
2021,41,2021-10-11,Jalisco,Guadalajara,Rubeola,0,boletin_pdf,0.0,0.0,0.0,0.0,False,False,False,0,False
2021,41,2021-10-11,Jalisco,Guadalajara,Sarampion,0,boletin_pdf,0.0,0.0,0.0,0.0,False,False,False,0,False
2021,41,2021-10-11,Nuevo León,Monterrey,Erisipela,25,boletin_pdf,104.5,9.848857801796102,124.1977156035922,-8.072002012812273,False,False,False,0,False
2021,41,2021-10-11,Nuevo León,Monterrey,Escarlatina,1,boletin_pdf,7.5,4.123105625617661,15.746211251235321,-1.5764815627361644,False,False,False,0,False
2021,41,2021-10-11,Nuevo León,Monterrey,Rubeola,0,boletin_pdf,0.0,0.0,0.0,0.0,False,False,False,0,False
2021,41,2021-10-11,Nuevo León,Monterrey,Sarampion,0,boletin_pdf,0.0,0.0,0.0,0.0,False,False,False,0,False
2021,42,2021-10-18,Ciudad de México,CDMX,Erisipela,2,boletin_pdf,16.0,13.9522996909709,43.9045993819418,-1.0034188133917428,False,False,False,0,False
2021,42,2021-10-18,Ciudad de México,CDMX,Escarlatina,2,boletin_pdf,12.5,10.115993936995679,32.73198787399136,-1.0379602899523253,False,False,False,0,False
2021,42,2021-10-18,Ciudad de México,CDMX,Rubeola,0,boletin_pdf,0.0,0.0,0.0,0.0,False,False,False,0,False
2021,42,2021-10-18,Ciudad de México,CDMX,Sarampion,0,boletin_pdf,0.0,0.0,0.0,0.0,False,False,False,0,False
2021,42,2021-10-18,Jalisco,Guadalajara,Erisipela,4,boletin_pdf,7.5,5.972157622389639,19.444315244779276,-0.5860528507952449,False,False,False,0,False
2021,42,2021-10-18,Jalisco,Guadalajara,Escarlatina,2,boletin_pdf,6.0,2.8284271247461903,11.65685424949238,-1.414213562373095,False,False,False,0,False
2021,42,2021-10-18,Jalisco,Guadalajara,Rubeola,0,boletin_pdf,0.0,0.0,0.0,0.0,False,False,False,0,False
2021,42,2021-10-18,Jalisco,Guadalajara,Sarampion,0,boletin_pdf,0.0,0.0,0.0,0.0,False,False,False,0,False
2021,42,2021-10-18,Nuevo León,Monterrey,Erisipela,28,boletin_pdf,112.5,5.507570547286103,123.5151410945722,-15.34251795315414,False,False,False,0,False
2021,42,2021-10-18,Nuevo León,Monterrey,Escarlatina,2,boletin_pdf,9.0,5.773502691896258,20.547005383792516,-1.212435565298214,False,False,False,0,False
2021,42,2021-10-18,Nuevo León,Monterrey,Rubeola,0,boletin_pdf,0.0,0.0,0.0,0.0,False,False,False,0,False
2021,42,2021-10-18,Nuevo León,Monterrey,Sarampion,0,boletin_pdf,0.0,0.0,0.0,0.0,False,False,False,0,False
2021,43,2021-10-25,Ciudad de México,CDMX,Erisipela,0,boletin_pdf,16.0,12.649110640673518,41.29822128134704,-1.2649110640673518,False,False,False,0,False
2021,43,2021-10-25,Ciudad de México,CDMX,Escarlatina,0,boletin_pdf,15.5,10.503967504392486,36.50793500878497,-1.4756328971427513,False,False,False,0,False
2021,43,2021-10-25,Ciudad de México,CDMX,Rubeola,0,boletin_pdf,0.0,0.0,0.0,0.0,False,False,False,0,False
2021,43,2021-10-25,Ciudad de México,CDMX,Sarampion,0,boletin_pdf,0.0,0.0,0.0,0.0,False,False,False,0,False
2021,43,2021-10-25,Jalisco,Guadalajara,Erisipela,5,boletin_pdf,12.5,4.123105625617661,20.746211251235323,-1.8190171877724972,False,False,False,0,False
2021,43,2021-10-25,Jalisco,Guadalajara,Escarlatina,8,boletin_pdf,5.0,2.581988897471611,10.163977794943222,1.161895003862225,False,False,False,0,False
2021,43,2021-10-25,Jalisco,Guadalajara,Rubeola,0,boletin_pdf,0.0,0.0,0.0,0.0,False,False,False,0,False
2021,43,2021-10-25,Jalisco,Guadalajara,Sarampion,0,boletin_pdf,0.0,0.0,0.0,0.0,False,False,False,0,False
2021,43,2021-10-25,Nuevo León,Monterrey,Erisipela,30,boletin_pdf,104.0,23.03620339089466,150.0724067817893,-3.2123348949614416,False,False,False,0,False
2021,43,2021-10-25,Nuevo León,Monterrey,Escarlatina,1,boletin_pdf,5.0,3.4641016151377544,11.928203230275509,-1.1547005383792517,False,False,False,0,False
2021,43,2021-10-25,Nuevo León,Monterrey,Rubeola,0,boletin_pdf,0.0,0.0,0.0,0.0,False,False,False,0,False
2021,43,2021-10-25,Nuevo León,Monterrey,Sarampion,0,boletin_pdf,0.0,0.0,0.0,0.0,False,False,False,0,False
2021,44,2021-11-01,Ciudad de México,CDMX,Erisipela,4,boletin_pdf,15.0,10.519822558706334,36.03964511741267,-1.0456450133653885,False,False,False,0,False
2021,44,2021-11-01,Ciudad de México,CDMX,Escarlatina,0,boletin_pdf,19.5,13.69914839202301,46.898296784046025,-1.4234461473061213,False,False,False,0,False
2021,44,2021-11-01,Ciudad de México,CDMX,Rubeola,0,boletin_pdf,0.0,0.0,0.0,0.0,False,False,False,0,False
2021,44,2021-11-01,Ciudad de México,CDMX,Sarampion,0,boletin_pdf,0.0,0.0,0.0,0.0,False,False,False,0,False
2021,44,2021-11-01,Jalisco,Guadalajara,Erisipela,3,boletin_pdf,11.0,5.291502622129181,21.583005244258363,-1.5118578920369088,False,False,False,0,False
2021,44,2021-11-01,Jalisco,Guadalajara,Escarlatina,0,boletin_pdf,5.0,2.0,9.0,-2.5,False,False,False,0,False
2021,44,2021-11-01,Jalisco,Guadalajara,Rubeola,0,boletin_pdf,0.0,0.0,0.0,0.0,False,False,False,0,False
2021,44,2021-11-01,Jalisco,Guadalajara,Sarampion,0,boletin_pdf,0.0,0.0,0.0,0.0,False,False,False,0,False
2021,44,2021-11-01,Nuevo León,Monterrey,Erisipela,24,boletin_pdf,101.0,14.832396974191322,130.66479394838265,-5.191338940966966,False,False,False,0,False
2021,44,2021-11-01,Nuevo León,Monterrey,Escarlatina,0,boletin_pdf,5.5,2.9999999999999996,11.5,-1.8333333333333337,False,False,False,0,False
2021,44,2021-11-01,Nuevo León,Monterrey,Rubeola,0,boletin_pdf,0.0,0.0,0.0,0.0,False,False,False,0,False
2021,44,2021-11-01,Nuevo León,Monterrey,Sarampion,0,boletin_pdf,0.0,0.0,0.0,0.0,False,False,False,0,False
2021,45,2021-11-08,Ciudad de México,CDMX,Erisipela,0,boletin_pdf,8.5,5.744562646538028,19.989125293076057,-1.479660075623432,False,False,False,0,False
2021,45,2021-11-08,Ciudad de México,CDMX,Escarlatina,4,boletin_pdf,15.0,10.893423092245461,36.786846184490926,-1.0097836012474726,False,False,False,0,False
2021,45,2021-11-08,Ciudad de México,CDMX,Rubeola,0,boletin_pdf,0.0,0.0,0.0,0.0,False,False,False,0,False
2021,45,2021-11-08,Ciudad de México,CDMX,Sarampion,0,SEFE_pdf,0.0,0.0,0.0,0.0,False,False,False,0,False
2021,45,2021-11-08,Jalisco,Guadalajara,Erisipela,3,boletin_pdf,7.0,2.581988897471611,12.163977794943222,-1.5491933384829668,False,False,False,0,False
2021,45,2021-11-08,Jalisco,Guadalajara,Escarlatina,0,boletin_pdf,7.0,2.581988897471611,12.163977794943222,-2.711088342345192,False,False,False,0,False
2021,45,2021-11-08,Jalisco,Guadalajara,Rubeola,0,boletin_pdf,0.0,0.0,0.0,0.0,False,False,False,0,False
2021,45,2021-11-08,Jalisco,Guadalajara,Sarampion,0,SEFE_pdf,0.0,0.0,0.0,0.0,False,False,False,0,False
2021,45,2021-11-08,Nuevo León,Monterrey,Erisipela,27,boletin_pdf,72.0,11.31370849898476,94.62741699796952,-3.97747564417433,False,False,False,0,False
2021,45,2021-11-08,Nuevo León,Monterrey,Escarlatina,0,boletin_pdf,8.0,4.320493798938574,16.64098759787715,-1.8516401995451028,False,False,False,0,False
2021,45,2021-11-08,Nuevo León,Monterrey,Rubeola,0,boletin_pdf,0.0,0.0,0.0,0.0,False,False,False,0,False
2021,45,2021-11-08,Nuevo León,Monterrey,Sarampion,0,SEFE_pdf,0.0,0.0,0.0,0.0,False,False,False,0,False
2021,46,2021-11-15,Ciudad de México,CDMX,Erisipela,5,boletin_pdf,12.0,9.092121131323903,30.184242262647807,-0.7698973538621048,False,False,False,0,False
2021,46,2021-11-15,Ciudad de México,CDMX,Escarlatina,1,boletin_pdf,19.5,16.36052158907737,52.22104317815474,-1.1307707947618855,False,False,False,0,False
2021,46,2021-11-15,Ciudad de México,CDMX,Rubeola,0,boletin_pdf,0.0,0.0,0.0,0.0,False,False,False,0,False
2021,46,2021-11-15,Ciudad de México,CDMX,Sarampion,0,boletin_pdf,0.0,0.0,0.0,0.0,False,False,False,0,False
2021,46,2021-11-15,Jalisco,Guadalajara,Erisipela,1,boletin_pdf,11.5,4.123105625617661,19.746211251235323,-2.546624062881496,False,False,False,0,False
2021,46,2021-11-15,Jalisco,Guadalajara,Escarlatina,1,boletin_pdf,8.0,2.8284271247461903,13.65685424949238,-2.4748737341529163,False,False,False,0,False
2021,46,2021-11-15,Jalisco,Guadalajara,Rubeola,0,boletin_pdf,0.0,0.0,0.0,0.0,False,False,False,0,False
2021,46,2021-11-15,Jalisco,Guadalajara,Sarampion,0,boletin_pdf,0.0,0.0,0.0,0.0,False,False,False,0,False
2021,46,2021-11-15,Nuevo León,Monterrey,Erisipela,27,boletin_pdf,92.5,10.246950765959598,112.99390153191919,-6.3921454778128926,False,False,False,0,False
2021,46,2021-11-15,Nuevo León,Monterrey,Escarlatina,0,boletin_pdf,8.5,4.123105625617661,16.746211251235323,-2.0615528128088303,False,False,False,0,False
2021,46,2021-11-15,Nuevo León,Monterrey,Rubeola,0,boletin_pdf,0.0,0.0,0.0,0.0,False,False,False,0,False
2021,46,2021-11-15,Nuevo León,Monterrey,Sarampion,0,boletin_pdf,0.0,0.0,0.0,0.0,False,False,False,0,False
2021,47,2021-11-22,Ciudad de México,CDMX,Erisipela,3,boletin_pdf,3.5,4.123105625617661,11.746211251235321,-0.12126781251816648,False,False,False,0,False
2021,47,2021-11-22,Ciudad de México,CDMX,Escarlatina,3,boletin_pdf,9.0,6.6332495807108,22.2664991614216,-0.9045340337332909,False,False,False,0,False
2021,47,2021-11-22,Ciudad de México,CDMX,Rubeola,0,boletin_pdf,0.0,0.0,0.0,0.0,False,False,False,0,False
2021,47,2021-11-22,Ciudad de México,CDMX,Sarampion,0,boletin_pdf,0.0,0.0,0.0,0.0,False,False,False,0,False
2021,47,2021-11-22,Jalisco,Guadalajara,Erisipela,6,boletin_pdf,10.5,4.43471156521669,19.369423130433383,-1.014722137803819,False,False,False,0,False
2021,47,2021-11-22,Jalisco,Guadalajara,Escarlatina,0,boletin_pdf,4.0,3.265986323710904,10.531972647421808,-1.224744871391589,False,False,False,0,False
2021,47,2021-11-22,Jalisco,Guadalajara,Rubeola,0,boletin_pdf,0.0,0.0,0.0,0.0,False,False,False,0,False
2021,47,2021-11-22,Jalisco,Guadalajara,Sarampion,0,boletin_pdf,0.0,0.0,0.0,0.0,False,False,False,0,False
2021,47,2021-11-22,Nuevo León,Monterrey,Erisipela,20,boletin_pdf,70.0,21.602468994692867,113.20493798938574,-2.3145502494313788,False,False,False,0,False
2021,47,2021-11-22,Nuevo León,Monterrey,Escarlatina,0,boletin_pdf,5.5,4.43471156521669,14.36942313043338,-1.2402159462046676,False,False,False,0,False
2021,47,2021-11-22,Nuevo León,Monterrey,Rubeola,0,boletin_pdf,0.0,0.0,0.0,0.0,False,False,False,0,False
2021,47,2021-11-22,Nuevo León,Monterrey,Sarampion,0,boletin_pdf,0.0,0.0,0.0,0.0,False,False,False,0,False
2021,48,2021-11-29,Ciudad de México,CDMX,Erisipela,3,boletin_pdf,15.0,11.135528725660043,37.27105745132009,-1.0776318121606494,False,False,False,0,False
2021,48,2021-11-29,Ciudad de México,CDMX,Escarlatina,4,boletin_pdf,14.5,12.793227374930325,40.08645474986065,-0.8207467664161003,False,False,False,0,False
2021,48,2021-11-29,Ciudad de México,CDMX,Rubeola,0,boletin_pdf,0.0,0.0,0.0,0.0,False,False,False,0,False
2021,48,2021-11-29,Ciudad de México,CDMX,Sarampion,0,SEFE_pdf,0.0,0.0,0.0,0.0,False,False,False,0,False
2021,48,2021-11-29,Jalisco,Guadalajara,Erisipela,7,boletin_pdf,9.0,3.4641016151377544,15.928203230275509,-0.5773502691896258,False,False,False,0,False
2021,48,2021-11-29,Jalisco,Guadalajara,Escarlatina,3,boletin_pdf,3.5,1.0,5.5,-0.5,False,False,False,0,False
2021,48,2021-11-29,Jalisco,Guadalajara,Rubeola,0,boletin_pdf,0.0,0.0,0.0,0.0,False,False,False,0,False
2021,48,2021-11-29,Jalisco,Guadalajara,Sarampion,0,SEFE_pdf,0.0,0.0,0.0,0.0,False,False,False,0,False
2021,48,2021-11-29,Nuevo León,Monterrey,Erisipela,26,boletin_pdf,59.0,6.2182527020592095,71.43650540411842,-5.306957047447085,False,False,False,0,False
2021,48,2021-11-29,Nuevo León,Monterrey,Escarlatina,0,boletin_pdf,16.5,21.80978373727412,60.11956747454824,-0.7565412018185487,False,False,False,0,False
2021,48,2021-11-29,Nuevo León,Monterrey,Rubeola,0,boletin_pdf,0.0,0.0,0.0,0.0,False,False,False,0,False
2021,48,2021-11-29,Nuevo León,Monterrey,Sarampion,0,SEFE_pdf,0.0,0.0,0.0,0.0,False,False,False,0,False
2021,49,2021-12-06,Ciudad de México,CDMX,Erisipela,4,boletin_pdf,10.5,10.246950765959598,30.993901531919196,-0.6343350474165466,False,False,False,0,False
2021,49,2021-12-06,Ciudad de México,CDMX,Escarlatina,0,boletin_pdf,14.0,9.38083151964686,32.76166303929372,-1.4924050144892729,False,False,False,0,False
2021,49,2021-12-06,Ciudad de México,CDMX,Rubeola,0,boletin_pdf,0.0,0.0,0.0,0.0,False,False,False,0,False
2021,49,2021-12-06,Ciudad de México,CDMX,Sarampion,0,boletin_pdf,0.0,0.0,0.0,0.0,False,False,False,0,False
2021,49,2021-12-06,Jalisco,Guadalajara,Erisipela,2,boletin_pdf,2.5,1.9148542155126762,6.329708431025352,-0.26111648393354675,False,False,False,0,False
2021,49,2021-12-06,Jalisco,Guadalajara,Escarlatina,1,boletin_pdf,7.0,5.773502691896258,18.547005383792516,-1.0392304845413263,False,False,False,0,False
2021,49,2021-12-06,Jalisco,Guadalajara,Rubeola,0,boletin_pdf,0.0,0.0,0.0,0.0,False,False,False,0,False
2021,49,2021-12-06,Jalisco,Guadalajara,Sarampion,0,boletin_pdf,0.0,0.0,0.0,0.0,False,False,False,0,False
2021,49,2021-12-06,Nuevo León,Monterrey,Erisipela,27,boletin_pdf,66.5,9.146948489341495,84.793896978683,-4.3183800636930965,False,False,False,0,False
2021,49,2021-12-06,Nuevo León,Monterrey,Escarlatina,3,boletin_pdf,8.0,4.898979485566356,17.79795897113271,-1.0206207261596576,False,False,False,0,False
2021,49,2021-12-06,Nuevo León,Monterrey,Rubeola,0,boletin_pdf,0.0,0.0,0.0,0.0,False,False,False,0,False
2021,49,2021-12-06,Nuevo León,Monterrey,Sarampion,0,boletin_pdf,0.0,0.0,0.0,0.0,False,False,False,0,False
2021,50,2021-12-13,Ciudad de México,CDMX,Erisipela,4,boletin_pdf,10.5,9.0,28.5,-0.7222222222222222,False,False,False,0,False
2021,50,2021-12-13,Ciudad de México,CDMX,Escarlatina,2,boletin_pdf,10.5,8.225975119502044,26.951950239004088,-1.0333121455532124,False,False,False,0,False
2021,50,2021-12-13,Ciudad de México,CDMX,Rubeola,0,boletin_pdf,0.0,0.0,0.0,0.0,False,False,False,0,False
2021,50,2021-12-13,Ciudad de México,CDMX,Sarampion,0,boletin_pdf,0.0,0.0,0.0,0.0,False,False,False,0,False
2021,50,2021-12-13,Jalisco,Guadalajara,Erisipela,3,boletin_pdf,9.5,5.0,19.5,-1.3,False,False,False,0,False
2021,50,2021-12-13,Jalisco,Guadalajara,Escarlatina,0,boletin_pdf,2.5,2.516611478423583,7.533222956847166,-0.9933992677987828,False,False,False,0,False
2021,50,2021-12-13,Jalisco,Guadalajara,Rubeola,0,boletin_pdf,0.0,0.0,0.0,0.0,False,False,False,0,False
2021,50,2021-12-13,Jalisco,Guadalajara,Sarampion,0,boletin_pdf,0.0,0.0,0.0,0.0,False,False,False,0,False
2021,50,2021-12-13,Nuevo León,Monterrey,Erisipela,28,boletin_pdf,78.0,12.328828005937952,102.6576560118759,-4.055535528269064,False,False,False,0,False
2021,50,2021-12-13,Nuevo León,Monterrey,Escarlatina,0,boletin_pdf,3.5,2.516611478423583,8.533222956847165,-1.390758974918296,False,False,False,0,False
2021,50,2021-12-13,Nuevo León,Monterrey,Rubeola,0,boletin_pdf,0.0,0.0,0.0,0.0,False,False,False,0,False
2021,50,2021-12-13,Nuevo León,Monterrey,Sarampion,0,boletin_pdf,0.0,0.0,0.0,0.0,False,False,False,0,False
2021,51,2021-12-20,Ciudad de México,CDMX,Erisipela,1,boletin_pdf,6.5,5.972157622389639,18.444315244779276,-0.9209401941068136,False,False,False,0,False
2021,51,2021-12-20,Ciudad de México,CDMX,Escarlatina,2,boletin_pdf,14.5,13.203534880225574,40.90706976045115,-0.9467161721003039,False,False,False,0,False
2021,51,2021-12-20,Ciudad de México,CDMX,Rubeola,0,boletin_pdf,0.0,0.0,0.0,0.0,False,False,False,0,False
2021,51,2021-12-20,Ciudad de México,CDMX,Sarampion,0,boletin_pdf,0.0,0.0,0.0,0.0,False,False,False,0,False
2021,51,2021-12-20,Jalisco,Guadalajara,Erisipela,4,boletin_pdf,6.0,4.320493798938574,14.640987597877148,-0.4629100498862757,False,False,False,0,False
2021,51,2021-12-20,Jalisco,Guadalajara,Escarlatina,1,boletin_pdf,9.0,6.6332495807108,22.2664991614216,-1.2060453783110545,False,False,False,0,False
2021,51,2021-12-20,Jalisco,Guadalajara,Rubeola,0,boletin_pdf,0.0,0.0,0.0,0.0,False,False,False,0,False
2021,51,2021-12-20,Jalisco,Guadalajara,Sarampion,0,boletin_pdf,0.0,0.0,0.0,0.0,False,False,False,0,False
2021,51,2021-12-20,Nuevo León,Monterrey,Erisipela,37,boletin_pdf,59.0,10.132456102380443,79.26491220476089,-2.1712405933672376,False,False,False,0,False
2021,51,2021-12-20,Nuevo León,Monterrey,Escarlatina,0,boletin_pdf,4.5,4.43471156521669,13.36942313043338,-1.014722137803819,False,False,False,0,False
2021,51,2021-12-20,Nuevo León,Monterrey,Rubeola,0,boletin_pdf,0.0,0.0,0.0,0.0,False,False,False,0,False
2021,51,2021-12-20,Nuevo León,Monterrey,Sarampion,0,boletin_pdf,0.0,0.0,0.0,0.0,False,False,False,0,False
2021,52,2021-12-27,Ciudad de México,CDMX,Erisipela,2,boletin_pdf,5.5,3.7859388972001824,13.071877794400365,-0.924473451641905,False,False,False,0,False
2021,52,2021-12-27,Ciudad de México,CDMX,Escarlatina,0,boletin_pdf,10.5,11.474609652039003,33.44921930407801,-0.9150638076942497,False,False,False,0,False
2021,52,2021-12-27,Ciudad de México,CDMX,Rubeola,0,boletin_pdf,0.0,0.0,0.0,0.0,False,False,False,0,False
2021,52,2021-12-27,Ciudad de México,CDMX,Sarampion,0,boletin_pdf,0.0,0.0,0.0,0.0,False,False,False,0,False
2021,52,2021-12-27,Jalisco,Guadalajara,Erisipela,1,boletin_pdf,4.5,1.9148542155126762,8.329708431025352,-1.8278153875348273,False,False,False,0,False
2021,52,2021-12-27,Jalisco,Guadalajara,Escarlatina,0,boletin_pdf,5.5,5.7445626465380295,16.989125293076057,-0.957427107756338,False,False,False,0,False
2021,52,2021-12-27,Jalisco,Guadalajara,Rubeola,0,boletin_pdf,0.0,0.0,0.0,0.0,False,False,False,0,False
2021,52,2021-12-27,Jalisco,Guadalajara,Sarampion,0,boletin_pdf,0.0,0.0,0.0,0.0,False,False,False,0,False
2021,52,2021-12-27,Nuevo León,Monterrey,Erisipela,12,boletin_pdf,50.5,15.351438586225939,81.20287717245188,-2.507908283888396,False,False,False,0,False
2021,52,2021-12-27,Nuevo León,Monterrey,Escarlatina,0,boletin_pdf,9.0,12.701705922171767,34.40341184434354,-0.7085662394599952,False,False,False,0,False
2021,52,2021-12-27,Nuevo León,Monterrey,Rubeola,0,boletin_pdf,0.0,0.0,0.0,0.0,False,False,False,0,False
2021,52,2021-12-27,Nuevo León,Monterrey,Sarampion,0,boletin_pdf,0.0,0.0,0.0,0.0,False,False,False,0,False
2021,53,2021-12-27,Ciudad de México,CDMX,Erisipela,0,boletin_pdf,0.0,0.0,0.0,0.0,False,False,False,0,False
2021,53,2021-12-27,Ciudad de México,CDMX,Escarlatina,0,boletin_pdf,0.0,0.0,0.0,0.0,False,False,False,0,False
2021,53,2021-12-27,Ciudad de México,CDMX,Rubeola,0,boletin_pdf,0.0,0.0,0.0,0.0,False,False,False,0,False
2021,53,2021-12-27,Ciudad de México,CDMX,Sarampion,0,boletin_pdf,0.0,0.0,0.0,0.0,False,False,False,0,False
2021,53,2021-12-27,Jalisco,Guadalajara,Erisipela,0,boletin_pdf,0.0,0.0,0.0,0.0,False,False,False,0,False
2021,53,2021-12-27,Jalisco,Guadalajara,Escarlatina,0,boletin_pdf,0.0,0.0,0.0,0.0,False,False,False,0,False
2021,53,2021-12-27,Jalisco,Guadalajara,Rubeola,0,boletin_pdf,0.0,0.0,0.0,0.0,False,False,False,0,False
2021,53,2021-12-27,Jalisco,Guadalajara,Sarampion,0,boletin_pdf,0.0,0.0,0.0,0.0,False,False,False,0,False
2021,53,2021-12-27,Nuevo León,Monterrey,Erisipela,0,boletin_pdf,0.0,0.0,0.0,0.0,False,False,False,0,False
2021,53,2021-12-27,Nuevo León,Monterrey,Escarlatina,0,boletin_pdf,0.0,0.0,0.0,0.0,False,False,False,0,False
2021,53,2021-12-27,Nuevo León,Monterrey,Rubeola,0,boletin_pdf,0.0,0.0,0.0,0.0,False,False,False,0,False
2021,53,2021-12-27,Nuevo León,Monterrey,Sarampion,0,boletin_pdf,0.0,0.0,0.0,0.0,False,False,False,0,False
2022,1,2022-01-03,Ciudad de México,CDMX,Erisipela,6,boletin_pdf,3.0,6.0,15.0,0.5,False,False,False,0,False
2022,1,2022-01-03,Ciudad de México,CDMX,Escarlatina,2,boletin_pdf,2.0,2.8284271247461903,7.656854249492381,0.0,False,False,False,0,False
2022,1,2022-01-03,Ciudad de México,CDMX,Rubeola,0,boletin_pdf,0.0,0.0,0.0,0.0,False,False,False,0,False
2022,1,2022-01-03,Ciudad de México,CDMX,Sarampion,0,SEFE_pdf,0.0,0.0,0.0,0.0,False,False,False,0,False
2022,1,2022-01-03,Jalisco,Guadalajara,Erisipela,2,boletin_pdf,6.0,4.898979485566356,15.797958971132712,-0.8164965809277261,False,False,False,0,False
2022,1,2022-01-03,Jalisco,Guadalajara,Escarlatina,0,boletin_pdf,3.0,2.5819888974716108,8.163977794943222,-1.1618950038622253,False,False,False,0,False
2022,1,2022-01-03,Jalisco,Guadalajara,Rubeola,0,boletin_pdf,0.0,0.0,0.0,0.0,False,False,False,0,False
2022,1,2022-01-03,Jalisco,Guadalajara,Sarampion,0,SEFE_pdf,0.0,0.0,0.0,0.0,False,False,False,0,False
2022,1,2022-01-03,Nuevo León,Monterrey,Erisipela,16,boletin_pdf,51.5,20.6801031589948,92.8602063179896,-1.7166258662766531,False,False,False,0,False
2022,1,2022-01-03,Nuevo León,Monterrey,Escarlatina,2,boletin_pdf,5.5,5.7445626465380295,16.989125293076057,-0.6092717958449424,False,False,False,0,False
2022,1,2022-01-03,Nuevo León,Monterrey,Rubeola,0,boletin_pdf,0.0,0.0,0.0,0.0,False,False,False,0,False
2022,1,2022-01-03,Nuevo León,Monterrey,Sarampion,0,SEFE_pdf,0.0,0.0,0.0,0.0,False,False,False,0,False
2022,2,2022-01-10,Ciudad de México,CDMX,Erisipela,2,boletin_pdf,4.5,5.744562646538029,15.989125293076057,-0.4351941398892446,False,False,False,0,False
2022,2,2022-01-10,Ciudad de México,CDMX,Escarlatina,1,boletin_pdf,2.5,3.785938897200182,10.071877794400365,-0.3962029078465308,False,False,False,0,False
2022,2,2022-01-10,Ciudad de México,CDMX,Rubeola,0,boletin_pdf,0.0,0.0,0.0,0.0,False,False,False,0,False
2022,2,2022-01-10,Ciudad de México,CDMX,Sarampion,0,boletin_pdf,0.0,0.0,0.0,0.0,False,False,False,0,False
2022,2,2022-01-10,Jalisco,Guadalajara,Erisipela,6,boletin_pdf,7.0,4.163331998932265,15.32666399786453,-0.2401922307076307,False,False,False,0,False
2022,2,2022-01-10,Jalisco,Guadalajara,Escarlatina,1,boletin_pdf,8.0,3.265986323710904,14.531972647421808,-2.143303524935281,False,False,False,0,False
2022,2,2022-01-10,Jalisco,Guadalajara,Rubeola,0,boletin_pdf,0.0,0.0,0.0,0.0,False,False,False,0,False
2022,2,2022-01-10,Jalisco,Guadalajara,Sarampion,0,boletin_pdf,0.0,0.0,0.0,0.0,False,False,False,0,False
2022,2,2022-01-10,Nuevo León,Monterrey,Erisipela,24,boletin_pdf,61.0,9.309493362512628,79.61898672502525,-3.9744375509188523,False,False,False,0,False
2022,2,2022-01-10,Nuevo León,Monterrey,Escarlatina,1,boletin_pdf,1.5,1.0,3.5,-0.5,False,False,False,0,False
2022,2,2022-01-10,Nuevo León,Monterrey,Rubeola,0,boletin_pdf,0.0,0.0,0.0,0.0,False,False,False,0,False
2022,2,2022-01-10,Nuevo León,Monterrey,Sarampion,0,boletin_pdf,0.0,0.0,0.0,0.0,False,False,False,0,False
2022,3,2022-01-17,Ciudad de México,CDMX,Erisipela,3,boletin_pdf,5.0,5.773502691896257,16.547005383792516,-0.34641016151377546,False,False,False,0,False
2022,3,2022-01-17,Ciudad de México,CDMX,Escarlatina,2,boletin_pdf,3.5,5.744562646538029,14.989125293076057,-0.26111648393354675,False,False,False,0,False
2022,3,2022-01-17,Ciudad de México,CDMX,Rubeola,0,boletin_pdf,0.0,0.0,0.0,0.0,False,False,False,0,False
2022,3,2022-01-17,Ciudad de México,CDMX,Sarampion,0,boletin_pdf,0.0,0.0,0.0,0.0,False,False,False,0,False
2022,3,2022-01-17,Jalisco,Guadalajara,Erisipela,4,boletin_pdf,6.0,4.0,14.0,-0.5,False,False,False,0,False
2022,3,2022-01-17,Jalisco,Guadalajara,Escarlatina,1,boletin_pdf,6.5,2.9999999999999996,12.5,-1.8333333333333337,False,False,False,0,False
2022,3,2022-01-17,Jalisco,Guadalajara,Rubeola,0,boletin_pdf,0.0,0.0,0.0,0.0,False,False,False,0,False
2022,3,2022-01-17,Jalisco,Guadalajara,Sarampion,0,boletin_pdf,0.0,0.0,0.0,0.0,False,False,False,0,False
2022,3,2022-01-17,Nuevo León,Monterrey,Erisipela,15,boletin_pdf,77.0,16.77299416721217,110.54598833442434,-3.696418145854813,False,False,False,0,False
2022,3,2022-01-17,Nuevo León,Monterrey,Escarlatina,0,boletin_pdf,4.0,2.8284271247461903,9.65685424949238,-1.414213562373095,False,False,False,0,False
2022,3,2022-01-17,Nuevo León,Monterrey,Rubeola,0,boletin_pdf,0.0,0.0,0.0,0.0,False,False,False,0,False
2022,3,2022-01-17,Nuevo León,Monterrey,Sarampion,0,boletin_pdf,0.0,0.0,0.0,0.0,False,False,False,0,False
2022,4,2022-01-24,Ciudad de México,CDMX,Erisipela,2,boletin_pdf,4.5,6.60807586719967,17.71615173439934,-0.3783249542289887,False,False,False,0,False
2022,4,2022-01-24,Ciudad de México,CDMX,Escarlatina,0,boletin_pdf,6.0,6.928203230275509,19.856406460551018,-0.8660254037844387,False,False,False,0,False
2022,4,2022-01-24,Ciudad de México,CDMX,Rubeola,0,boletin_pdf,0.0,0.0,0.0,0.0,False,False,False,0,False
2022,4,2022-01-24,Ciudad de México,CDMX,Sarampion,0,boletin_pdf,0.0,0.0,0.0,0.0,False,False,False,0,False
2022,4,2022-01-24,Jalisco,Guadalajara,Erisipela,2,boletin_pdf,9.0,3.8297084310253524,16.659416862050705,-1.8278153875348273,False,False,False,0,False
2022,4,2022-01-24,Jalisco,Guadalajara,Escarlatina,0,boletin_pdf,5.0,3.8297084310253524,12.659416862050705,-1.3055824196677337,False,False,False,0,False
2022,4,2022-01-24,Jalisco,Guadalajara,Rubeola,0,boletin_pdf,0.0,0.0,0.0,0.0,False,False,False,0,False
2022,4,2022-01-24,Jalisco,Guadalajara,Sarampion,0,boletin_pdf,0.0,0.0,0.0,0.0,False,False,False,0,False
2022,4,2022-01-24,Nuevo León,Monterrey,Erisipela,10,boletin_pdf,55.5,5.507570547286103,66.5151410945722,-8.261355820929152,False,False,False,0,False
2022,4,2022-01-24,Nuevo León,Monterrey,Escarlatina,0,boletin_pdf,4.0,4.320493798938574,12.640987597877148,-0.9258200997725514,False,False,False,0,False
2022,4,2022-01-24,Nuevo León,Monterrey,Rubeola,0,boletin_pdf,0.0,0.0,0.0,0.0,False,False,False,0,False
2022,4,2022-01-24,Nuevo León,Monterrey,Sarampion,0,boletin_pdf,0.0,0.0,0.0,0.0,False,False,False,0,False
2022,5,2022-01-31,Ciudad de México,CDMX,Erisipela,2,boletin_pdf,6.5,8.54400374531753,23.58800749063506,-0.5266851623825876,False,False,False,0,False
2022,5,2022-01-31,Ciudad de México,CDMX,Escarlatina,0,boletin_pdf,8.0,10.456258094238748,28.912516188477497,-0.7650920556760059,False,False,False,0,False
2022,5,2022-01-31,Ciudad de México,CDMX,Rubeola,0,boletin_pdf,0.0,0.0,0.0,0.0,False,False,False,0,False
2022,5,2022-01-31,Ciudad de México,CDMX,Sarampion,0,SEFE_pdf,0.0,0.0,0.0,0.0,False,False,False,0,False
2022,5,2022-01-31,Jalisco,Guadalajara,Erisipela,4,boletin_pdf,8.0,3.6514837167011076,15.302967433402216,-1.0954451150103321,False,False,False,0,False
2022,5,2022-01-31,Jalisco,Guadalajara,Escarlatina,1,boletin_pdf,5.0,3.4641016151377544,11.928203230275509,-1.1547005383792517,False,False,False,0,False
2022,5,2022-01-31,Jalisco,Guadalajara,Rubeola,0,boletin_pdf,0.0,0.0,0.0,0.0,False,False,False,0,False
2022,5,2022-01-31,Jalisco,Guadalajara,Sarampion,0,SEFE_pdf,0.0,0.0,0.0,0.0,False,False,False,0,False
2022,5,2022-01-31,Nuevo León,Monterrey,Erisipela,8,boletin_pdf,69.0,7.745966692414834,84.49193338482966,-7.875066137288414,False,False,False,0,False
2022,5,2022-01-31,Nuevo León,Monterrey,Escarlatina,0,boletin_pdf,5.0,2.0,9.0,-2.5,False,False,False,0,False
2022,5,2022-01-31,Nuevo León,Monterrey,Rubeola,0,boletin_pdf,0.0,0.0,0.0,0.0,False,False,False,0,False
2022,5,2022-01-31,Nuevo León,Monterrey,Sarampion,0,SEFE_pdf,0.0,0.0,0.0,0.0,False,False,False,0,False
2022,6,2022-02-07,Ciudad de México,CDMX,Erisipela,4,boletin_pdf,8.0,9.797958971132712,27.595917942265423,-0.4082482904638631,False,False,False,0,False
2022,6,2022-02-07,Ciudad de México,CDMX,Escarlatina,2,boletin_pdf,9.0,10.519822558706334,30.039645117412668,-0.6654104630507017,False,False,False,0,False
2022,6,2022-02-07,Ciudad de México,CDMX,Rubeola,0,boletin_pdf,0.0,0.0,0.0,0.0,False,False,False,0,False
2022,6,2022-02-07,Ciudad de México,CDMX,Sarampion,0,boletin_pdf,0.0,0.0,0.0,0.0,False,False,False,0,False
2022,6,2022-02-07,Jalisco,Guadalajara,Erisipela,2,boletin_pdf,3.5,1.9148542155126762,7.329708431025352,-0.7833494518006403,False,False,False,0,False
2022,6,2022-02-07,Jalisco,Guadalajara,Escarlatina,1,boletin_pdf,5.5,1.9148542155126762,9.329708431025352,-2.350048355401921,False,False,False,0,False
2022,6,2022-02-07,Jalisco,Guadalajara,Rubeola,0,boletin_pdf,0.0,0.0,0.0,0.0,False,False,False,0,False
2022,6,2022-02-07,Jalisco,Guadalajara,Sarampion,0,boletin_pdf,0.0,0.0,0.0,0.0,False,False,False,0,False
2022,6,2022-02-07,Nuevo León,Monterrey,Erisipela,23,boletin_pdf,69.5,9.71253485622231,88.92506971244462,-4.787627605805697,False,False,False,0,False
2022,6,2022-02-07,Nuevo León,Monterrey,Escarlatina,0,boletin_pdf,5.5,4.123105625617661,13.746211251235321,-1.3339459376998313,False,False,False,0,False
2022,6,2022-02-07,Nuevo León,Monterrey,Rubeola,0,boletin_pdf,0.0,0.0,0.0,0.0,False,False,False,0,False
2022,6,2022-02-07,Nuevo León,Monterrey,Sarampion,0,boletin_pdf,0.0,0.0,0.0,0.0,False,False,False,0,False
2022,7,2022-02-14,Ciudad de México,CDMX,Erisipela,1,boletin_pdf,5.0,6.6332495807108,18.2664991614216,-0.6030226891555273,False,False,False,0,False
2022,7,2022-02-14,Ciudad de México,CDMX,Escarlatina,1,boletin_pdf,5.0,6.6332495807108,18.2664991614216,-0.6030226891555273,False,False,False,0,False
2022,7,2022-02-14,Ciudad de México,CDMX,Rubeola,0,boletin_pdf,0.0,0.0,0.0,0.0,False,False,False,0,False
2022,7,2022-02-14,Ciudad de México,CDMX,Sarampion,0,boletin_pdf,0.0,0.0,0.0,0.0,False,False,False,0,False
2022,7,2022-02-14,Jalisco,Guadalajara,Erisipela,6,boletin_pdf,8.0,3.6514837167011076,15.302967433402216,-0.5477225575051661,False,False,False,0,False
2022,7,2022-02-14,Jalisco,Guadalajara,Escarlatina,0,boletin_pdf,5.0,2.581988897471611,10.163977794943222,-1.9364916731037085,False,False,False,0,False
2022,7,2022-02-14,Jalisco,Guadalajara,Rubeola,0,boletin_pdf,0.0,0.0,0.0,0.0,False,False,False,0,False
2022,7,2022-02-14,Jalisco,Guadalajara,Sarampion,0,boletin_pdf,0.0,0.0,0.0,0.0,False,False,False,0,False
2022,7,2022-02-14,Nuevo León,Monterrey,Erisipela,18,boletin_pdf,72.5,13.79613472438325,100.0922694487665,-3.9503818343899506,False,False,False,0,False
2022,7,2022-02-14,Nuevo León,Monterrey,Escarlatina,0,boletin_pdf,7.0,6.6332495807108,20.2664991614216,-1.0552897060221726,False,False,False,0,False
2022,7,2022-02-14,Nuevo León,Monterrey,Rubeola,0,boletin_pdf,0.0,0.0,0.0,0.0,False,False,False,0,False
2022,7,2022-02-14,Nuevo León,Monterrey,Sarampion,0,boletin_pdf,0.0,0.0,0.0,0.0,False,False,False,0,False
2022,8,2022-02-21,Ciudad de México,CDMX,Erisipela,1,boletin_pdf,10.0,12.000000000000002,34.0,-0.7499999999999999,False,False,False,0,False
2022,8,2022-02-21,Ciudad de México,CDMX,Escarlatina,4,boletin_pdf,6.0,9.521904571390465,25.04380914278093,-0.21004201260420152,False,False,False,0,False
2022,8,2022-02-21,Ciudad de México,CDMX,Rubeola,0,boletin_pdf,0.0,0.0,0.0,0.0,False,False,False,0,False
2022,8,2022-02-21,Ciudad de México,CDMX,Sarampion,0,boletin_pdf,0.0,0.0,0.0,0.0,False,False,False,0,False
2022,8,2022-02-21,Jalisco,Guadalajara,Erisipela,4,boletin_pdf,7.0,4.760952285695233,16.521904571390465,-0.6301260378126045,False,False,False,0,False
2022,8,2022-02-21,Jalisco,Guadalajara,Escarlatina,2,boletin_pdf,6.0,4.320493798938574,14.640987597877148,-0.9258200997725514,False,False,False,0,False
2022,8,2022-02-21,Jalisco,Guadalajara,Rubeola,0,boletin_pdf,0.0,0.0,0.0,0.0,False,False,False,0,False
2022,8,2022-02-21,Jalisco,Guadalajara,Sarampion,0,boletin_pdf,0.0,0.0,0.0,0.0,False,False,False,0,False
2022,8,2022-02-21,Nuevo León,Monterrey,Erisipela,22,boletin_pdf,79.0,21.19748412744619,121.39496825489238,-2.688998357413427,False,False,False,0,False
2022,8,2022-02-21,Nuevo León,Monterrey,Escarlatina,3,boletin_pdf,7.0,4.760952285695232,16.521904571390465,-0.8401680504168061,False,False,False,0,False
2022,8,2022-02-21,Nuevo León,Monterrey,Rubeola,0,boletin_pdf,0.0,0.0,0.0,0.0,False,False,False,0,False
2022,8,2022-02-21,Nuevo León,Monterrey,Sarampion,0,boletin_pdf,0.0,0.0,0.0,0.0,False,False,False,0,False
2022,9,2022-02-28,Ciudad de México,CDMX,Erisipela,2,boletin_pdf,7.5,10.376254944182254,28.252509888364507,-0.5300563671176693,False,False,False,0,False
2022,9,2022-02-28,Ciudad de México,CDMX,Escarlatina,1,boletin_pdf,9.5,11.704699910719626,32.90939982143925,-0.7262040090592468,False,False,False,0,False
2022,9,2022-02-28,Ciudad de México,CDMX,Rubeola,0,boletin_pdf,0.0,0.0,0.0,0.0,False,False,False,0,False
2022,9,2022-02-28,Ciudad de México,CDMX,Sarampion,0,SEFE_pdf,0.0,0.0,0.0,0.0,False,False,False,0,False
2022,9,2022-02-28,Jalisco,Guadalajara,Erisipela,4,boletin_pdf,6.5,3.415650255319866,13.331300510639732,-0.7319250547113999,False,False,False,0,False
2022,9,2022-02-28,Jalisco,Guadalajara,Escarlatina,2,boletin_pdf,5.5,3.415650255319866,12.331300510639732,-1.02469507659596,False,False,False,0,False
2022,9,2022-02-28,Jalisco,Guadalajara,Rubeola,0,boletin_pdf,0.0,0.0,0.0,0.0,False,False,False,0,False
2022,9,2022-02-28,Jalisco,Guadalajara,Sarampion,0,SEFE_pdf,0.0,0.0,0.0,0.0,False,False,False,0,False
2022,9,2022-02-28,Nuevo León,Monterrey,Erisipela,23,boletin_pdf,91.5,22.8837642591132,137.2675285182264,-2.993388641150708,False,False,False,0,False
2022,9,2022-02-28,Nuevo León,Monterrey,Escarlatina,0,boletin_pdf,6.5,4.123105625617661,14.746211251235321,-1.5764815627361644,False,False,False,0,False
2022,9,2022-02-28,Nuevo León,Monterrey,Rubeola,0,boletin_pdf,0.0,0.0,0.0,0.0,False,False,False,0,False
2022,9,2022-02-28,Nuevo León,Monterrey,Sarampion,0,SEFE_pdf,0.0,0.0,0.0,0.0,False,False,False,0,False
2022,10,2022-03-07,Ciudad de México,CDMX,Erisipela,6,boletin_pdf,5.5,4.123105625617661,13.746211251235321,0.12126781251816648,False,False,False,0,False
2022,10,2022-03-07,Ciudad de México,CDMX,Escarlatina,0,boletin_pdf,18.5,14.45683229480096,47.41366458960192,-1.279671758152238,False,False,False,0,False
2022,10,2022-03-07,Ciudad de México,CDMX,Rubeola,0,boletin_pdf,0.0,0.0,0.0,0.0,False,False,False,0,False
2022,10,2022-03-07,Ciudad de México,CDMX,Sarampion,0,boletin_pdf,0.0,0.0,0.0,0.0,False,False,False,0,False
2022,10,2022-03-07,Jalisco,Guadalajara,Erisipela,2,boletin_pdf,9.5,1.9148542155126764,13.329708431025352,-3.916747259003201,False,False,False,0,False
2022,10,2022-03-07,Jalisco,Guadalajara,Escarlatina,0,boletin_pdf,4.5,2.516611478423583,9.533222956847165,-1.7881186820378092,False,False,False,0,False
2022,10,2022-03-07,Jalisco,Guadalajara,Rubeola,0,boletin_pdf,0.0,0.0,0.0,0.0,False,False,False,0,False
2022,10,2022-03-07,Jalisco,Guadalajara,Sarampion,0,boletin_pdf,0.0,0.0,0.0,0.0,False,False,False,0,False
2022,10,2022-03-07,Nuevo León,Monterrey,Erisipela,17,boletin_pdf,89.5,17.0,123.5,-4.264705882352941,False,False,False,0,False
2022,10,2022-03-07,Nuevo León,Monterrey,Escarlatina,1,boletin_pdf,9.5,9.0,27.5,-0.9444444444444444,False,False,False,0,False
2022,10,2022-03-07,Nuevo León,Monterrey,Rubeola,0,boletin_pdf,0.0,0.0,0.0,0.0,False,False,False,0,False
2022,10,2022-03-07,Nuevo León,Monterrey,Sarampion,0,boletin_pdf,0.0,0.0,0.0,0.0,False,False,False,0,False
2022,11,2022-03-14,Ciudad de México,CDMX,Erisipela,3,boletin_pdf,16.0,10.954451150103322,37.90890230020665,-1.18673220792786,False,False,False,0,False
2022,11,2022-03-14,Ciudad de México,CDMX,Escarlatina,1,boletin_pdf,20.0,13.856406460551018,47.712812921102035,-1.3712068893253613,False,False,False,0,False
2022,11,2022-03-14,Ciudad de México,CDMX,Rubeola,0,boletin_pdf,0.0,0.0,0.0,0.0,False,False,False,0,False
2022,11,2022-03-14,Ciudad de México,CDMX,Sarampion,0,boletin_pdf,0.0,0.0,0.0,0.0,False,False,False,0,False
2022,11,2022-03-14,Jalisco,Guadalajara,Erisipela,2,boletin_pdf,7.5,4.725815626252609,16.951631252505216,-1.163820266166687,False,False,False,0,False
2022,11,2022-03-14,Jalisco,Guadalajara,Escarlatina,2,boletin_pdf,5.5,4.725815626252608,14.951631252505216,-0.7406128966515283,False,False,False,0,False
2022,11,2022-03-14,Jalisco,Guadalajara,Rubeola,0,boletin_pdf,0.0,0.0,0.0,0.0,False,False,False,0,False
2022,11,2022-03-14,Jalisco,Guadalajara,Sarampion,0,boletin_pdf,0.0,0.0,0.0,0.0,False,False,False,0,False
2022,11,2022-03-14,Nuevo León,Monterrey,Erisipela,20,boletin_pdf,74.0,9.521904571390467,93.04380914278093,-5.67113434031344,False,False,False,0,False
2022,11,2022-03-14,Nuevo León,Monterrey,Escarlatina,0,boletin_pdf,5.0,4.760952285695233,14.521904571390467,-1.0502100630210074,False,False,False,0,False
2022,11,2022-03-14,Nuevo León,Monterrey,Rubeola,0,boletin_pdf,0.0,0.0,0.0,0.0,False,False,False,0,False
2022,11,2022-03-14,Nuevo León,Monterrey,Sarampion,0,boletin_pdf,0.0,0.0,0.0,0.0,False,False,False,0,False
2022,12,2022-03-21,Ciudad de México,CDMX,Erisipela,3,boletin_pdf,11.0,9.865765724632494,30.73153144926499,-0.8108848540793832,False,False,False,0,False
2022,12,2022-03-21,Ciudad de México,CDMX,Escarlatina,0,boletin_pdf,20.5,15.864005379054394,52.22801075810879,-1.2922335507441656,False,False,False,0,False
2022,12,2022-03-21,Ciudad de México,CDMX,Rubeola,0,boletin_pdf,0.0,0.0,0.0,0.0,False,False,False,0,False
2022,12,2022-03-21,Ciudad de México,CDMX,Sarampion,0,boletin_pdf,0.0,0.0,0.0,0.0,False,False,False,0,False
2022,12,2022-03-21,Jalisco,Guadalajara,Erisipela,1,boletin_pdf,10.5,6.60807586719967,23.71615173439934,-1.437634826070157,False,False,False,0,False
2022,12,2022-03-21,Jalisco,Guadalajara,Escarlatina,2,boletin_pdf,5.0,6.2182527020592095,17.43650540411842,-0.4824506406770077,False,False,False,0,False
2022,12,2022-03-21,Jalisco,Guadalajara,Rubeola,0,boletin_pdf,0.0,0.0,0.0,0.0,False,False,False,0,False
2022,12,2022-03-21,Jalisco,Guadalajara,Sarampion,0,boletin_pdf,0.0,0.0,0.0,0.0,False,False,False,0,False
2022,12,2022-03-21,Nuevo León,Monterrey,Erisipela,22,boletin_pdf,81.0,16.852299546352715,114.70459909270542,-3.501005891671868,False,False,False,0,False
2022,12,2022-03-21,Nuevo León,Monterrey,Escarlatina,2,boletin_pdf,11.0,11.604596790352806,34.209193580705616,-0.7755547359889252,False,False,False,0,False
2022,12,2022-03-21,Nuevo León,Monterrey,Rubeola,0,boletin_pdf,0.0,0.0,0.0,0.0,False,False,False,0,False
2022,12,2022-03-21,Nuevo León,Monterrey,Sarampion,0,boletin_pdf,0.0,0.0,0.0,0.0,False,False,False,0,False
2022,13,2022-03-28,Ciudad de México,CDMX,Erisipela,5,boletin_pdf,9.5,7.54983443527075,24.5996688705415,-0.5960395606792697,False,False,False,0,False
2022,13,2022-03-28,Ciudad de México,CDMX,Escarlatina,2,boletin_pdf,18.0,15.05545305418162,48.11090610836324,-1.0627378626481143,False,False,False,0,False
2022,13,2022-03-28,Ciudad de México,CDMX,Rubeola,0,boletin_pdf,0.0,0.0,0.0,0.0,False,False,False,0,False
2022,13,2022-03-28,Ciudad de México,CDMX,Sarampion,0,boletin_pdf,0.0,0.0,0.0,0.0,False,False,False,0,False
2022,13,2022-03-28,Jalisco,Guadalajara,Erisipela,1,boletin_pdf,13.0,3.4641016151377544,19.928203230275507,-3.464101615137755,False,False,False,0,False
2022,13,2022-03-28,Jalisco,Guadalajara,Escarlatina,2,boletin_pdf,5.5,6.191391873668904,17.882783747337808,-0.5653009971610737,False,False,False,0,False
2022,13,2022-03-28,Jalisco,Guadalajara,Rubeola,0,boletin_pdf,0.0,0.0,0.0,0.0,False,False,False,0,False
2022,13,2022-03-28,Jalisco,Guadalajara,Sarampion,0,boletin_pdf,0.0,0.0,0.0,0.0,False,False,False,0,False
2022,13,2022-03-28,Nuevo León,Monterrey,Erisipela,19,boletin_pdf,72.5,36.71057976478534,145.92115952957067,-1.4573455484165339,False,False,False,0,False
2022,13,2022-03-28,Nuevo León,Monterrey,Escarlatina,0,boletin_pdf,6.0,1.632993161855452,9.265986323710905,-3.6742346141747673,False,False,False,0,False
2022,13,2022-03-28,Nuevo León,Monterrey,Rubeola,0,boletin_pdf,0.0,0.0,0.0,0.0,False,False,False,0,False
2022,13,2022-03-28,Nuevo León,Monterrey,Sarampion,0,boletin_pdf,0.0,0.0,0.0,0.0,False,False,False,0,False
2022,14,2022-04-04,Ciudad de México,CDMX,Erisipela,2,boletin_pdf,8.0,7.483314773547883,22.966629547095764,-0.8017837257372732,False,False,False,0,False
2022,14,2022-04-04,Ciudad de México,CDMX,Escarlatina,2,boletin_pdf,19.5,15.609825965290794,50.71965193058159,-1.121088732117328,False,False,False,0,False
2022,14,2022-04-04,Ciudad de México,CDMX,Rubeola,0,boletin_pdf,0.0,0.0,0.0,0.0,False,False,False,0,False
2022,14,2022-04-04,Ciudad de México,CDMX,Sarampion,0,SEFE_pdf,0.0,0.0,0.0,0.0,False,False,False,0,False
2022,14,2022-04-04,Jalisco,Guadalajara,Erisipela,2,boletin_pdf,8.0,5.887840577551898,19.775681155103797,-1.0190493307301363,False,False,False,0,False
2022,14,2022-04-04,Jalisco,Guadalajara,Escarlatina,5,boletin_pdf,6.0,5.656854249492381,17.31370849898476,-0.17677669529663687,False,False,False,0,False
2022,14,2022-04-04,Jalisco,Guadalajara,Rubeola,0,boletin_pdf,0.0,0.0,0.0,0.0,False,False,False,0,False
2022,14,2022-04-04,Jalisco,Guadalajara,Sarampion,0,SEFE_pdf,0.0,0.0,0.0,0.0,False,False,False,0,False
2022,14,2022-04-04,Nuevo León,Monterrey,Erisipela,19,boletin_pdf,92.0,33.94112549695428,159.88225099390854,-2.1507831261090824,False,False,False,0,False
2022,14,2022-04-04,Nuevo León,Monterrey,Escarlatina,0,boletin_pdf,5.0,3.4641016151377544,11.928203230275509,-1.4433756729740645,False,False,False,0,False
2022,14,2022-04-04,Nuevo León,Monterrey,Rubeola,0,boletin_pdf,0.0,0.0,0.0,0.0,False,False,False,0,False
2022,14,2022-04-04,Nuevo León,Monterrey,Sarampion,0,SEFE_pdf,0.0,0.0,0.0,0.0,False,False,False,0,False
2022,15,2022-04-11,Ciudad de México,CDMX,Erisipela,3,boletin_pdf,13.5,18.138357147217054,49.77671429443411,-0.5788837387409699,False,False,False,0,False
2022,15,2022-04-11,Ciudad de México,CDMX,Escarlatina,3,boletin_pdf,14.5,11.0,36.5,-1.0454545454545454,False,False,False,0,False
2022,15,2022-04-11,Ciudad de México,CDMX,Rubeola,0,boletin_pdf,0.0,0.0,0.0,0.0,False,False,False,0,False
2022,15,2022-04-11,Ciudad de México,CDMX,Sarampion,0,boletin_pdf,0.0,0.0,0.0,0.0,False,False,False,0,False
2022,15,2022-04-11,Jalisco,Guadalajara,Erisipela,3,boletin_pdf,9.5,4.123105625617661,17.746211251235323,-1.5764815627361644,False,False,False,0,False
2022,15,2022-04-11,Jalisco,Guadalajara,Escarlatina,1,boletin_pdf,7.0,5.773502691896258,18.547005383792516,-1.0392304845413263,False,False,False,0,False
2022,15,2022-04-11,Jalisco,Guadalajara,Rubeola,0,boletin_pdf,0.0,0.0,0.0,0.0,False,False,False,0,False
2022,15,2022-04-11,Jalisco,Guadalajara,Sarampion,0,boletin_pdf,0.0,0.0,0.0,0.0,False,False,False,0,False
2022,15,2022-04-11,Nuevo León,Monterrey,Erisipela,31,boletin_pdf,93.5,11.0,115.5,-5.681818181818182,False,False,False,0,False
2022,15,2022-04-11,Nuevo León,Monterrey,Escarlatina,0,boletin_pdf,17.0,13.71130920080209,44.42261840160418,-1.2398524277321037,False,False,False,0,False
2022,15,2022-04-11,Nuevo León,Monterrey,Rubeola,0,boletin_pdf,0.0,0.0,0.0,0.0,False,False,False,0,False
2022,15,2022-04-11,Nuevo León,Monterrey,Sarampion,0,boletin_pdf,0.0,0.0,0.0,0.0,False,False,False,0,False
2022,16,2022-04-18,Ciudad de México,CDMX,Erisipela,1,boletin_pdf,8.0,5.41602560309064,18.83205120618128,-1.2924606552829938,False,False,False,0,False
2022,16,2022-04-18,Ciudad de México,CDMX,Escarlatina,0,boletin_pdf,20.0,13.856406460551018,47.712812921102035,-1.4433756729740645,False,False,False,0,False
2022,16,2022-04-18,Ciudad de México,CDMX,Rubeola,0,boletin_pdf,0.0,0.0,0.0,0.0,False,False,False,0,False
2022,16,2022-04-18,Ciudad de México,CDMX,Sarampion,0,boletin_pdf,0.0,0.0,0.0,0.0,False,False,False,0,False
2022,16,2022-04-18,Jalisco,Guadalajara,Erisipela,2,boletin_pdf,8.5,6.60807586719967,21.71615173439934,-0.9836448809953706,False,False,False,0,False
2022,16,2022-04-18,Jalisco,Guadalajara,Escarlatina,2,boletin_pdf,4.0,1.632993161855452,7.265986323710904,-1.224744871391589,False,False,False,0,False
2022,16,2022-04-18,Jalisco,Guadalajara,Rubeola,0,boletin_pdf,0.0,0.0,0.0,0.0,False,False,False,0,False
2022,16,2022-04-18,Jalisco,Guadalajara,Sarampion,0,boletin_pdf,0.0,0.0,0.0,0.0,False,False,False,0,False
2022,16,2022-04-18,Nuevo León,Monterrey,Erisipela,20,boletin_pdf,94.0,16.08311744241976,126.16623488483953,-4.601098031207714,False,False,False,0,False
2022,16,2022-04-18,Nuevo León,Monterrey,Escarlatina,0,boletin_pdf,10.0,8.16496580927726,26.32993161855452,-1.224744871391589,False,False,False,0,False
2022,16,2022-04-18,Nuevo León,Monterrey,Rubeola,0,boletin_pdf,0.0,0.0,0.0,0.0,False,False,False,0,False
2022,16,2022-04-18,Nuevo León,Monterrey,Sarampion,0,boletin_pdf,0.0,0.0,0.0,0.0,False,False,False,0,False
2022,17,2022-04-25,Ciudad de México,CDMX,Erisipela,6,boletin_pdf,10.0,8.485281374238571,26.970562748477143,-0.4714045207910316,False,False,False,0,False
2022,17,2022-04-25,Ciudad de México,CDMX,Escarlatina,6,boletin_pdf,18.5,12.583057392117917,43.66611478423583,-0.9933992677987827,False,False,False,0,False
2022,17,2022-04-25,Ciudad de México,CDMX,Rubeola,0,boletin_pdf,0.0,0.0,0.0,0.0,False,False,False,0,False
2022,17,2022-04-25,Ciudad de México,CDMX,Sarampion,0,boletin_pdf,0.0,0.0,0.0,0.0,False,False,False,0,False
2022,17,2022-04-25,Jalisco,Guadalajara,Erisipela,3,boletin_pdf,9.0,6.2182527020592095,21.43650540411842,-0.9649012813540154,False,False,False,0,False
2022,17,2022-04-25,Jalisco,Guadalajara,Escarlatina,1,boletin_pdf,5.0,4.163331998932265,13.32666399786453,-0.9607689228305228,False,False,False,0,False
2022,17,2022-04-25,Jalisco,Guadalajara,Rubeola,0,boletin_pdf,0.0,0.0,0.0,0.0,False,False,False,0,False
2022,17,2022-04-25,Jalisco,Guadalajara,Sarampion,0,boletin_pdf,0.0,0.0,0.0,0.0,False,False,False,0,False
2022,17,2022-04-25,Nuevo León,Monterrey,Erisipela,32,boletin_pdf,79.5,25.73583752927682,130.97167505855364,-1.8456753134987154,False,False,False,0,False
2022,17,2022-04-25,Nuevo León,Monterrey,Escarlatina,1,boletin_pdf,11.0,5.291502622129181,21.583005244258363,-1.889822365046136,False,False,False,0,False
2022,17,2022-04-25,Nuevo León,Monterrey,Rubeola,0,boletin_pdf,0.0,0.0,0.0,0.0,False,False,False,0,False
2022,17,2022-04-25,Nuevo León,Monterrey,Sarampion,0,boletin_pdf,0.0,0.0,0.0,0.0,False,False,False,0,False
2022,18,2022-05-02,Ciudad de México,CDMX,Erisipela,1,boletin_pdf,10.5,8.54400374531753,27.58800749063506,-1.1118908983632405,False,False,False,0,False
2022,18,2022-05-02,Ciudad de México,CDMX,Escarlatina,1,boletin_pdf,15.0,10.893423092245461,36.786846184490926,-1.2851791288604195,False,False,False,0,False
2022,18,2022-05-02,Ciudad de México,CDMX,Rubeola,0,boletin_pdf,0.0,0.0,0.0,0.0,False,False,False,0,False
2022,18,2022-05-02,Ciudad de México,CDMX,Sarampion,0,SEFE_pdf,0.0,0.0,0.0,0.0,False,False,False,0,False
2022,18,2022-05-02,Jalisco,Guadalajara,Erisipela,6,boletin_pdf,4.0,3.6514837167011076,11.302967433402216,0.5477225575051661,False,False,False,0,False
2022,18,2022-05-02,Jalisco,Guadalajara,Escarlatina,2,boletin_pdf,4.0,5.656854249492381,15.313708498984761,-0.35355339059327373,False,False,False,0,False
2022,18,2022-05-02,Jalisco,Guadalajara,Rubeola,0,boletin_pdf,0.0,0.0,0.0,0.0,False,False,False,0,False
2022,18,2022-05-02,Jalisco,Guadalajara,Sarampion,0,SEFE_pdf,0.0,0.0,0.0,0.0,False,False,False,0,False
2022,18,2022-05-02,Nuevo León,Monterrey,Erisipela,14,boletin_pdf,95.5,15.864005379054392,127.22801075810878,-5.137416311495097,False,False,False,0,False
2022,18,2022-05-02,Nuevo León,Monterrey,Escarlatina,0,boletin_pdf,24.0,29.34848093740685,82.6969618748137,-0.8177595307636584,False,False,False,0,False
2022,18,2022-05-02,Nuevo León,Monterrey,Rubeola,0,boletin_pdf,0.0,0.0,0.0,0.0,False,False,False,0,False
2022,18,2022-05-02,Nuevo León,Monterrey,Sarampion,0,SEFE_pdf,0.0,0.0,0.0,0.0,False,False,False,0,False
2022,19,2022-05-09,Ciudad de México,CDMX,Erisipela,3,boletin_pdf,13.0,9.309493362512628,31.618986725025255,-1.0741723110591492,False,False,False,0,False
2022,19,2022-05-09,Ciudad de México,CDMX,Escarlatina,4,boletin_pdf,18.0,12.110601416389967,42.22120283277994,-1.1560119533826787,False,False,False,0,False
2022,19,2022-05-09,Ciudad de México,CDMX,Rubeola,0,boletin_pdf,0.0,0.0,0.0,0.0,False,False,False,0,False
2022,19,2022-05-09,Ciudad de México,CDMX,Sarampion,0,boletin_pdf,0.0,0.0,0.0,0.0,False,False,False,0,False
2022,19,2022-05-09,Jalisco,Guadalajara,Erisipela,2,boletin_pdf,10.0,5.887840577551898,21.775681155103797,-1.3587324409735149,False,False,False,0,False
2022,19,2022-05-09,Jalisco,Guadalajara,Escarlatina,6,boletin_pdf,6.0,3.265986323710904,12.531972647421808,0.0,False,False,False,0,False
2022,19,2022-05-09,Jalisco,Guadalajara,Rubeola,0,boletin_pdf,0.0,0.0,0.0,0.0,False,False,False,0,False
2022,19,2022-05-09,Jalisco,Guadalajara,Sarampion,0,boletin_pdf,0.0,0.0,0.0,0.0,False,False,False,0,False
2022,19,2022-05-09,Nuevo León,Monterrey,Erisipela,42,boletin_pdf,97.5,24.78574859336174,147.0714971867235,-2.239189984153407,False,False,False,0,False
2022,19,2022-05-09,Nuevo León,Monterrey,Escarlatina,0,boletin_pdf,11.5,7.187952884282608,25.875905768565218,-1.5998991903725805,False,False,False,0,False
2022,19,2022-05-09,Nuevo León,Monterrey,Rubeola,0,boletin_pdf,0.0,0.0,0.0,0.0,False,False,False,0,False
2022,19,2022-05-09,Nuevo León,Monterrey,Sarampion,0,boletin_pdf,0.0,0.0,0.0,0.0,False,False,False,0,False
2022,20,2022-05-16,Ciudad de México,CDMX,Erisipela,5,boletin_pdf,6.0,4.320493798938574,14.640987597877148,-0.23145502494313785,False,False,False,0,False
2022,20,2022-05-16,Ciudad de México,CDMX,Escarlatina,7,boletin_pdf,19.0,13.316656236958787,45.63331247391757,-0.9011271137791659,False,False,False,0,False
2022,20,2022-05-16,Ciudad de México,CDMX,Rubeola,0,boletin_pdf,0.0,0.0,0.0,0.0,False,False,False,0,False
2022,20,2022-05-16,Ciudad de México,CDMX,Sarampion,0,boletin_pdf,0.0,0.0,0.0,0.0,False,False,False,0,False
2022,20,2022-05-16,Jalisco,Guadalajara,Erisipela,4,boletin_pdf,6.0,2.8284271247461903,11.65685424949238,-0.7071067811865475,False,False,False,0,False
2022,20,2022-05-16,Jalisco,Guadalajara,Escarlatina,3,boletin_pdf,143.5,276.3445916484224,696.1891832968448,-0.5084231942514373,False,False,False,0,False
2022,20,2022-05-16,Jalisco,Guadalajara,Rubeola,0,boletin_pdf,0.0,0.0,0.0,0.0,False,False,False,0,False
2022,20,2022-05-16,Jalisco,Guadalajara,Sarampion,0,boletin_pdf,0.0,0.0,0.0,0.0,False,False,False,0,False
2022,20,2022-05-16,Nuevo León,Monterrey,Erisipela,35,boletin_pdf,87.0,46.88994206294849,180.77988412589698,-1.108979830476041,False,False,False,0,False
2022,20,2022-05-16,Nuevo León,Monterrey,Escarlatina,1,boletin_pdf,172.0,324.0041152002034,820.0082304004068,-0.5277710744332319,False,False,False,0,False
2022,20,2022-05-16,Nuevo León,Monterrey,Rubeola,0,boletin_pdf,0.0,0.0,0.0,0.0,False,False,False,0,False
2022,20,2022-05-16,Nuevo León,Monterrey,Sarampion,0,boletin_pdf,0.0,0.0,0.0,0.0,False,False,False,0,False
2022,21,2022-05-23,Ciudad de México,CDMX,Erisipela,10,boletin_pdf,11.0,7.571877794400366,26.14375558880073,-0.13206763594884355,False,False,False,0,False
2022,21,2022-05-23,Ciudad de México,CDMX,Escarlatina,0,boletin_pdf,13.5,10.754843869934453,35.00968773986891,-1.2552483479318308,False,False,False,0,False
2022,21,2022-05-23,Ciudad de México,CDMX,Rubeola,0,boletin_pdf,0.0,0.0,0.0,0.0,False,False,False,0,False
2022,21,2022-05-23,Ciudad de México,CDMX,Sarampion,0,boletin_pdf,0.0,0.0,0.0,0.0,False,False,False,0,False
2022,21,2022-05-23,Jalisco,Guadalajara,Erisipela,3,boletin_pdf,7.5,3.415650255319866,14.331300510639732,-1.3174650984805198,False,False,False,0,False
2022,21,2022-05-23,Jalisco,Guadalajara,Escarlatina,5,boletin_pdf,7.0,5.773502691896258,18.547005383792516,-0.3464101615137754,False,False,False,0,False
2022,21,2022-05-23,Jalisco,Guadalajara,Rubeola,0,boletin_pdf,0.0,0.0,0.0,0.0,False,False,False,0,False
2022,21,2022-05-23,Jalisco,Guadalajara,Sarampion,0,boletin_pdf,0.0,0.0,0.0,0.0,False,False,False,0,False
2022,21,2022-05-23,Nuevo León,Monterrey,Erisipela,35,boletin_pdf,107.5,5.7445626465380295,118.98912529307606,-12.620630056788091,False,False,False,0,False
2022,21,2022-05-23,Nuevo León,Monterrey,Escarlatina,0,boletin_pdf,10.0,4.898979485566356,19.79795897113271,-2.041241452319315,False,False,False,0,False
2022,21,2022-05-23,Nuevo León,Monterrey,Rubeola,0,boletin_pdf,0.0,0.0,0.0,0.0,False,False,False,0,False
2022,21,2022-05-23,Nuevo León,Monterrey,Sarampion,0,boletin_pdf,0.0,0.0,0.0,0.0,False,False,False,0,False
2022,22,2022-05-30,Ciudad de México,CDMX,Erisipela,4,boletin_pdf,11.0,8.717797887081348,28.435595774162696,-0.8029550685469661,False,False,False,0,False
2022,22,2022-05-30,Ciudad de México,CDMX,Escarlatina,3,boletin_pdf,16.0,11.313708498984761,38.62741699796952,-1.1490485194281397,False,False,False,0,False
2022,22,2022-05-30,Ciudad de México,CDMX,Rubeola,0,boletin_pdf,0.0,0.0,0.0,0.0,False,False,False,0,False
2022,22,2022-05-30,Ciudad de México,CDMX,Sarampion,0,SEFE_pdf,0.0,0.0,0.0,0.0,False,False,False,0,False
2022,22,2022-05-30,Jalisco,Guadalajara,Erisipela,3,boletin_pdf,9.0,2.581988897471611,14.163977794943222,-2.32379000772445,False,False,False,0,False
2022,22,2022-05-30,Jalisco,Guadalajara,Escarlatina,1,boletin_pdf,7.5,3.415650255319866,14.331300510639732,-1.9030051422496397,False,False,False,0,False
2022,22,2022-05-30,Jalisco,Guadalajara,Rubeola,0,boletin_pdf,0.0,0.0,0.0,0.0,False,False,False,0,False
2022,22,2022-05-30,Jalisco,Guadalajara,Sarampion,0,SEFE_pdf,0.0,0.0,0.0,0.0,False,False,False,0,False
2022,22,2022-05-30,Nuevo León,Monterrey,Erisipela,19,boletin_pdf,125.5,13.69914839202301,152.898296784046,-7.774205881441124,False,False,False,0,False
2022,22,2022-05-30,Nuevo León,Monterrey,Escarlatina,2,boletin_pdf,14.0,4.320493798938574,22.64098759787715,-2.7774602993176543,False,False,False,0,False
2022,22,2022-05-30,Nuevo León,Monterrey,Rubeola,0,boletin_pdf,0.0,0.0,0.0,0.0,False,False,False,0,False
2022,22,2022-05-30,Nuevo León,Monterrey,Sarampion,0,SEFE_pdf,0.0,0.0,0.0,0.0,False,False,False,0,False
2022,23,2022-06-06,Ciudad de México,CDMX,Erisipela,4,boletin_pdf,14.0,10.708252269472673,35.41650453894535,-0.9338592095470355,False,False,False,0,False
2022,23,2022-06-06,Ciudad de México,CDMX,Escarlatina,5,boletin_pdf,21.5,15.438048235879215,52.37609647175843,-1.068787954791638,False,False,False,0,False
2022,23,2022-06-06,Ciudad de México,CDMX,Rubeola,0,boletin_pdf,0.0,0.0,0.0,0.0,False,False,False,0,False
2022,23,2022-06-06,Ciudad de México,CDMX,Sarampion,0,boletin_pdf,0.0,0.0,0.0,0.0,False,False,False,0,False
2022,23,2022-06-06,Jalisco,Guadalajara,Erisipela,3,boletin_pdf,6.0,2.8284271247461903,11.65685424949238,-1.0606601717798212,False,False,False,0,False
2022,23,2022-06-06,Jalisco,Guadalajara,Escarlatina,0,boletin_pdf,12.5,5.0,22.5,-2.5,False,False,False,0,False
2022,23,2022-06-06,Jalisco,Guadalajara,Rubeola,0,boletin_pdf,0.0,0.0,0.0,0.0,False,False,False,0,False
2022,23,2022-06-06,Jalisco,Guadalajara,Sarampion,0,boletin_pdf,0.0,0.0,0.0,0.0,False,False,False,0,False
2022,23,2022-06-06,Nuevo León,Monterrey,Erisipela,27,boletin_pdf,118.0,29.574764017091777,177.14952803418356,-3.0769476283026127,False,False,False,0,False
2022,23,2022-06-06,Nuevo León,Monterrey,Escarlatina,2,boletin_pdf,13.0,7.393691004272944,27.78738200854589,-1.4877548972012633,False,False,False,0,False
2022,23,2022-06-06,Nuevo León,Monterrey,Rubeola,0,boletin_pdf,0.0,0.0,0.0,0.0,False,False,False,0,False
2022,23,2022-06-06,Nuevo León,Monterrey,Sarampion,0,boletin_pdf,0.0,0.0,0.0,0.0,False,False,False,0,False
2022,24,2022-06-13,Ciudad de México,CDMX,Erisipela,7,boletin_pdf,12.5,9.146948489341495,30.79389697868299,-0.601293426590178,False,False,False,0,False
2022,24,2022-06-13,Ciudad de México,CDMX,Escarlatina,5,boletin_pdf,26.5,18.28478420253664,63.06956840507328,-1.175841057889943,False,False,False,0,False
2022,24,2022-06-13,Ciudad de México,CDMX,Rubeola,0,boletin_pdf,0.0,0.0,0.0,0.0,False,False,False,0,False
2022,24,2022-06-13,Ciudad de México,CDMX,Sarampion,0,boletin_pdf,0.0,0.0,0.0,0.0,False,False,False,0,False
2022,24,2022-06-13,Jalisco,Guadalajara,Erisipela,2,boletin_pdf,14.5,5.972157622389639,26.444315244779276,-2.0930458956973035,False,False,False,0,False
2022,24,2022-06-13,Jalisco,Guadalajara,Escarlatina,0,boletin_pdf,8.5,5.0,18.5,-1.7,False,False,False,0,False
2022,24,2022-06-13,Jalisco,Guadalajara,Rubeola,0,boletin_pdf,0.0,0.0,0.0,0.0,False,False,False,0,False
2022,24,2022-06-13,Jalisco,Guadalajara,Sarampion,0,boletin_pdf,0.0,0.0,0.0,0.0,False,False,False,0,False
2022,24,2022-06-13,Nuevo León,Monterrey,Erisipela,31,boletin_pdf,117.5,11.0,139.5,-7.863636363636363,False,False,False,0,False
2022,24,2022-06-13,Nuevo León,Monterrey,Escarlatina,0,boletin_pdf,5.5,1.9148542155126762,9.329708431025352,-2.8722813232690143,False,False,False,0,False
2022,24,2022-06-13,Nuevo León,Monterrey,Rubeola,0,boletin_pdf,0.0,0.0,0.0,0.0,False,False,False,0,False
2022,24,2022-06-13,Nuevo León,Monterrey,Sarampion,0,boletin_pdf,0.0,0.0,0.0,0.0,False,False,False,0,False
2022,25,2022-06-20,Ciudad de México,CDMX,Erisipela,3,boletin_pdf,13.0,10.0,33.0,-1.0,False,False,False,0,False
2022,25,2022-06-20,Ciudad de México,CDMX,Escarlatina,1,boletin_pdf,24.0,16.0,56.0,-1.4375,False,False,False,0,False
2022,25,2022-06-20,Ciudad de México,CDMX,Rubeola,0,boletin_pdf,0.0,0.0,0.0,0.0,False,False,False,0,False
2022,25,2022-06-20,Ciudad de México,CDMX,Sarampion,0,boletin_pdf,0.0,0.0,0.0,0.0,False,False,False,0,False
2022,25,2022-06-20,Jalisco,Guadalajara,Erisipela,2,boletin_pdf,12.5,3.0,18.5,-3.5,False,False,False,0,False
2022,25,2022-06-20,Jalisco,Guadalajara,Escarlatina,1,boletin_pdf,7.0,4.163331998932265,15.32666399786453,-1.4411533842457842,False,False,False,0,False
2022,25,2022-06-20,Jalisco,Guadalajara,Rubeola,0,boletin_pdf,0.0,0.0,0.0,0.0,False,False,False,0,False
2022,25,2022-06-20,Jalisco,Guadalajara,Sarampion,0,boletin_pdf,0.0,0.0,0.0,0.0,False,False,False,0,False
2022,25,2022-06-20,Nuevo León,Monterrey,Erisipela,29,boletin_pdf,145.0,22.538855339169285,190.07771067833858,-5.146667754613461,False,False,False,0,False
2022,25,2022-06-20,Nuevo León,Monterrey,Escarlatina,4,boletin_pdf,17.5,6.8068592855540455,31.11371857110809,-1.9832935328412868,False,False,False,0,False
2022,25,2022-06-20,Nuevo León,Monterrey,Rubeola,0,boletin_pdf,0.0,0.0,0.0,0.0,False,False,False,0,False
2022,25,2022-06-20,Nuevo León,Monterrey,Sarampion,0,boletin_pdf,0.0,0.0,0.0,0.0,False,False,False,0,False
2022,26,2022-06-27,Ciudad de México,CDMX,Erisipela,1,boletin_pdf,9.0,7.393691004272944,23.78738200854589,-1.082003561600919,False,False,False,0,False
2022,26,2022-06-27,Ciudad de México,CDMX,Escarlatina,4,boletin_pdf,17.5,13.403979508588733,44.30795901717747,-1.0071635808865376,False,False,False,0,False
2022,26,2022-06-27,Ciudad de México,CDMX,Rubeola,0,boletin_pdf,0.0,0.0,0.0,0.0,False,False,False,0,False
2022,26,2022-06-27,Ciudad de México,CDMX,Sarampion,0,boletin_pdf,0.0,0.0,0.0,0.0,False,False,False,0,False
2022,26,2022-06-27,Jalisco,Guadalajara,Erisipela,3,boletin_pdf,12.0,4.320493798938574,20.64098759787715,-2.0830952244882406,False,False,False,0,False
2022,26,2022-06-27,Jalisco,Guadalajara,Escarlatina,4,boletin_pdf,4.5,3.415650255319866,11.331300510639732,-0.14638501094227999,False,False,False,0,False
2022,26,2022-06-27,Jalisco,Guadalajara,Rubeola,0,boletin_pdf,0.0,0.0,0.0,0.0,False,False,False,0,False
2022,26,2022-06-27,Jalisco,Guadalajara,Sarampion,0,boletin_pdf,0.0,0.0,0.0,0.0,False,False,False,0,False
2022,26,2022-06-27,Nuevo León,Monterrey,Erisipela,33,boletin_pdf,125.5,21.06339637063944,167.62679274127888,-4.391504502518741,False,False,False,0,False
2022,26,2022-06-27,Nuevo León,Monterrey,Escarlatina,1,boletin_pdf,11.5,5.507570547286102,22.515141094572204,-1.9064667279067276,False,False,False,0,False
2022,26,2022-06-27,Nuevo León,Monterrey,Rubeola,0,boletin_pdf,0.0,0.0,0.0,0.0,False,False,False,0,False
2022,26,2022-06-27,Nuevo León,Monterrey,Sarampion,0,boletin_pdf,0.0,0.0,0.0,0.0,False,False,False,0,False
2022,27,2022-07-04,Ciudad de México,CDMX,Erisipela,1,boletin_pdf,12.0,8.48528137423857,28.97056274847714,-1.2963624321753373,False,False,False,0,False
2022,27,2022-07-04,Ciudad de México,CDMX,Escarlatina,3,boletin_pdf,13.0,10.392304845413264,33.78460969082653,-0.9622504486493763,False,False,False,0,False
2022,27,2022-07-04,Ciudad de México,CDMX,Rubeola,0,boletin_pdf,0.0,0.0,0.0,0.0,False,False,False,0,False
2022,27,2022-07-04,Ciudad de México,CDMX,Sarampion,0,SEFE_pdf,0.0,0.0,0.0,0.0,False,False,False,0,False
2022,27,2022-07-04,Jalisco,Guadalajara,Erisipela,1,boletin_pdf,12.5,5.744562646538029,23.989125293076057,-2.0018930434905253,False,False,False,0,False
2022,27,2022-07-04,Jalisco,Guadalajara,Escarlatina,4,boletin_pdf,4.5,6.60807586719967,17.71615173439934,-0.07566499084579774,False,False,False,0,False
2022,27,2022-07-04,Jalisco,Guadalajara,Rubeola,0,boletin_pdf,0.0,0.0,0.0,0.0,False,False,False,0,False
2022,27,2022-07-04,Jalisco,Guadalajara,Sarampion,0,SEFE_pdf,0.0,0.0,0.0,0.0,False,False,False,0,False
2022,27,2022-07-04,Nuevo León,Monterrey,Erisipela,43,boletin_pdf,117.5,12.041594578792296,141.5831891575846,-6.186888249103627,False,False,False,0,False
2022,27,2022-07-04,Nuevo León,Monterrey,Escarlatina,0,boletin_pdf,12.0,8.16496580927726,28.32993161855452,-1.4696938456699067,False,False,False,0,False
2022,27,2022-07-04,Nuevo León,Monterrey,Rubeola,0,boletin_pdf,0.0,0.0,0.0,0.0,False,False,False,0,False
2022,27,2022-07-04,Nuevo León,Monterrey,Sarampion,0,SEFE_pdf,0.0,0.0,0.0,0.0,False,False,False,0,False
2022,28,2022-07-11,Ciudad de México,CDMX,Erisipela,3,boletin_pdf,8.5,5.972157622389639,20.444315244779276,-0.9209401941068136,False,False,False,0,False
2022,28,2022-07-11,Ciudad de México,CDMX,Escarlatina,1,boletin_pdf,11.5,7.724420150837646,26.94884030167529,-1.3593253338066245,False,False,False,0,False
2022,28,2022-07-11,Ciudad de México,CDMX,Rubeola,0,boletin_pdf,0.0,0.0,0.0,0.0,False,False,False,0,False
2022,28,2022-07-11,Ciudad de México,CDMX,Sarampion,0,boletin_pdf,0.0,0.0,0.0,0.0,False,False,False,0,False
2022,28,2022-07-11,Jalisco,Guadalajara,Erisipela,0,boletin_pdf,11.5,4.43471156521669,20.369423130433383,-2.5931787966097595,False,False,False,0,False
2022,28,2022-07-11,Jalisco,Guadalajara,Escarlatina,0,boletin_pdf,5.0,3.4641016151377544,11.928203230275509,-1.4433756729740645,False,False,False,0,False
2022,28,2022-07-11,Jalisco,Guadalajara,Rubeola,0,boletin_pdf,0.0,0.0,0.0,0.0,False,False,False,0,False
2022,28,2022-07-11,Jalisco,Guadalajara,Sarampion,0,boletin_pdf,0.0,0.0,0.0,0.0,False,False,False,0,False
2022,28,2022-07-11,Nuevo León,Monterrey,Erisipela,39,boletin_pdf,112.0,20.720360357226735,153.44072071445348,-3.5231047501806336,False,False,False,0,False
2022,28,2022-07-11,Nuevo León,Monterrey,Escarlatina,2,boletin_pdf,9.5,7.724420150837645,24.94884030167529,-0.970946667004732,False,False,False,0,False
2022,28,2022-07-11,Nuevo León,Monterrey,Rubeola,0,boletin_pdf,0.0,0.0,0.0,0.0,False,False,False,0,False
2022,28,2022-07-11,Nuevo León,Monterrey,Sarampion,0,boletin_pdf,0.0,0.0,0.0,0.0,False,False,False,0,False
2022,29,2022-07-18,Ciudad de México,CDMX,Erisipela,4,boletin_pdf,10.5,7.724420150837646,25.94884030167529,-0.8414871114041009,False,False,False,0,False
2022,29,2022-07-18,Ciudad de México,CDMX,Escarlatina,2,boletin_pdf,18.0,12.328828005937952,42.6576560118759,-1.2977713690461004,False,False,False,0,False
2022,29,2022-07-18,Ciudad de México,CDMX,Rubeola,0,boletin_pdf,0.0,0.0,0.0,0.0,False,False,False,0,False
2022,29,2022-07-18,Ciudad de México,CDMX,Sarampion,0,boletin_pdf,0.0,0.0,0.0,0.0,False,False,False,0,False
2022,29,2022-07-18,Jalisco,Guadalajara,Erisipela,1,boletin_pdf,5.0,2.0,9.0,-2.0,False,False,False,0,False
2022,29,2022-07-18,Jalisco,Guadalajara,Escarlatina,2,boletin_pdf,4.5,5.259911279353167,15.019822558706334,-0.4752931878933584,False,False,False,0,False
2022,29,2022-07-18,Jalisco,Guadalajara,Rubeola,0,boletin_pdf,0.0,0.0,0.0,0.0,False,False,False,0,False
2022,29,2022-07-18,Jalisco,Guadalajara,Sarampion,0,boletin_pdf,0.0,0.0,0.0,0.0,False,False,False,0,False
2022,29,2022-07-18,Nuevo León,Monterrey,Erisipela,26,boletin_pdf,114.0,9.380831519646858,132.76166303929372,-9.380831519646861,False,False,False,0,False
2022,29,2022-07-18,Nuevo León,Monterrey,Escarlatina,1,boletin_pdf,9.5,5.972157622389639,21.444315244779276,-1.4232712090741664,False,False,False,0,False
2022,29,2022-07-18,Nuevo León,Monterrey,Rubeola,0,boletin_pdf,0.0,0.0,0.0,0.0,False,False,False,0,False
2022,29,2022-07-18,Nuevo León,Monterrey,Sarampion,0,boletin_pdf,0.0,0.0,0.0,0.0,False,False,False,0,False
2022,30,2022-07-25,Ciudad de México,CDMX,Erisipela,4,boletin_pdf,6.0,6.324555320336759,18.64911064067352,-0.31622776601683794,False,False,False,0,False
2022,30,2022-07-25,Ciudad de México,CDMX,Escarlatina,1,boletin_pdf,9.0,7.393691004272944,23.78738200854589,-1.082003561600919,False,False,False,0,False
2022,30,2022-07-25,Ciudad de México,CDMX,Rubeola,0,boletin_pdf,0.0,0.0,0.0,0.0,False,False,False,0,False
2022,30,2022-07-25,Ciudad de México,CDMX,Sarampion,0,boletin_pdf,0.0,0.0,0.0,0.0,False,False,False,0,False
2022,30,2022-07-25,Jalisco,Guadalajara,Erisipela,2,boletin_pdf,8.5,4.123105625617661,16.746211251235323,-1.5764815627361644,False,False,False,0,False
2022,30,2022-07-25,Jalisco,Guadalajara,Escarlatina,2,boletin_pdf,9.0,2.0,13.0,-3.5,False,False,False,0,False
2022,30,2022-07-25,Jalisco,Guadalajara,Rubeola,0,boletin_pdf,0.0,0.0,0.0,0.0,False,False,False,0,False
2022,30,2022-07-25,Jalisco,Guadalajara,Sarampion,0,boletin_pdf,0.0,0.0,0.0,0.0,False,False,False,0,False
2022,30,2022-07-25,Nuevo León,Monterrey,Erisipela,32,boletin_pdf,121.0,12.055427546683415,145.11085509336684,-7.38256686918457,False,False,False,0,False
2022,30,2022-07-25,Nuevo León,Monterrey,Escarlatina,0,boletin_pdf,4.5,1.914854215512676,8.329708431025352,-2.350048355401921,False,False,False,0,False
2022,30,2022-07-25,Nuevo León,Monterrey,Rubeola,0,boletin_pdf,0.0,0.0,0.0,0.0,False,False,False,0,False
2022,30,2022-07-25,Nuevo León,Monterrey,Sarampion,0,boletin_pdf,0.0,0.0,0.0,0.0,False,False,False,0,False
2022,31,2022-08-01,Ciudad de México,CDMX,Erisipela,4,boletin_pdf,9.0,6.2182527020592095,21.43650540411842,-0.8040844011283462,False,False,False,0,False
2022,31,2022-08-01,Ciudad de México,CDMX,Escarlatina,1,boletin_pdf,10.5,7.724420150837646,25.94884030167529,-1.2298657782059936,False,False,False,0,False
2022,31,2022-08-01,Ciudad de México,CDMX,Rubeola,0,boletin_pdf,0.0,0.0,0.0,0.0,False,False,False,0,False
2022,31,2022-08-01,Ciudad de México,CDMX,Sarampion,0,SEFE_pdf,0.0,0.0,0.0,0.0,False,False,False,0,False
2022,31,2022-08-01,Jalisco,Guadalajara,Erisipela,4,boletin_pdf,9.5,6.191391873668904,21.882783747337808,-0.8883301383959731,False,False,False,0,False
2022,31,2022-08-01,Jalisco,Guadalajara,Escarlatina,3,boletin_pdf,5.5,4.43471156521669,14.36942313043338,-0.5637345210021216,False,False,False,0,False
2022,31,2022-08-01,Jalisco,Guadalajara,Rubeola,0,boletin_pdf,0.0,0.0,0.0,0.0,False,False,False,0,False
2022,31,2022-08-01,Jalisco,Guadalajara,Sarampion,0,SEFE_pdf,0.0,0.0,0.0,0.0,False,False,False,0,False
2022,31,2022-08-01,Nuevo León,Monterrey,Erisipela,28,boletin_pdf,107.5,16.11417595369576,139.72835190739153,-4.933544242562823,False,False,False,0,False
2022,31,2022-08-01,Nuevo León,Monterrey,Escarlatina,0,boletin_pdf,3.5,2.5166114784235836,8.533222956847167,-1.3907589749182958,False,False,False,0,False
2022,31,2022-08-01,Nuevo León,Monterrey,Rubeola,0,boletin_pdf,0.0,0.0,0.0,0.0,False,False,False,0,False
2022,31,2022-08-01,Nuevo León,Monterrey,Sarampion,0,SEFE_pdf,0.0,0.0,0.0,0.0,False,False,False,0,False
2022,32,2022-08-08,Ciudad de México,CDMX,Erisipela,1,boletin_pdf,8.0,7.483314773547883,22.966629547095764,-0.9354143466934853,False,False,False,0,False
2022,32,2022-08-08,Ciudad de México,CDMX,Escarlatina,0,boletin_pdf,14.5,11.704699910719626,37.90939982143925,-1.2388186036893034,False,False,False,0,False
2022,32,2022-08-08,Ciudad de México,CDMX,Rubeola,0,boletin_pdf,0.0,0.0,0.0,0.0,False,False,False,0,False
2022,32,2022-08-08,Ciudad de México,CDMX,Sarampion,0,boletin_pdf,0.0,0.0,0.0,0.0,False,False,False,0,False
2022,32,2022-08-08,Jalisco,Guadalajara,Erisipela,1,boletin_pdf,11.0,5.033222956847167,21.066445913694334,-1.9867985355975655,False,False,False,0,False
2022,32,2022-08-08,Jalisco,Guadalajara,Escarlatina,2,boletin_pdf,7.0,3.4641016151377544,13.928203230275509,-1.4433756729740645,False,False,False,0,False
2022,32,2022-08-08,Jalisco,Guadalajara,Rubeola,0,boletin_pdf,0.0,0.0,0.0,0.0,False,False,False,0,False
2022,32,2022-08-08,Jalisco,Guadalajara,Sarampion,0,boletin_pdf,0.0,0.0,0.0,0.0,False,False,False,0,False
2022,32,2022-08-08,Nuevo León,Monterrey,Erisipela,29,boletin_pdf,116.0,16.32993161855452,148.65986323710905,-5.327640190553412,False,False,False,0,False
2022,32,2022-08-08,Nuevo León,Monterrey,Escarlatina,1,boletin_pdf,6.0,1.632993161855452,9.265986323710905,-3.0618621784789726,False,False,False,0,False
2022,32,2022-08-08,Nuevo León,Monterrey,Rubeola,0,boletin_pdf,0.0,0.0,0.0,0.0,False,False,False,0,False
2022,32,2022-08-08,Nuevo León,Monterrey,Sarampion,0,boletin_pdf,0.0,0.0,0.0,0.0,False,False,False,0,False
2022,33,2022-08-15,Ciudad de México,CDMX,Erisipela,4,boletin_pdf,10.0,6.928203230275509,23.856406460551018,-0.8660254037844387,False,False,False,0,False
2022,33,2022-08-15,Ciudad de México,CDMX,Escarlatina,1,boletin_pdf,11.0,10.0,31.0,-1.0,False,False,False,0,False
2022,33,2022-08-15,Ciudad de México,CDMX,Rubeola,0,boletin_pdf,0.0,0.0,0.0,0.0,False,False,False,0,False
2022,33,2022-08-15,Ciudad de México,CDMX,Sarampion,0,boletin_pdf,0.0,0.0,0.0,0.0,False,False,False,0,False
2022,33,2022-08-15,Jalisco,Guadalajara,Erisipela,0,boletin_pdf,7.5,1.9148542155126762,11.329708431025352,-3.9167472590032015,False,False,False,0,False
2022,33,2022-08-15,Jalisco,Guadalajara,Escarlatina,2,boletin_pdf,4.0,3.265986323710904,10.531972647421808,-0.6123724356957945,False,False,False,0,False
2022,33,2022-08-15,Jalisco,Guadalajara,Rubeola,0,boletin_pdf,0.0,0.0,0.0,0.0,False,False,False,0,False
2022,33,2022-08-15,Jalisco,Guadalajara,Sarampion,0,boletin_pdf,0.0,0.0,0.0,0.0,False,False,False,0,False
2022,33,2022-08-15,Nuevo León,Monterrey,Erisipela,33,boletin_pdf,112.0,27.80887148615228,167.61774297230457,-2.840820061300901,False,False,False,0,False
2022,33,2022-08-15,Nuevo León,Monterrey,Escarlatina,0,boletin_pdf,0.5,1.0,2.5,-0.5,False,False,False,0,False
2022,33,2022-08-15,Nuevo León,Monterrey,Rubeola,0,boletin_pdf,0.0,0.0,0.0,0.0,False,False,False,0,False
2022,33,2022-08-15,Nuevo León,Monterrey,Sarampion,0,boletin_pdf,0.0,0.0,0.0,0.0,False,False,False,0,False
2022,34,2022-08-22,Ciudad de México,CDMX,Erisipela,14,boletin_pdf,7.0,6.2182527020592095,19.43650540411842,1.1257181615796847,False,False,False,0,False
2022,34,2022-08-22,Ciudad de México,CDMX,Escarlatina,2,boletin_pdf,9.0,6.6332495807108,22.2664991614216,-1.0552897060221726,False,False,False,0,False
2022,34,2022-08-22,Ciudad de México,CDMX,Rubeola,0,boletin_pdf,0.0,0.0,0.0,0.0,False,False,False,0,False
2022,34,2022-08-22,Ciudad de México,CDMX,Sarampion,0,boletin_pdf,0.0,0.0,0.0,0.0,False,False,False,0,False
2022,34,2022-08-22,Jalisco,Guadalajara,Erisipela,1,boletin_pdf,5.5,5.0,15.5,-0.9,False,False,False,0,False
2022,34,2022-08-22,Jalisco,Guadalajara,Escarlatina,3,boletin_pdf,5.0,4.760952285695232,14.521904571390465,-0.42008402520840304,False,False,False,0,False
2022,34,2022-08-22,Jalisco,Guadalajara,Rubeola,0,boletin_pdf,0.0,0.0,0.0,0.0,False,False,False,0,False
2022,34,2022-08-22,Jalisco,Guadalajara,Sarampion,0,boletin_pdf,0.0,0.0,0.0,0.0,False,False,False,0,False
2022,34,2022-08-22,Nuevo León,Monterrey,Erisipela,24,boletin_pdf,117.0,19.493588689617926,155.98717737923585,-4.7707993371959665,False,False,False,0,False
2022,34,2022-08-22,Nuevo León,Monterrey,Escarlatina,0,boletin_pdf,6.0,2.8284271247461903,11.65685424949238,-2.1213203435596424,False,False,False,0,False
2022,34,2022-08-22,Nuevo León,Monterrey,Rubeola,0,boletin_pdf,0.0,0.0,0.0,0.0,False,False,False,0,False
2022,34,2022-08-22,Nuevo León,Monterrey,Sarampion,0,boletin_pdf,0.0,0.0,0.0,0.0,False,False,False,0,False
2022,35,2022-08-29,Ciudad de México,CDMX,Erisipela,2,boletin_pdf,9.5,7.54983443527075,24.5996688705415,-0.9933992677987828,False,False,False,0,False
2022,35,2022-08-29,Ciudad de México,CDMX,Escarlatina,2,boletin_pdf,9.0,9.591663046625438,28.183326093250876,-0.7298004491997617,False,False,False,0,False
2022,35,2022-08-29,Ciudad de México,CDMX,Rubeola,0,boletin_pdf,0.0,0.0,0.0,0.0,False,False,False,0,False
2022,35,2022-08-29,Ciudad de México,CDMX,Sarampion,0,boletin_pdf,0.0,0.0,0.0,0.0,False,False,False,0,False
2022,35,2022-08-29,Jalisco,Guadalajara,Erisipela,2,boletin_pdf,9.5,4.725815626252608,18.951631252505216,-1.5870276356818462,False,False,False,0,False
2022,35,2022-08-29,Jalisco,Guadalajara,Escarlatina,5,boletin_pdf,6.0,2.309401076758503,10.618802153517006,-0.43301270189221935,False,False,False,0,False
2022,35,2022-08-29,Jalisco,Guadalajara,Rubeola,0,boletin_pdf,0.0,0.0,0.0,0.0,False,False,False,0,False
2022,35,2022-08-29,Jalisco,Guadalajara,Sarampion,0,boletin_pdf,0.0,0.0,0.0,0.0,False,False,False,0,False
2022,35,2022-08-29,Nuevo León,Monterrey,Erisipela,28,boletin_pdf,114.0,19.6638416050035,153.327683210007,-4.373509598354227,False,False,False,0,False
2022,35,2022-08-29,Nuevo León,Monterrey,Escarlatina,0,boletin_pdf,6.5,5.0,16.5,-1.3,False,False,False,0,False
2022,35,2022-08-29,Nuevo León,Monterrey,Rubeola,0,boletin_pdf,0.0,0.0,0.0,0.0,False,False,False,0,False
2022,35,2022-08-29,Nuevo León,Monterrey,Sarampion,0,boletin_pdf,0.0,0.0,0.0,0.0,False,False,False,0,False
2022,36,2022-09-05,Ciudad de México,CDMX,Erisipela,5,boletin_pdf,10.0,7.118052168020874,24.23610433604175,-0.7024393586862705,False,False,False,0,False
2022,36,2022-09-05,Ciudad de México,CDMX,Escarlatina,3,boletin_pdf,7.0,6.831300510639732,20.662601021279464,-0.5855400437691199,False,False,False,0,False
2022,36,2022-09-05,Ciudad de México,CDMX,Rubeola,0,boletin_pdf,0.0,0.0,0.0,0.0,False,False,False,0,False
2022,36,2022-09-05,Ciudad de México,CDMX,Sarampion,0,SEFE_pdf,0.0,0.0,0.0,0.0,False,False,False,0,False
2022,36,2022-09-05,Jalisco,Guadalajara,Erisipela,1,boletin_pdf,7.5,7.187952884282608,21.875905768565218,-0.9042908467323282,False,False,False,0,False
2022,36,2022-09-05,Jalisco,Guadalajara,Escarlatina,3,boletin_pdf,6.0,5.163977794943222,16.327955589886443,-0.5809475019311126,False,False,False,0,False
2022,36,2022-09-05,Jalisco,Guadalajara,Rubeola,0,boletin_pdf,0.0,0.0,0.0,0.0,False,False,False,0,False
2022,36,2022-09-05,Jalisco,Guadalajara,Sarampion,0,SEFE_pdf,0.0,0.0,0.0,0.0,False,False,False,0,False
2022,36,2022-09-05,Nuevo León,Monterrey,Erisipela,29,boletin_pdf,107.0,20.165977949672232,147.33195589934445,-3.867900688707625,False,False,False,0,False
2022,36,2022-09-05,Nuevo León,Monterrey,Escarlatina,0,boletin_pdf,6.5,5.259911279353167,17.019822558706334,-1.235762288522732,False,False,False,0,False
2022,36,2022-09-05,Nuevo León,Monterrey,Rubeola,0,boletin_pdf,0.0,0.0,0.0,0.0,False,False,False,0,False
2022,36,2022-09-05,Nuevo León,Monterrey,Sarampion,0,SEFE_pdf,0.0,0.0,0.0,0.0,False,False,False,0,False
2022,37,2022-09-12,Ciudad de México,CDMX,Erisipela,1,boletin_pdf,12.5,8.386497083606082,29.272994167212165,-1.3712518928171085,False,False,False,0,False
2022,37,2022-09-12,Ciudad de México,CDMX,Escarlatina,5,boletin_pdf,10.5,8.225975119502044,26.951950239004088,-0.6686137412403139,False,False,False,0,False
2022,37,2022-09-12,Ciudad de México,CDMX,Rubeola,0,boletin_pdf,0.0,0.0,0.0,0.0,False,False,False,0,False
2022,37,2022-09-12,Ciudad de México,CDMX,Sarampion,0,boletin_pdf,0.0,0.0,0.0,0.0,False,False,False,0,False
2022,37,2022-09-12,Jalisco,Guadalajara,Erisipela,2,boletin_pdf,9.5,5.0,19.5,-1.5,False,False,False,0,False
2022,37,2022-09-12,Jalisco,Guadalajara,Escarlatina,2,boletin_pdf,8.5,6.403124237432849,21.306248474865697,-1.0151294522759393,False,False,False,0,False
2022,37,2022-09-12,Jalisco,Guadalajara,Rubeola,0,boletin_pdf,0.0,0.0,0.0,0.0,False,False,False,0,False
2022,37,2022-09-12,Jalisco,Guadalajara,Sarampion,0,boletin_pdf,0.0,0.0,0.0,0.0,False,False,False,0,False
2022,37,2022-09-12,Nuevo León,Monterrey,Erisipela,33,boletin_pdf,100.0,17.73884626086676,135.47769252173353,-3.777021290714215,False,False,False,0,False
2022,37,2022-09-12,Nuevo León,Monterrey,Escarlatina,0,boletin_pdf,4.5,1.0,6.5,-4.5,False,False,False,0,False
2022,37,2022-09-12,Nuevo León,Monterrey,Rubeola,0,boletin_pdf,0.0,0.0,0.0,0.0,False,False,False,0,False
2022,37,2022-09-12,Nuevo León,Monterrey,Sarampion,0,boletin_pdf,0.0,0.0,0.0,0.0,False,False,False,0,False
2022,38,2022-09-19,Ciudad de México,CDMX,Erisipela,1,boletin_pdf,10.0,10.583005244258363,31.166010488516726,-0.8504200642707612,False,False,False,0,False
2022,38,2022-09-19,Ciudad de México,CDMX,Escarlatina,6,boletin_pdf,6.5,5.972157622389639,18.444315244779276,-0.08372183582789214,False,False,False,0,False
2022,38,2022-09-19,Ciudad de México,CDMX,Rubeola,0,boletin_pdf,0.0,0.0,0.0,0.0,False,False,False,0,False
2022,38,2022-09-19,Ciudad de México,CDMX,Sarampion,0,boletin_pdf,0.0,0.0,0.0,0.0,False,False,False,0,False
2022,38,2022-09-19,Jalisco,Guadalajara,Erisipela,3,boletin_pdf,7.5,2.516611478423583,12.533222956847165,-1.7881186820378092,False,False,False,0,False
2022,38,2022-09-19,Jalisco,Guadalajara,Escarlatina,1,boletin_pdf,10.0,5.656854249492381,21.31370849898476,-1.590990257669732,False,False,False,0,False
2022,38,2022-09-19,Jalisco,Guadalajara,Rubeola,0,boletin_pdf,0.0,0.0,0.0,0.0,False,False,False,0,False
2022,38,2022-09-19,Jalisco,Guadalajara,Sarampion,0,boletin_pdf,0.0,0.0,0.0,0.0,False,False,False,0,False
2022,38,2022-09-19,Nuevo León,Monterrey,Erisipela,20,boletin_pdf,98.0,4.320493798938572,106.64098759787714,-18.05349194556476,False,False,False,0,False
2022,38,2022-09-19,Nuevo León,Monterrey,Escarlatina,0,boletin_pdf,9.0,6.0,21.0,-1.5,False,False,False,0,False
2022,38,2022-09-19,Nuevo León,Monterrey,Rubeola,0,boletin_pdf,0.0,0.0,0.0,0.0,False,False,False,0,False
2022,38,2022-09-19,Nuevo León,Monterrey,Sarampion,0,boletin_pdf,0.0,0.0,0.0,0.0,False,False,False,0,False
2022,39,2022-09-26,Ciudad de México,CDMX,Erisipela,3,boletin_pdf,12.0,10.708252269472673,33.41650453894535,-0.840473288592332,False,False,False,0,False
2022,39,2022-09-26,Ciudad de México,CDMX,Escarlatina,1,boletin_pdf,9.5,8.06225774829855,25.6245154965971,-1.054295244008272,False,False,False,0,False
2022,39,2022-09-26,Ciudad de México,CDMX,Rubeola,0,boletin_pdf,0.0,0.0,0.0,0.0,False,False,False,0,False
2022,39,2022-09-26,Ciudad de México,CDMX,Sarampion,0,boletin_pdf,0.0,0.0,0.0,0.0,False,False,False,0,False
2022,39,2022-09-26,Jalisco,Guadalajara,Erisipela,5,boletin_pdf,9.0,8.406346808612328,25.812693617224657,-0.47583095143088644,False,False,False,0,False
2022,39,2022-09-26,Jalisco,Guadalajara,Escarlatina,1,boletin_pdf,5.0,3.8297084310253524,12.659416862050705,-1.044465935734187,False,False,False,0,False
2022,39,2022-09-26,Jalisco,Guadalajara,Rubeola,0,boletin_pdf,0.0,0.0,0.0,0.0,False,False,False,0,False
2022,39,2022-09-26,Jalisco,Guadalajara,Sarampion,0,boletin_pdf,0.0,0.0,0.0,0.0,False,False,False,0,False
2022,39,2022-09-26,Nuevo León,Monterrey,Erisipela,26,boletin_pdf,123.5,10.630145812734648,144.7602916254693,-9.172028466740075,False,False,False,0,False
2022,39,2022-09-26,Nuevo León,Monterrey,Escarlatina,2,boletin_pdf,10.5,9.146948489341495,28.79389697868299,-0.9292716592757296,False,False,False,0,False
2022,39,2022-09-26,Nuevo León,Monterrey,Rubeola,0,boletin_pdf,0.0,0.0,0.0,0.0,False,False,False,0,False
2022,39,2022-09-26,Nuevo León,Monterrey,Sarampion,0,boletin_pdf,0.0,0.0,0.0,0.0,False,False,False,0,False
2022,40,2022-10-03,Ciudad de México,CDMX,Erisipela,1,boletin_pdf,10.0,7.118052168020874,24.23610433604175,-1.2643908456352868,False,False,False,0,False
2022,40,2022-10-03,Ciudad de México,CDMX,Escarlatina,2,boletin_pdf,14.0,14.787382008545888,43.57476401709178,-0.8115026712006891,False,False,False,0,False
2022,40,2022-10-03,Ciudad de México,CDMX,Rubeola,0,boletin_pdf,0.0,0.0,0.0,0.0,False,False,False,0,False
2022,40,2022-10-03,Ciudad de México,CDMX,Sarampion,0,SEFE_pdf,0.0,0.0,0.0,0.0,False,False,False,0,False
2022,40,2022-10-03,Jalisco,Guadalajara,Erisipela,1,boletin_pdf,9.5,1.9148542155126762,13.329708431025352,-4.438980226870295,False,False,False,0,False
2022,40,2022-10-03,Jalisco,Guadalajara,Escarlatina,2,boletin_pdf,9.0,3.4641016151377544,15.928203230275509,-2.0207259421636903,False,False,False,0,False
2022,40,2022-10-03,Jalisco,Guadalajara,Rubeola,0,boletin_pdf,0.0,0.0,0.0,0.0,False,False,False,0,False
2022,40,2022-10-03,Jalisco,Guadalajara,Sarampion,0,SEFE_pdf,0.0,0.0,0.0,0.0,False,False,False,0,False
2022,40,2022-10-03,Nuevo León,Monterrey,Erisipela,28,boletin_pdf,85.5,5.972157622389639,97.44431524477928,-9.628011120207596,False,False,False,0,False
2022,40,2022-10-03,Nuevo León,Monterrey,Escarlatina,1,boletin_pdf,11.5,7.54983443527075,26.5996688705415,-1.390758974918296,False,False,False,0,False
2022,40,2022-10-03,Nuevo León,Monterrey,Rubeola,0,boletin_pdf,0.0,0.0,0.0,0.0,False,False,False,0,False
2022,40,2022-10-03,Nuevo León,Monterrey,Sarampion,0,SEFE_pdf,0.0,0.0,0.0,0.0,False,False,False,0,False
2022,41,2022-10-10,Ciudad de México,CDMX,Erisipela,0,boletin_pdf,12.5,10.376254944182254,33.25250988836451,-1.2046735616310666,False,False,False,0,False
2022,41,2022-10-10,Ciudad de México,CDMX,Escarlatina,5,boletin_pdf,15.0,12.489995996796797,39.97999199359359,-0.8006407690254357,False,False,False,0,False
2022,41,2022-10-10,Ciudad de México,CDMX,Rubeola,0,boletin_pdf,0.0,0.0,0.0,0.0,False,False,False,0,False
2022,41,2022-10-10,Ciudad de México,CDMX,Sarampion,0,boletin_pdf,0.0,0.0,0.0,0.0,False,False,False,0,False
2022,41,2022-10-10,Jalisco,Guadalajara,Erisipela,5,boletin_pdf,7.0,2.5819888974716108,12.163977794943222,-0.7745966692414835,False,False,False,0,False
2022,41,2022-10-10,Jalisco,Guadalajara,Escarlatina,1,boletin_pdf,7.0,5.291502622129181,17.583005244258363,-1.1338934190276817,False,False,False,0,False
2022,41,2022-10-10,Jalisco,Guadalajara,Rubeola,0,boletin_pdf,0.0,0.0,0.0,0.0,False,False,False,0,False
2022,41,2022-10-10,Jalisco,Guadalajara,Sarampion,0,boletin_pdf,0.0,0.0,0.0,0.0,False,False,False,0,False
2022,41,2022-10-10,Nuevo León,Monterrey,Erisipela,38,boletin_pdf,104.5,9.848857801796102,124.1977156035922,-6.752051998138568,False,False,False,0,False
2022,41,2022-10-10,Nuevo León,Monterrey,Escarlatina,0,boletin_pdf,7.5,4.123105625617661,15.746211251235321,-1.8190171877724972,False,False,False,0,False
2022,41,2022-10-10,Nuevo León,Monterrey,Rubeola,0,boletin_pdf,0.0,0.0,0.0,0.0,False,False,False,0,False
2022,41,2022-10-10,Nuevo León,Monterrey,Sarampion,0,boletin_pdf,0.0,0.0,0.0,0.0,False,False,False,0,False
2022,42,2022-10-17,Ciudad de México,CDMX,Erisipela,5,boletin_pdf,16.0,13.9522996909709,43.9045993819418,-0.7884004962363693,False,False,False,0,False
2022,42,2022-10-17,Ciudad de México,CDMX,Escarlatina,4,boletin_pdf,12.5,10.115993936995679,32.73198787399136,-0.8402535680566443,False,False,False,0,False
2022,42,2022-10-17,Ciudad de México,CDMX,Rubeola,0,boletin_pdf,0.0,0.0,0.0,0.0,False,False,False,0,False
2022,42,2022-10-17,Ciudad de México,CDMX,Sarampion,0,boletin_pdf,0.0,0.0,0.0,0.0,False,False,False,0,False
2022,42,2022-10-17,Jalisco,Guadalajara,Erisipela,6,boletin_pdf,7.5,5.972157622389639,19.444315244779276,-0.25116550748367644,False,False,False,0,False
2022,42,2022-10-17,Jalisco,Guadalajara,Escarlatina,2,boletin_pdf,6.0,2.8284271247461903,11.65685424949238,-1.414213562373095,False,False,False,0,False
2022,42,2022-10-17,Jalisco,Guadalajara,Rubeola,0,boletin_pdf,0.0,0.0,0.0,0.0,False,False,False,0,False
2022,42,2022-10-17,Jalisco,Guadalajara,Sarampion,0,boletin_pdf,0.0,0.0,0.0,0.0,False,False,False,0,False
2022,42,2022-10-17,Nuevo León,Monterrey,Erisipela,22,boletin_pdf,112.5,5.507570547286103,123.5151410945722,-16.431927511957984,False,False,False,0,False
2022,42,2022-10-17,Nuevo León,Monterrey,Escarlatina,2,boletin_pdf,9.0,5.773502691896258,20.547005383792516,-1.212435565298214,False,False,False,0,False
2022,42,2022-10-17,Nuevo León,Monterrey,Rubeola,0,boletin_pdf,0.0,0.0,0.0,0.0,False,False,False,0,False
2022,42,2022-10-17,Nuevo León,Monterrey,Sarampion,0,boletin_pdf,0.0,0.0,0.0,0.0,False,False,False,0,False
2022,43,2022-10-24,Ciudad de México,CDMX,Erisipela,1,boletin_pdf,16.0,12.649110640673518,41.29822128134704,-1.1858541225631423,False,False,False,0,False
2022,43,2022-10-24,Ciudad de México,CDMX,Escarlatina,6,boletin_pdf,15.5,10.503967504392486,36.50793500878497,-0.9044201627649121,False,False,False,0,False
2022,43,2022-10-24,Ciudad de México,CDMX,Rubeola,0,boletin_pdf,0.0,0.0,0.0,0.0,False,False,False,0,False
2022,43,2022-10-24,Ciudad de México,CDMX,Sarampion,0,boletin_pdf,0.0,0.0,0.0,0.0,False,False,False,0,False
2022,43,2022-10-24,Jalisco,Guadalajara,Erisipela,2,boletin_pdf,12.5,4.123105625617661,20.746211251235323,-2.546624062881496,False,False,False,0,False
2022,43,2022-10-24,Jalisco,Guadalajara,Escarlatina,1,boletin_pdf,5.0,2.581988897471611,10.163977794943222,-1.5491933384829668,False,False,False,0,False
2022,43,2022-10-24,Jalisco,Guadalajara,Rubeola,0,boletin_pdf,0.0,0.0,0.0,0.0,False,False,False,0,False
2022,43,2022-10-24,Jalisco,Guadalajara,Sarampion,0,boletin_pdf,0.0,0.0,0.0,0.0,False,False,False,0,False
2022,43,2022-10-24,Nuevo León,Monterrey,Erisipela,32,boletin_pdf,104.0,23.03620339089466,150.0724067817893,-3.1255150329354566,False,False,False,0,False
2022,43,2022-10-24,Nuevo León,Monterrey,Escarlatina,0,boletin_pdf,5.0,3.4641016151377544,11.928203230275509,-1.4433756729740645,False,False,False,0,False
2022,43,2022-10-24,Nuevo León,Monterrey,Rubeola,0,boletin_pdf,0.0,0.0,0.0,0.0,False,False,False,0,False
2022,43,2022-10-24,Nuevo León,Monterrey,Sarampion,0,boletin_pdf,0.0,0.0,0.0,0.0,False,False,False,0,False
2022,44,2022-10-31,Ciudad de México,CDMX,Erisipela,3,boletin_pdf,15.0,10.519822558706334,36.03964511741267,-1.1407036509440602,False,False,False,0,False
2022,44,2022-10-31,Ciudad de México,CDMX,Escarlatina,4,boletin_pdf,19.5,13.69914839202301,46.898296784046025,-1.131457194012558,False,False,False,0,False
2022,44,2022-10-31,Ciudad de México,CDMX,Rubeola,0,boletin_pdf,0.0,0.0,0.0,0.0,False,False,False,0,False
2022,44,2022-10-31,Ciudad de México,CDMX,Sarampion,0,SEFE_pdf,0.0,0.0,0.0,0.0,False,False,False,0,False
2022,44,2022-10-31,Jalisco,Guadalajara,Erisipela,4,boletin_pdf,11.0,5.291502622129181,21.583005244258363,-1.3228756555322951,False,False,False,0,False
2022,44,2022-10-31,Jalisco,Guadalajara,Escarlatina,1,boletin_pdf,5.0,2.0,9.0,-2.0,False,False,False,0,False
2022,44,2022-10-31,Jalisco,Guadalajara,Rubeola,0,boletin_pdf,0.0,0.0,0.0,0.0,False,False,False,0,False
2022,44,2022-10-31,Jalisco,Guadalajara,Sarampion,0,SEFE_pdf,0.0,0.0,0.0,0.0,False,False,False,0,False
2022,44,2022-10-31,Nuevo León,Monterrey,Erisipela,22,boletin_pdf,101.0,14.832396974191322,130.66479394838265,-5.326178913459613,False,False,False,0,False
2022,44,2022-10-31,Nuevo León,Monterrey,Escarlatina,1,boletin_pdf,5.5,2.9999999999999996,11.5,-1.5000000000000002,False,False,False,0,False
2022,44,2022-10-31,Nuevo León,Monterrey,Rubeola,0,boletin_pdf,0.0,0.0,0.0,0.0,False,False,False,0,False
2022,44,2022-10-31,Nuevo León,Monterrey,Sarampion,0,SEFE_pdf,0.0,0.0,0.0,0.0,False,False,False,0,False
2022,45,2022-11-07,Ciudad de México,CDMX,Erisipela,1,boletin_pdf,8.5,5.744562646538028,19.989125293076057,-1.305582419667734,False,False,False,0,False
2022,45,2022-11-07,Ciudad de México,CDMX,Escarlatina,2,boletin_pdf,15.0,10.893423092245461,36.786846184490926,-1.1933806196561039,False,False,False,0,False
2022,45,2022-11-07,Ciudad de México,CDMX,Rubeola,0,boletin_pdf,0.0,0.0,0.0,0.0,False,False,False,0,False
2022,45,2022-11-07,Ciudad de México,CDMX,Sarampion,0,boletin_pdf,0.0,0.0,0.0,0.0,False,False,False,0,False
2022,45,2022-11-07,Jalisco,Guadalajara,Erisipela,2,boletin_pdf,7.0,2.581988897471611,12.163977794943222,-1.9364916731037085,False,False,False,0,False
2022,45,2022-11-07,Jalisco,Guadalajara,Escarlatina,1,boletin_pdf,7.0,2.581988897471611,12.163977794943222,-2.32379000772445,False,False,False,0,False
2022,45,2022-11-07,Jalisco,Guadalajara,Rubeola,0,boletin_pdf,0.0,0.0,0.0,0.0,False,False,False,0,False
2022,45,2022-11-07,Jalisco,Guadalajara,Sarampion,0,boletin_pdf,0.0,0.0,0.0,0.0,False,False,False,0,False
2022,45,2022-11-07,Nuevo León,Monterrey,Erisipela,31,boletin_pdf,72.0,11.31370849898476,94.62741699796952,-3.6239222535810565,False,False,False,0,False
2022,45,2022-11-07,Nuevo León,Monterrey,Escarlatina,1,boletin_pdf,8.0,4.320493798938574,16.64098759787715,-1.6201851746019649,False,False,False,0,False
2022,45,2022-11-07,Nuevo León,Monterrey,Rubeola,0,boletin_pdf,0.0,0.0,0.0,0.0,False,False,False,0,False
2022,45,2022-11-07,Nuevo León,Monterrey,Sarampion,0,boletin_pdf,0.0,0.0,0.0,0.0,False,False,False,0,False
2022,46,2022-11-14,Ciudad de México,CDMX,Erisipela,12,boletin_pdf,12.0,9.092121131323903,30.184242262647807,0.0,False,False,False,0,False
2022,46,2022-11-14,Ciudad de México,CDMX,Escarlatina,8,boletin_pdf,19.5,16.36052158907737,52.22104317815474,-0.7029115751222531,False,False,False,0,False
2022,46,2022-11-14,Ciudad de México,CDMX,Rubeola,0,boletin_pdf,0.0,0.0,0.0,0.0,False,False,False,0,False
2022,46,2022-11-14,Ciudad de México,CDMX,Sarampion,0,boletin_pdf,0.0,0.0,0.0,0.0,False,False,False,0,False
2022,46,2022-11-14,Jalisco,Guadalajara,Erisipela,4,boletin_pdf,11.5,4.123105625617661,19.746211251235323,-1.8190171877724972,False,False,False,0,False
2022,46,2022-11-14,Jalisco,Guadalajara,Escarlatina,2,boletin_pdf,8.0,2.8284271247461903,13.65685424949238,-2.1213203435596424,False,False,False,0,False
2022,46,2022-11-14,Jalisco,Guadalajara,Rubeola,0,boletin_pdf,0.0,0.0,0.0,0.0,False,False,False,0,False
2022,46,2022-11-14,Jalisco,Guadalajara,Sarampion,0,boletin_pdf,0.0,0.0,0.0,0.0,False,False,False,0,False
2022,46,2022-11-14,Nuevo León,Monterrey,Erisipela,26,boletin_pdf,92.5,10.246950765959598,112.99390153191919,-6.489735485107746,False,False,False,0,False
2022,46,2022-11-14,Nuevo León,Monterrey,Escarlatina,1,boletin_pdf,8.5,4.123105625617661,16.746211251235323,-1.8190171877724972,False,False,False,0,False
2022,46,2022-11-14,Nuevo León,Monterrey,Rubeola,0,boletin_pdf,0.0,0.0,0.0,0.0,False,False,False,0,False
2022,46,2022-11-14,Nuevo León,Monterrey,Sarampion,0,boletin_pdf,0.0,0.0,0.0,0.0,False,False,False,0,False
2022,47,2022-11-21,Ciudad de México,CDMX,Erisipela,8,boletin_pdf,3.5,4.123105625617661,11.746211251235321,1.0914103126634984,False,False,False,0,False
2022,47,2022-11-21,Ciudad de México,CDMX,Escarlatina,5,boletin_pdf,9.0,6.6332495807108,22.2664991614216,-0.6030226891555273,False,False,False,0,False
2022,47,2022-11-21,Ciudad de México,CDMX,Rubeola,0,boletin_pdf,0.0,0.0,0.0,0.0,False,False,False,0,False
2022,47,2022-11-21,Ciudad de México,CDMX,Sarampion,0,boletin_pdf,0.0,0.0,0.0,0.0,False,False,False,0,False
2022,47,2022-11-21,Jalisco,Guadalajara,Erisipela,2,boletin_pdf,10.5,4.43471156521669,19.369423130433383,-1.9166973714072135,False,False,False,0,False
2022,47,2022-11-21,Jalisco,Guadalajara,Escarlatina,0,boletin_pdf,4.0,3.265986323710904,10.531972647421808,-1.224744871391589,False,False,False,0,False
2022,47,2022-11-21,Jalisco,Guadalajara,Rubeola,0,boletin_pdf,0.0,0.0,0.0,0.0,False,False,False,0,False
2022,47,2022-11-21,Jalisco,Guadalajara,Sarampion,0,boletin_pdf,0.0,0.0,0.0,0.0,False,False,False,0,False
2022,47,2022-11-21,Nuevo León,Monterrey,Erisipela,23,boletin_pdf,70.0,21.602468994692867,113.20493798938574,-2.175677234465496,False,False,False,0,False
2022,47,2022-11-21,Nuevo León,Monterrey,Escarlatina,1,boletin_pdf,5.5,4.43471156521669,14.36942313043338,-1.014722137803819,False,False,False,0,False
2022,47,2022-11-21,Nuevo León,Monterrey,Rubeola,0,boletin_pdf,0.0,0.0,0.0,0.0,False,False,False,0,False
2022,47,2022-11-21,Nuevo León,Monterrey,Sarampion,0,boletin_pdf,0.0,0.0,0.0,0.0,False,False,False,0,False
2022,48,2022-11-28,Ciudad de México,CDMX,Erisipela,3,boletin_pdf,15.0,11.135528725660043,37.27105745132009,-1.0776318121606494,False,False,False,0,False
2022,48,2022-11-28,Ciudad de México,CDMX,Escarlatina,2,boletin_pdf,14.5,12.793227374930325,40.08645474986065,-0.9770794838286909,False,False,False,0,False
2022,48,2022-11-28,Ciudad de México,CDMX,Rubeola,0,boletin_pdf,0.0,0.0,0.0,0.0,False,False,False,0,False
2022,48,2022-11-28,Ciudad de México,CDMX,Sarampion,0,boletin_pdf,0.0,0.0,0.0,0.0,False,False,False,0,False
2022,48,2022-11-28,Jalisco,Guadalajara,Erisipela,1,boletin_pdf,9.0,3.4641016151377544,15.928203230275509,-2.3094010767585034,False,False,False,0,False
2022,48,2022-11-28,Jalisco,Guadalajara,Escarlatina,0,boletin_pdf,3.5,1.0,5.5,-3.5,False,False,False,0,False
2022,48,2022-11-28,Jalisco,Guadalajara,Rubeola,0,boletin_pdf,0.0,0.0,0.0,0.0,False,False,False,0,False
2022,48,2022-11-28,Jalisco,Guadalajara,Sarampion,0,boletin_pdf,0.0,0.0,0.0,0.0,False,False,False,0,False
2022,48,2022-11-28,Nuevo León,Monterrey,Erisipela,10,boletin_pdf,59.0,6.2182527020592095,71.43650540411842,-7.880027131057792,False,False,False,0,False
2022,48,2022-11-28,Nuevo León,Monterrey,Escarlatina,2,boletin_pdf,16.5,21.80978373727412,60.11956747454824,-0.6648392379617548,False,False,False,0,False
2022,48,2022-11-28,Nuevo León,Monterrey,Rubeola,0,boletin_pdf,0.0,0.0,0.0,0.0,False,False,False,0,False
2022,48,2022-11-28,Nuevo León,Monterrey,Sarampion,0,boletin_pdf,0.0,0.0,0.0,0.0,False,False,False,0,False
2022,49,2022-12-05,Ciudad de México,CDMX,Erisipela,4,boletin_pdf,10.5,10.246950765959598,30.993901531919196,-0.6343350474165466,False,False,False,0,False
2022,49,2022-12-05,Ciudad de México,CDMX,Escarlatina,2,boletin_pdf,14.0,9.38083151964686,32.76166303929372,-1.2792042981336627,False,False,False,0,False
2022,49,2022-12-05,Ciudad de México,CDMX,Rubeola,0,boletin_pdf,0.0,0.0,0.0,0.0,False,False,False,0,False
2022,49,2022-12-05,Ciudad de México,CDMX,Sarampion,0,SEFE_pdf,0.0,0.0,0.0,0.0,False,False,False,0,False
2022,49,2022-12-05,Jalisco,Guadalajara,Erisipela,6,boletin_pdf,2.5,1.9148542155126762,6.329708431025352,1.8278153875348273,False,False,False,0,False
2022,49,2022-12-05,Jalisco,Guadalajara,Escarlatina,2,boletin_pdf,7.0,5.773502691896258,18.547005383792516,-0.8660254037844386,False,False,False,0,False
2022,49,2022-12-05,Jalisco,Guadalajara,Rubeola,0,boletin_pdf,0.0,0.0,0.0,0.0,False,False,False,0,False
2022,49,2022-12-05,Jalisco,Guadalajara,Sarampion,0,SEFE_pdf,0.0,0.0,0.0,0.0,False,False,False,0,False
2022,49,2022-12-05,Nuevo León,Monterrey,Erisipela,20,boletin_pdf,66.5,9.146948489341495,84.793896978683,-5.08366260662605,False,False,False,0,False
2022,49,2022-12-05,Nuevo León,Monterrey,Escarlatina,3,boletin_pdf,8.0,4.898979485566356,17.79795897113271,-1.0206207261596576,False,False,False,0,False
2022,49,2022-12-05,Nuevo León,Monterrey,Rubeola,0,boletin_pdf,0.0,0.0,0.0,0.0,False,False,False,0,False
2022,49,2022-12-05,Nuevo León,Monterrey,Sarampion,0,SEFE_pdf,0.0,0.0,0.0,0.0,False,False,False,0,False
2022,50,2022-12-12,Ciudad de México,CDMX,Erisipela,3,boletin_pdf,10.5,9.0,28.5,-0.8333333333333334,False,False,False,0,False
2022,50,2022-12-12,Ciudad de México,CDMX,Escarlatina,1,boletin_pdf,10.5,8.225975119502044,26.951950239004088,-1.1548782803241786,False,False,False,0,False
2022,50,2022-12-12,Ciudad de México,CDMX,Rubeola,0,boletin_pdf,0.0,0.0,0.0,0.0,False,False,False,0,False
2022,50,2022-12-12,Ciudad de México,CDMX,Sarampion,0,boletin_pdf,0.0,0.0,0.0,0.0,False,False,False,0,False
2022,50,2022-12-12,Jalisco,Guadalajara,Erisipela,4,boletin_pdf,9.5,5.0,19.5,-1.1,False,False,False,0,False
2022,50,2022-12-12,Jalisco,Guadalajara,Escarlatina,0,boletin_pdf,2.5,2.516611478423583,7.533222956847166,-0.9933992677987828,False,False,False,0,False
2022,50,2022-12-12,Jalisco,Guadalajara,Rubeola,0,boletin_pdf,0.0,0.0,0.0,0.0,False,False,False,0,False
2022,50,2022-12-12,Jalisco,Guadalajara,Sarampion,0,boletin_pdf,0.0,0.0,0.0,0.0,False,False,False,0,False
2022,50,2022-12-12,Nuevo León,Monterrey,Erisipela,18,boletin_pdf,78.0,12.328828005937952,102.6576560118759,-4.8666426339228765,False,False,False,0,False
2022,50,2022-12-12,Nuevo León,Monterrey,Escarlatina,0,boletin_pdf,3.5,2.516611478423583,8.533222956847165,-1.390758974918296,False,False,False,0,False
2022,50,2022-12-12,Nuevo León,Monterrey,Rubeola,0,boletin_pdf,0.0,0.0,0.0,0.0,False,False,False,0,False
2022,50,2022-12-12,Nuevo León,Monterrey,Sarampion,0,boletin_pdf,0.0,0.0,0.0,0.0,False,False,False,0,False
2022,51,2022-12-19,Ciudad de México,CDMX,Erisipela,4,boletin_pdf,6.5,5.972157622389639,18.444315244779276,-0.4186091791394607,False,False,False,0,False
2022,51,2022-12-19,Ciudad de México,CDMX,Escarlatina,0,boletin_pdf,14.5,13.203534880225574,40.90706976045115,-1.0981907596363525,False,False,False,0,False
2022,51,2022-12-19,Ciudad de México,CDMX,Rubeola,0,boletin_pdf,0.0,0.0,0.0,0.0,False,False,False,0,False
2022,51,2022-12-19,Ciudad de México,CDMX,Sarampion,0,boletin_pdf,0.0,0.0,0.0,0.0,False,False,False,0,False
2022,51,2022-12-19,Jalisco,Guadalajara,Erisipela,6,boletin_pdf,6.0,4.320493798938574,14.640987597877148,0.0,False,False,False,0,False
2022,51,2022-12-19,Jalisco,Guadalajara,Escarlatina,0,boletin_pdf,9.0,6.6332495807108,22.2664991614216,-1.3568010505999364,False,False,False,0,False
2022,51,2022-12-19,Jalisco,Guadalajara,Rubeola,0,boletin_pdf,0.0,0.0,0.0,0.0,False,False,False,0,False
2022,51,2022-12-19,Jalisco,Guadalajara,Sarampion,0,boletin_pdf,0.0,0.0,0.0,0.0,False,False,False,0,False
2022,51,2022-12-19,Nuevo León,Monterrey,Erisipela,19,boletin_pdf,59.0,10.132456102380443,79.26491220476089,-3.9477101697586137,False,False,False,0,False
2022,51,2022-12-19,Nuevo León,Monterrey,Escarlatina,1,boletin_pdf,4.5,4.43471156521669,13.36942313043338,-0.7892283294029703,False,False,False,0,False
2022,51,2022-12-19,Nuevo León,Monterrey,Rubeola,0,boletin_pdf,0.0,0.0,0.0,0.0,False,False,False,0,False
2022,51,2022-12-19,Nuevo León,Monterrey,Sarampion,0,boletin_pdf,0.0,0.0,0.0,0.0,False,False,False,0,False
2022,52,2022-12-26,Ciudad de México,CDMX,Erisipela,1,boletin_pdf,5.5,3.7859388972001824,13.071877794400365,-1.1886087235395921,False,False,False,0,False
2022,52,2022-12-26,Ciudad de México,CDMX,Escarlatina,3,boletin_pdf,10.5,11.474609652039003,33.44921930407801,-0.6536170054958926,False,False,False,0,False
2022,52,2022-12-26,Ciudad de México,CDMX,Rubeola,0,boletin_pdf,0.0,0.0,0.0,0.0,False,False,False,0,False
2022,52,2022-12-26,Ciudad de México,CDMX,Sarampion,0,boletin_pdf,0.0,0.0,0.0,0.0,False,False,False,0,False
2022,52,2022-12-26,Jalisco,Guadalajara,Erisipela,4,boletin_pdf,4.5,1.9148542155126762,8.329708431025352,-0.26111648393354675,False,False,False,0,False
2022,52,2022-12-26,Jalisco,Guadalajara,Escarlatina,0,boletin_pdf,5.5,5.7445626465380295,16.989125293076057,-0.957427107756338,False,False,False,0,False
2022,52,2022-12-26,Jalisco,Guadalajara,Rubeola,0,boletin_pdf,0.0,0.0,0.0,0.0,False,False,False,0,False
2022,52,2022-12-26,Jalisco,Guadalajara,Sarampion,0,boletin_pdf,0.0,0.0,0.0,0.0,False,False,False,0,False
2022,52,2022-12-26,Nuevo León,Monterrey,Erisipela,12,boletin_pdf,50.5,15.351438586225939,81.20287717245188,-2.507908283888396,False,False,False,0,False
2022,52,2022-12-26,Nuevo León,Monterrey,Escarlatina,0,boletin_pdf,9.0,12.701705922171767,34.40341184434354,-0.7085662394599952,False,False,False,0,False
2022,52,2022-12-26,Nuevo León,Monterrey,Rubeola,0,boletin_pdf,0.0,0.0,0.0,0.0,False,False,False,0,False
2022,52,2022-12-26,Nuevo León,Monterrey,Sarampion,0,boletin_pdf,0.0,0.0,0.0,0.0,False,False,False,0,False
2022,53,2022-12-26,Ciudad de México,CDMX,Erisipela,0,boletin_pdf,0.0,0.0,0.0,0.0,False,False,False,0,False
2022,53,2022-12-26,Ciudad de México,CDMX,Escarlatina,0,boletin_pdf,0.0,0.0,0.0,0.0,False,False,False,0,False
2022,53,2022-12-26,Ciudad de México,CDMX,Rubeola,0,boletin_pdf,0.0,0.0,0.0,0.0,False,False,False,0,False
2022,53,2022-12-26,Ciudad de México,CDMX,Sarampion,0,boletin_pdf,0.0,0.0,0.0,0.0,False,False,False,0,False
2022,53,2022-12-26,Jalisco,Guadalajara,Erisipela,0,boletin_pdf,0.0,0.0,0.0,0.0,False,False,False,0,False
2022,53,2022-12-26,Jalisco,Guadalajara,Escarlatina,0,boletin_pdf,0.0,0.0,0.0,0.0,False,False,False,0,False
2022,53,2022-12-26,Jalisco,Guadalajara,Rubeola,0,boletin_pdf,0.0,0.0,0.0,0.0,False,False,False,0,False
2022,53,2022-12-26,Jalisco,Guadalajara,Sarampion,0,boletin_pdf,0.0,0.0,0.0,0.0,False,False,False,0,False
2022,53,2022-12-26,Nuevo León,Monterrey,Erisipela,0,boletin_pdf,0.0,0.0,0.0,0.0,False,False,False,0,False
2022,53,2022-12-26,Nuevo León,Monterrey,Escarlatina,0,boletin_pdf,0.0,0.0,0.0,0.0,False,False,False,0,False
2022,53,2022-12-26,Nuevo León,Monterrey,Rubeola,0,boletin_pdf,0.0,0.0,0.0,0.0,False,False,False,0,False
2022,53,2022-12-26,Nuevo León,Monterrey,Sarampion,0,boletin_pdf,0.0,0.0,0.0,0.0,False,False,False,0,False
2023,1,2023-01-02,Ciudad de México,CDMX,Erisipela,2,boletin_pdf,3.0,6.0,15.0,-0.16666666666666666,False,False,False,0,False
2023,1,2023-01-02,Ciudad de México,CDMX,Escarlatina,2,boletin_pdf,2.0,2.8284271247461903,7.656854249492381,0.0,False,False,False,0,False
2023,1,2023-01-02,Ciudad de México,CDMX,Rubeola,0,boletin_pdf,0.0,0.0,0.0,0.0,False,False,False,0,False
2023,1,2023-01-02,Ciudad de México,CDMX,Sarampion,0,SEFE_pdf,0.0,0.0,0.0,0.0,False,False,False,0,False
2023,1,2023-01-02,Jalisco,Guadalajara,Erisipela,7,boletin_pdf,6.0,4.898979485566356,15.797958971132712,0.20412414523193154,False,False,False,0,False
2023,1,2023-01-02,Jalisco,Guadalajara,Escarlatina,2,boletin_pdf,3.0,2.5819888974716108,8.163977794943222,-0.38729833462074176,False,False,False,0,False
2023,1,2023-01-02,Jalisco,Guadalajara,Rubeola,0,boletin_pdf,0.0,0.0,0.0,0.0,False,False,False,0,False
2023,1,2023-01-02,Jalisco,Guadalajara,Sarampion,0,SEFE_pdf,0.0,0.0,0.0,0.0,False,False,False,0,False
2023,1,2023-01-02,Nuevo León,Monterrey,Erisipela,11,boletin_pdf,51.5,20.6801031589948,92.8602063179896,-1.9584041573015338,False,False,False,0,False
2023,1,2023-01-02,Nuevo León,Monterrey,Escarlatina,2,boletin_pdf,5.5,5.7445626465380295,16.989125293076057,-0.6092717958449424,False,False,False,0,False
2023,1,2023-01-02,Nuevo León,Monterrey,Rubeola,0,boletin_pdf,0.0,0.0,0.0,0.0,False,False,False,0,False
2023,1,2023-01-02,Nuevo León,Monterrey,Sarampion,0,SEFE_pdf,0.0,0.0,0.0,0.0,False,False,False,0,False
2023,2,2023-01-09,Ciudad de México,CDMX,Erisipela,2,boletin_pdf,4.5,5.744562646538029,15.989125293076057,-0.4351941398892446,False,False,False,0,False
2023,2,2023-01-09,Ciudad de México,CDMX,Escarlatina,2,boletin_pdf,2.5,3.785938897200182,10.071877794400365,-0.13206763594884358,False,False,False,0,False
2023,2,2023-01-09,Ciudad de México,CDMX,Rubeola,0,boletin_pdf,0.0,0.0,0.0,0.0,False,False,False,0,False
2023,2,2023-01-09,Ciudad de México,CDMX,Sarampion,0,boletin_pdf,0.0,0.0,0.0,0.0,False,False,False,0,False
2023,2,2023-01-09,Jalisco,Guadalajara,Erisipela,4,boletin_pdf,7.0,4.163331998932265,15.32666399786453,-0.7205766921228921,False,False,False,0,False
2023,2,2023-01-09,Jalisco,Guadalajara,Escarlatina,0,boletin_pdf,8.0,3.265986323710904,14.531972647421808,-2.449489742783178,False,False,False,0,False
2023,2,2023-01-09,Jalisco,Guadalajara,Rubeola,0,boletin_pdf,0.0,0.0,0.0,0.0,False,False,False,0,False
2023,2,2023-01-09,Jalisco,Guadalajara,Sarampion,0,boletin_pdf,0.0,0.0,0.0,0.0,False,False,False,0,False
2023,2,2023-01-09,Nuevo León,Monterrey,Erisipela,28,boletin_pdf,61.0,9.309493362512628,79.61898672502525,-3.5447686264951925,False,False,False,0,False
2023,2,2023-01-09,Nuevo León,Monterrey,Escarlatina,0,boletin_pdf,1.5,1.0,3.5,-1.5,False,False,False,0,False
2023,2,2023-01-09,Nuevo León,Monterrey,Rubeola,0,boletin_pdf,0.0,0.0,0.0,0.0,False,False,False,0,False
2023,2,2023-01-09,Nuevo León,Monterrey,Sarampion,0,boletin_pdf,0.0,0.0,0.0,0.0,False,False,False,0,False
2023,3,2023-01-16,Ciudad de México,CDMX,Erisipela,5,boletin_pdf,5.0,5.773502691896257,16.547005383792516,0.0,False,False,False,0,False
2023,3,2023-01-16,Ciudad de México,CDMX,Escarlatina,1,boletin_pdf,3.5,5.744562646538029,14.989125293076057,-0.4351941398892446,False,False,False,0,False
2023,3,2023-01-16,Ciudad de México,CDMX,Rubeola,0,boletin_pdf,0.0,0.0,0.0,0.0,False,False,False,0,False
2023,3,2023-01-16,Ciudad de México,CDMX,Sarampion,0,boletin_pdf,0.0,0.0,0.0,0.0,False,False,False,0,False
2023,3,2023-01-16,Jalisco,Guadalajara,Erisipela,1,boletin_pdf,6.0,4.0,14.0,-1.25,False,False,False,0,False
2023,3,2023-01-16,Jalisco,Guadalajara,Escarlatina,2,boletin_pdf,6.5,2.9999999999999996,12.5,-1.5000000000000002,False,False,False,0,False
2023,3,2023-01-16,Jalisco,Guadalajara,Rubeola,0,boletin_pdf,0.0,0.0,0.0,0.0,False,False,False,0,False
2023,3,2023-01-16,Jalisco,Guadalajara,Sarampion,0,boletin_pdf,0.0,0.0,0.0,0.0,False,False,False,0,False
2023,3,2023-01-16,Nuevo León,Monterrey,Erisipela,23,boletin_pdf,77.0,16.77299416721217,110.54598833442434,-3.219460965744515,False,False,False,0,False
2023,3,2023-01-16,Nuevo León,Monterrey,Escarlatina,1,boletin_pdf,4.0,2.8284271247461903,9.65685424949238,-1.0606601717798212,False,False,False,0,False
2023,3,2023-01-16,Nuevo León,Monterrey,Rubeola,0,boletin_pdf,0.0,0.0,0.0,0.0,False,False,False,0,False
2023,3,2023-01-16,Nuevo León,Monterrey,Sarampion,0,boletin_pdf,0.0,0.0,0.0,0.0,False,False,False,0,False
2023,4,2023-01-23,Ciudad de México,CDMX,Erisipela,3,boletin_pdf,4.5,6.60807586719967,17.71615173439934,-0.22699497253739323,False,False,False,0,False
2023,4,2023-01-23,Ciudad de México,CDMX,Escarlatina,2,boletin_pdf,6.0,6.928203230275509,19.856406460551018,-0.5773502691896258,False,False,False,0,False
2023,4,2023-01-23,Ciudad de México,CDMX,Rubeola,0,boletin_pdf,0.0,0.0,0.0,0.0,False,False,False,0,False
2023,4,2023-01-23,Ciudad de México,CDMX,Sarampion,0,boletin_pdf,0.0,0.0,0.0,0.0,False,False,False,0,False
2023,4,2023-01-23,Jalisco,Guadalajara,Erisipela,6,boletin_pdf,9.0,3.8297084310253524,16.659416862050705,-0.7833494518006403,False,False,False,0,False
2023,4,2023-01-23,Jalisco,Guadalajara,Escarlatina,1,boletin_pdf,5.0,3.8297084310253524,12.659416862050705,-1.044465935734187,False,False,False,0,False
2023,4,2023-01-23,Jalisco,Guadalajara,Rubeola,0,boletin_pdf,0.0,0.0,0.0,0.0,False,False,False,0,False
2023,4,2023-01-23,Jalisco,Guadalajara,Sarampion,0,boletin_pdf,0.0,0.0,0.0,0.0,False,False,False,0,False
2023,4,2023-01-23,Nuevo León,Monterrey,Erisipela,18,boletin_pdf,55.5,5.507570547286103,66.5151410945722,-6.808809742524026,False,False,False,0,False
2023,4,2023-01-23,Nuevo León,Monterrey,Escarlatina,0,boletin_pdf,4.0,4.320493798938574,12.640987597877148,-0.9258200997725514,False,False,False,0,False
2023,4,2023-01-23,Nuevo León,Monterrey,Rubeola,0,boletin_pdf,0.0,0.0,0.0,0.0,False,False,False,0,False
2023,4,2023-01-23,Nuevo León,Monterrey,Sarampion,0,boletin_pdf,0.0,0.0,0.0,0.0,False,False,False,0,False
2023,5,2023-01-30,Ciudad de México,CDMX,Erisipela,6,boletin_pdf,6.5,8.54400374531753,23.58800749063506,-0.058520573598065284,False,False,False,0,False
2023,5,2023-01-30,Ciudad de México,CDMX,Escarlatina,4,boletin_pdf,8.0,10.456258094238748,28.912516188477497,-0.38254602783800296,False,False,False,0,False
2023,5,2023-01-30,Ciudad de México,CDMX,Rubeola,0,boletin_pdf,0.0,0.0,0.0,0.0,False,False,False,0,False
2023,5,2023-01-30,Ciudad de México,CDMX,Sarampion,0,SEFE_pdf,0.0,0.0,0.0,0.0,False,False,False,0,False
2023,5,2023-01-30,Jalisco,Guadalajara,Erisipela,1,boletin_pdf,8.0,3.6514837167011076,15.302967433402216,-1.9170289512680814,False,False,False,0,False
2023,5,2023-01-30,Jalisco,Guadalajara,Escarlatina,0,boletin_pdf,5.0,3.4641016151377544,11.928203230275509,-1.4433756729740645,False,False,False,0,False
2023,5,2023-01-30,Jalisco,Guadalajara,Rubeola,0,boletin_pdf,0.0,0.0,0.0,0.0,False,False,False,0,False
2023,5,2023-01-30,Jalisco,Guadalajara,Sarampion,0,SEFE_pdf,0.0,0.0,0.0,0.0,False,False,False,0,False
2023,5,2023-01-30,Nuevo León,Monterrey,Erisipela,10,boletin_pdf,69.0,7.745966692414834,84.49193338482966,-7.616867247541253,False,False,False,0,False
2023,5,2023-01-30,Nuevo León,Monterrey,Escarlatina,3,boletin_pdf,5.0,2.0,9.0,-1.0,False,False,False,0,False
2023,5,2023-01-30,Nuevo León,Monterrey,Rubeola,0,boletin_pdf,0.0,0.0,0.0,0.0,False,False,False,0,False
2023,5,2023-01-30,Nuevo León,Monterrey,Sarampion,0,SEFE_pdf,0.0,0.0,0.0,0.0,False,False,False,0,False
2023,6,2023-02-06,Ciudad de México,CDMX,Erisipela,3,boletin_pdf,8.0,9.797958971132712,27.595917942265423,-0.5103103630798288,False,False,False,0,False
2023,6,2023-02-06,Ciudad de México,CDMX,Escarlatina,2,boletin_pdf,9.0,10.519822558706334,30.039645117412668,-0.6654104630507017,False,False,False,0,False
2023,6,2023-02-06,Ciudad de México,CDMX,Rubeola,0,boletin_pdf,0.0,0.0,0.0,0.0,False,False,False,0,False
2023,6,2023-02-06,Ciudad de México,CDMX,Sarampion,0,boletin_pdf,0.0,0.0,0.0,0.0,False,False,False,0,False
2023,6,2023-02-06,Jalisco,Guadalajara,Erisipela,2,boletin_pdf,3.5,1.9148542155126762,7.329708431025352,-0.7833494518006403,False,False,False,0,False
2023,6,2023-02-06,Jalisco,Guadalajara,Escarlatina,4,boletin_pdf,5.5,1.9148542155126762,9.329708431025352,-0.7833494518006403,False,False,False,0,False
2023,6,2023-02-06,Jalisco,Guadalajara,Rubeola,0,boletin_pdf,0.0,0.0,0.0,0.0,False,False,False,0,False
2023,6,2023-02-06,Jalisco,Guadalajara,Sarampion,0,boletin_pdf,0.0,0.0,0.0,0.0,False,False,False,0,False
2023,6,2023-02-06,Nuevo León,Monterrey,Erisipela,12,boletin_pdf,69.5,9.71253485622231,88.92506971244462,-5.920184673845754,False,False,False,0,False
2023,6,2023-02-06,Nuevo León,Monterrey,Escarlatina,0,boletin_pdf,5.5,4.123105625617661,13.746211251235321,-1.3339459376998313,False,False,False,0,False
2023,6,2023-02-06,Nuevo León,Monterrey,Rubeola,0,boletin_pdf,0.0,0.0,0.0,0.0,False,False,False,0,False
2023,6,2023-02-06,Nuevo León,Monterrey,Sarampion,0,boletin_pdf,0.0,0.0,0.0,0.0,False,False,False,0,False
2023,7,2023-02-13,Ciudad de México,CDMX,Erisipela,3,boletin_pdf,5.0,6.6332495807108,18.2664991614216,-0.30151134457776363,False,False,False,0,False
2023,7,2023-02-13,Ciudad de México,CDMX,Escarlatina,2,boletin_pdf,5.0,6.6332495807108,18.2664991614216,-0.45226701686664544,False,False,False,0,False
2023,7,2023-02-13,Ciudad de México,CDMX,Rubeola,0,boletin_pdf,0.0,0.0,0.0,0.0,False,False,False,0,False
2023,7,2023-02-13,Ciudad de México,CDMX,Sarampion,0,boletin_pdf,0.0,0.0,0.0,0.0,False,False,False,0,False
2023,7,2023-02-13,Jalisco,Guadalajara,Erisipela,4,boletin_pdf,8.0,3.6514837167011076,15.302967433402216,-1.0954451150103321,False,False,False,0,False
2023,7,2023-02-13,Jalisco,Guadalajara,Escarlatina,2,boletin_pdf,5.0,2.581988897471611,10.163977794943222,-1.161895003862225,False,False,False,0,False
2023,7,2023-02-13,Jalisco,Guadalajara,Rubeola,0,boletin_pdf,0.0,0.0,0.0,0.0,False,False,False,0,False
2023,7,2023-02-13,Jalisco,Guadalajara,Sarampion,0,boletin_pdf,0.0,0.0,0.0,0.0,False,False,False,0,False
2023,7,2023-02-13,Nuevo León,Monterrey,Erisipela,6,boletin_pdf,72.5,13.79613472438325,100.0922694487665,-4.820190678659298,False,False,False,0,False
2023,7,2023-02-13,Nuevo León,Monterrey,Escarlatina,1,boletin_pdf,7.0,6.6332495807108,20.2664991614216,-0.9045340337332909,False,False,False,0,False
2023,7,2023-02-13,Nuevo León,Monterrey,Rubeola,0,boletin_pdf,0.0,0.0,0.0,0.0,False,False,False,0,False
2023,7,2023-02-13,Nuevo León,Monterrey,Sarampion,0,boletin_pdf,0.0,0.0,0.0,0.0,False,False,False,0,False
2023,8,2023-02-20,Ciudad de México,CDMX,Erisipela,4,boletin_pdf,10.0,12.000000000000002,34.0,-0.49999999999999994,False,False,False,0,False
2023,8,2023-02-20,Ciudad de México,CDMX,Escarlatina,2,boletin_pdf,6.0,9.521904571390465,25.04380914278093,-0.42008402520840304,False,False,False,0,False
2023,8,2023-02-20,Ciudad de México,CDMX,Rubeola,0,boletin_pdf,0.0,0.0,0.0,0.0,False,False,False,0,False
2023,8,2023-02-20,Ciudad de México,CDMX,Sarampion,0,boletin_pdf,0.0,0.0,0.0,0.0,False,False,False,0,False
2023,8,2023-02-20,Jalisco,Guadalajara,Erisipela,1,boletin_pdf,7.0,4.760952285695233,16.521904571390465,-1.260252075625209,False,False,False,0,False
2023,8,2023-02-20,Jalisco,Guadalajara,Escarlatina,0,boletin_pdf,6.0,4.320493798938574,14.640987597877148,-1.3887301496588271,False,False,False,0,False
2023,8,2023-02-20,Jalisco,Guadalajara,Rubeola,0,boletin_pdf,0.0,0.0,0.0,0.0,False,False,False,0,False
2023,8,2023-02-20,Jalisco,Guadalajara,Sarampion,0,boletin_pdf,0.0,0.0,0.0,0.0,False,False,False,0,False
2023,8,2023-02-20,Nuevo León,Monterrey,Erisipela,17,boletin_pdf,79.0,21.19748412744619,121.39496825489238,-2.924875406309342,False,False,False,0,False
2023,8,2023-02-20,Nuevo León,Monterrey,Escarlatina,2,boletin_pdf,7.0,4.760952285695232,16.521904571390465,-1.0502100630210076,False,False,False,0,False
2023,8,2023-02-20,Nuevo León,Monterrey,Rubeola,0,boletin_pdf,0.0,0.0,0.0,0.0,False,False,False,0,False
2023,8,2023-02-20,Nuevo León,Monterrey,Sarampion,0,boletin_pdf,0.0,0.0,0.0,0.0,False,False,False,0,False
2023,9,2023-02-27,Ciudad de México,CDMX,Erisipela,5,boletin_pdf,7.5,10.376254944182254,28.252509888364507,-0.24093471232621333,False,False,False,0,False
2023,9,2023-02-27,Ciudad de México,CDMX,Escarlatina,6,boletin_pdf,9.5,11.704699910719626,32.90939982143925,-0.2990251802008663,False,False,False,0,False
2023,9,2023-02-27,Ciudad de México,CDMX,Rubeola,0,boletin_pdf,0.0,0.0,0.0,0.0,False,False,False,0,False
2023,9,2023-02-27,Ciudad de México,CDMX,Sarampion,0,SEFE_pdf,0.0,0.0,0.0,0.0,False,False,False,0,False
2023,9,2023-02-27,Jalisco,Guadalajara,Erisipela,1,boletin_pdf,6.5,3.415650255319866,13.331300510639732,-1.6102351203650798,False,False,False,0,False
2023,9,2023-02-27,Jalisco,Guadalajara,Escarlatina,3,boletin_pdf,5.5,3.415650255319866,12.331300510639732,-0.7319250547113999,False,False,False,0,False
2023,9,2023-02-27,Jalisco,Guadalajara,Rubeola,0,boletin_pdf,0.0,0.0,0.0,0.0,False,False,False,0,False
2023,9,2023-02-27,Jalisco,Guadalajara,Sarampion,0,SEFE_pdf,0.0,0.0,0.0,0.0,False,False,False,0,False
2023,9,2023-02-27,Nuevo León,Monterrey,Erisipela,23,boletin_pdf,91.5,22.8837642591132,137.2675285182264,-2.993388641150708,False,False,False,0,False
2023,9,2023-02-27,Nuevo León,Monterrey,Escarlatina,2,boletin_pdf,6.5,4.123105625617661,14.746211251235321,-1.0914103126634984,False,False,False,0,False
2023,9,2023-02-27,Nuevo León,Monterrey,Rubeola,0,boletin_pdf,0.0,0.0,0.0,0.0,False,False,False,0,False
2023,9,2023-02-27,Nuevo León,Monterrey,Sarampion,0,SEFE_pdf,0.0,0.0,0.0,0.0,False,False,False,0,False
2023,10,2023-03-06,Ciudad de México,CDMX,Erisipela,3,boletin_pdf,5.5,4.123105625617661,13.746211251235321,-0.6063390625908325,False,False,False,0,False
2023,10,2023-03-06,Ciudad de México,CDMX,Escarlatina,4,boletin_pdf,18.5,14.45683229480096,47.41366458960192,-1.0029859726058081,False,False,False,0,False
2023,10,2023-03-06,Ciudad de México,CDMX,Rubeola,0,boletin_pdf,0.0,0.0,0.0,0.0,False,False,False,0,False
2023,10,2023-03-06,Ciudad de México,CDMX,Sarampion,0,boletin_pdf,0.0,0.0,0.0,0.0,False,False,False,0,False
2023,10,2023-03-06,Jalisco,Guadalajara,Erisipela,10,boletin_pdf,9.5,1.9148542155126764,13.329708431025352,0.26111648393354675,False,False,False,0,False
2023,10,2023-03-06,Jalisco,Guadalajara,Escarlatina,1,boletin_pdf,4.5,2.516611478423583,9.533222956847165,-1.390758974918296,False,False,False,0,False
2023,10,2023-03-06,Jalisco,Guadalajara,Rubeola,0,boletin_pdf,0.0,0.0,0.0,0.0,False,False,False,0,False
2023,10,2023-03-06,Jalisco,Guadalajara,Sarampion,0,boletin_pdf,0.0,0.0,0.0,0.0,False,False,False,0,False
2023,10,2023-03-06,Nuevo León,Monterrey,Erisipela,35,boletin_pdf,89.5,17.0,123.5,-3.2058823529411766,False,False,False,0,False
2023,10,2023-03-06,Nuevo León,Monterrey,Escarlatina,2,boletin_pdf,9.5,9.0,27.5,-0.8333333333333334,False,False,False,0,False
2023,10,2023-03-06,Nuevo León,Monterrey,Rubeola,0,boletin_pdf,0.0,0.0,0.0,0.0,False,False,False,0,False
2023,10,2023-03-06,Nuevo León,Monterrey,Sarampion,0,boletin_pdf,0.0,0.0,0.0,0.0,False,False,False,0,False
2023,11,2023-03-13,Ciudad de México,CDMX,Erisipela,5,boletin_pdf,16.0,10.954451150103322,37.90890230020665,-1.0041580220928046,False,False,False,0,False
2023,11,2023-03-13,Ciudad de México,CDMX,Escarlatina,4,boletin_pdf,20.0,13.856406460551018,47.712812921102035,-1.1547005383792517,False,False,False,0,False
2023,11,2023-03-13,Ciudad de México,CDMX,Rubeola,0,boletin_pdf,0.0,0.0,0.0,0.0,False,False,False,0,False
2023,11,2023-03-13,Ciudad de México,CDMX,Sarampion,0,boletin_pdf,0.0,0.0,0.0,0.0,False,False,False,0,False
2023,11,2023-03-13,Jalisco,Guadalajara,Erisipela,3,boletin_pdf,7.5,4.725815626252609,16.951631252505216,-0.9522165814091076,False,False,False,0,False
2023,11,2023-03-13,Jalisco,Guadalajara,Escarlatina,3,boletin_pdf,5.5,4.725815626252608,14.951631252505216,-0.5290092118939488,False,False,False,0,False
2023,11,2023-03-13,Jalisco,Guadalajara,Rubeola,0,boletin_pdf,0.0,0.0,0.0,0.0,False,False,False,0,False
2023,11,2023-03-13,Jalisco,Guadalajara,Sarampion,0,boletin_pdf,0.0,0.0,0.0,0.0,False,False,False,0,False
2023,11,2023-03-13,Nuevo León,Monterrey,Erisipela,30,boletin_pdf,74.0,9.521904571390467,93.04380914278093,-4.620924277292432,False,False,False,0,False
2023,11,2023-03-13,Nuevo León,Monterrey,Escarlatina,1,boletin_pdf,5.0,4.760952285695233,14.521904571390467,-0.8401680504168059,False,False,False,0,False
2023,11,2023-03-13,Nuevo León,Monterrey,Rubeola,0,boletin_pdf,0.0,0.0,0.0,0.0,False,False,False,0,False
2023,11,2023-03-13,Nuevo León,Monterrey,Sarampion,0,boletin_pdf,0.0,0.0,0.0,0.0,False,False,False,0,False
2023,12,2023-03-20,Ciudad de México,CDMX,Erisipela,1,boletin_pdf,11.0,9.865765724632494,30.73153144926499,-1.0136060675992289,False,False,False,0,False
2023,12,2023-03-20,Ciudad de México,CDMX,Escarlatina,2,boletin_pdf,20.5,15.864005379054394,52.22801075810879,-1.1661619848179055,False,False,False,0,False
2023,12,2023-03-20,Ciudad de México,CDMX,Rubeola,0,boletin_pdf,0.0,0.0,0.0,0.0,False,False,False,0,False
2023,12,2023-03-20,Ciudad de México,CDMX,Sarampion,0,boletin_pdf,0.0,0.0,0.0,0.0,False,False,False,0,False
2023,12,2023-03-20,Jalisco,Guadalajara,Erisipela,6,boletin_pdf,10.5,6.60807586719967,23.71615173439934,-0.6809849176121797,False,False,False,0,False
2023,12,2023-03-20,Jalisco,Guadalajara,Escarlatina,2,boletin_pdf,5.0,6.2182527020592095,17.43650540411842,-0.4824506406770077,False,False,False,0,False
2023,12,2023-03-20,Jalisco,Guadalajara,Rubeola,0,boletin_pdf,0.0,0.0,0.0,0.0,False,False,False,0,False
2023,12,2023-03-20,Jalisco,Guadalajara,Sarampion,0,boletin_pdf,0.0,0.0,0.0,0.0,False,False,False,0,False
2023,12,2023-03-20,Nuevo León,Monterrey,Erisipela,15,boletin_pdf,81.0,16.852299546352715,114.70459909270542,-3.9163794720397167,False,False,False,0,False
2023,12,2023-03-20,Nuevo León,Monterrey,Escarlatina,1,boletin_pdf,11.0,11.604596790352806,34.209193580705616,-0.8617274844321392,False,False,False,0,False
2023,12,2023-03-20,Nuevo León,Monterrey,Rubeola,0,boletin_pdf,0.0,0.0,0.0,0.0,False,False,False,0,False
2023,12,2023-03-20,Nuevo León,Monterrey,Sarampion,0,boletin_pdf,0.0,0.0,0.0,0.0,False,False,False,0,False
2023,13,2023-03-27,Ciudad de México,CDMX,Erisipela,5,boletin_pdf,9.5,7.54983443527075,24.5996688705415,-0.5960395606792697,False,False,False,0,False
2023,13,2023-03-27,Ciudad de México,CDMX,Escarlatina,1,boletin_pdf,18.0,15.05545305418162,48.11090610836324,-1.1291589790636216,False,False,False,0,False
2023,13,2023-03-27,Ciudad de México,CDMX,Rubeola,0,boletin_pdf,0.0,0.0,0.0,0.0,False,False,False,0,False
2023,13,2023-03-27,Ciudad de México,CDMX,Sarampion,0,boletin_pdf,0.0,0.0,0.0,0.0,False,False,False,0,False
2023,13,2023-03-27,Jalisco,Guadalajara,Erisipela,3,boletin_pdf,13.0,3.4641016151377544,19.928203230275507,-2.886751345948129,False,False,False,0,False
2023,13,2023-03-27,Jalisco,Guadalajara,Escarlatina,1,boletin_pdf,5.5,6.191391873668904,17.882783747337808,-0.7268155677785234,False,False,False,0,False
2023,13,2023-03-27,Jalisco,Guadalajara,Rubeola,0,boletin_pdf,0.0,0.0,0.0,0.0,False,False,False,0,False
2023,13,2023-03-27,Jalisco,Guadalajara,Sarampion,0,boletin_pdf,0.0,0.0,0.0,0.0,False,False,False,0,False
2023,13,2023-03-27,Nuevo León,Monterrey,Erisipela,21,boletin_pdf,72.5,36.71057976478534,145.92115952957067,-1.4028653409990934,False,False,False,0,False
2023,13,2023-03-27,Nuevo León,Monterrey,Escarlatina,0,boletin_pdf,6.0,1.632993161855452,9.265986323710905,-3.6742346141747673,False,False,False,0,False
2023,13,2023-03-27,Nuevo León,Monterrey,Rubeola,0,boletin_pdf,0.0,0.0,0.0,0.0,False,False,False,0,False
2023,13,2023-03-27,Nuevo León,Monterrey,Sarampion,0,boletin_pdf,0.0,0.0,0.0,0.0,False,False,False,0,False
2023,14,2023-04-03,Ciudad de México,CDMX,Erisipela,7,boletin_pdf,8.0,7.483314773547883,22.966629547095764,-0.1336306209562122,False,False,False,0,False
2023,14,2023-04-03,Ciudad de México,CDMX,Escarlatina,4,boletin_pdf,19.5,15.609825965290794,50.71965193058159,-0.9929643055896332,False,False,False,0,False
2023,14,2023-04-03,Ciudad de México,CDMX,Rubeola,0,boletin_pdf,0.0,0.0,0.0,0.0,False,False,False,0,False
2023,14,2023-04-03,Ciudad de México,CDMX,Sarampion,0,SEFE_pdf,0.0,0.0,0.0,0.0,False,False,False,0,False
2023,14,2023-04-03,Jalisco,Guadalajara,Erisipela,4,boletin_pdf,8.0,5.887840577551898,19.775681155103797,-0.6793662204867574,False,False,False,0,False
2023,14,2023-04-03,Jalisco,Guadalajara,Escarlatina,2,boletin_pdf,6.0,5.656854249492381,17.31370849898476,-0.7071067811865475,False,False,False,0,False
2023,14,2023-04-03,Jalisco,Guadalajara,Rubeola,0,boletin_pdf,0.0,0.0,0.0,0.0,False,False,False,0,False
2023,14,2023-04-03,Jalisco,Guadalajara,Sarampion,0,SEFE_pdf,0.0,0.0,0.0,0.0,False,False,False,0,False
2023,14,2023-04-03,Nuevo León,Monterrey,Erisipela,23,boletin_pdf,92.0,33.94112549695428,159.88225099390854,-2.032931995911324,False,False,False,0,False
2023,14,2023-04-03,Nuevo León,Monterrey,Escarlatina,1,boletin_pdf,5.0,3.4641016151377544,11.928203230275509,-1.1547005383792517,False,False,False,0,False
2023,14,2023-04-03,Nuevo León,Monterrey,Rubeola,0,boletin_pdf,0.0,0.0,0.0,0.0,False,False,False,0,False
2023,14,2023-04-03,Nuevo León,Monterrey,Sarampion,0,SEFE_pdf,0.0,0.0,0.0,0.0,False,False,False,0,False
2023,15,2023-04-10,Ciudad de México,CDMX,Erisipela,3,boletin_pdf,13.5,18.138357147217054,49.77671429443411,-0.5788837387409699,False,False,False,0,False
2023,15,2023-04-10,Ciudad de México,CDMX,Escarlatina,1,boletin_pdf,14.5,11.0,36.5,-1.2272727272727273,False,False,False,0,False
2023,15,2023-04-10,Ciudad de México,CDMX,Rubeola,0,boletin_pdf,0.0,0.0,0.0,0.0,False,False,False,0,False
2023,15,2023-04-10,Ciudad de México,CDMX,Sarampion,0,boletin_pdf,0.0,0.0,0.0,0.0,False,False,False,0,False
2023,15,2023-04-10,Jalisco,Guadalajara,Erisipela,2,boletin_pdf,9.5,4.123105625617661,17.746211251235323,-1.8190171877724972,False,False,False,0,False
2023,15,2023-04-10,Jalisco,Guadalajara,Escarlatina,2,boletin_pdf,7.0,5.773502691896258,18.547005383792516,-0.8660254037844386,False,False,False,0,False
2023,15,2023-04-10,Jalisco,Guadalajara,Rubeola,0,boletin_pdf,0.0,0.0,0.0,0.0,False,False,False,0,False
2023,15,2023-04-10,Jalisco,Guadalajara,Sarampion,0,boletin_pdf,0.0,0.0,0.0,0.0,False,False,False,0,False
2023,15,2023-04-10,Nuevo León,Monterrey,Erisipela,17,boletin_pdf,93.5,11.0,115.5,-6.954545454545454,False,False,False,0,False
2023,15,2023-04-10,Nuevo León,Monterrey,Escarlatina,0,boletin_pdf,17.0,13.71130920080209,44.42261840160418,-1.2398524277321037,False,False,False,0,False
2023,15,2023-04-10,Nuevo León,Monterrey,Rubeola,0,boletin_pdf,0.0,0.0,0.0,0.0,False,False,False,0,False
2023,15,2023-04-10,Nuevo León,Monterrey,Sarampion,0,boletin_pdf,0.0,0.0,0.0,0.0,False,False,False,0,False
2023,16,2023-04-17,Ciudad de México,CDMX,Erisipela,1,boletin_pdf,8.0,5.41602560309064,18.83205120618128,-1.2924606552829938,False,False,False,0,False
2023,16,2023-04-17,Ciudad de México,CDMX,Escarlatina,3,boletin_pdf,20.0,13.856406460551018,47.712812921102035,-1.2268693220279547,False,False,False,0,False
2023,16,2023-04-17,Ciudad de México,CDMX,Rubeola,0,boletin_pdf,0.0,0.0,0.0,0.0,False,False,False,0,False
2023,16,2023-04-17,Ciudad de México,CDMX,Sarampion,0,boletin_pdf,0.0,0.0,0.0,0.0,False,False,False,0,False
2023,16,2023-04-17,Jalisco,Guadalajara,Erisipela,2,boletin_pdf,8.5,6.60807586719967,21.71615173439934,-0.9836448809953706,False,False,False,0,False
2023,16,2023-04-17,Jalisco,Guadalajara,Escarlatina,5,boletin_pdf,4.0,1.632993161855452,7.265986323710904,0.6123724356957945,False,False,False,0,False
2023,16,2023-04-17,Jalisco,Guadalajara,Rubeola,0,boletin_pdf,0.0,0.0,0.0,0.0,False,False,False,0,False
2023,16,2023-04-17,Jalisco,Guadalajara,Sarampion,0,boletin_pdf,0.0,0.0,0.0,0.0,False,False,False,0,False
2023,16,2023-04-17,Nuevo León,Monterrey,Erisipela,14,boletin_pdf,94.0,16.08311744241976,126.16623488483953,-4.97416003373807,False,False,False,0,False
2023,16,2023-04-17,Nuevo León,Monterrey,Escarlatina,0,boletin_pdf,10.0,8.16496580927726,26.32993161855452,-1.224744871391589,False,False,False,0,False
2023,16,2023-04-17,Nuevo León,Monterrey,Rubeola,0,boletin_pdf,0.0,0.0,0.0,0.0,False,False,False,0,False
2023,16,2023-04-17,Nuevo León,Monterrey,Sarampion,0,boletin_pdf,0.0,0.0,0.0,0.0,False,False,False,0,False
2023,17,2023-04-24,Ciudad de México,CDMX,Erisipela,5,boletin_pdf,10.0,8.485281374238571,26.970562748477143,-0.5892556509887895,False,False,False,0,False
2023,17,2023-04-24,Ciudad de México,CDMX,Escarlatina,2,boletin_pdf,18.5,12.583057392117917,43.66611478423583,-1.3112870334943934,False,False,False,0,False
2023,17,2023-04-24,Ciudad de México,CDMX,Rubeola,0,boletin_pdf,0.0,0.0,0.0,0.0,False,False,False,0,False
2023,17,2023-04-24,Ciudad de México,CDMX,Sarampion,0,boletin_pdf,0.0,0.0,0.0,0.0,False,False,False,0,False
2023,17,2023-04-24,Jalisco,Guadalajara,Erisipela,4,boletin_pdf,9.0,6.2182527020592095,21.43650540411842,-0.8040844011283462,False,False,False,0,False
2023,17,2023-04-24,Jalisco,Guadalajara,Escarlatina,3,boletin_pdf,5.0,4.163331998932265,13.32666399786453,-0.4803844614152614,False,False,False,0,False
2023,17,2023-04-24,Jalisco,Guadalajara,Rubeola,0,boletin_pdf,0.0,0.0,0.0,0.0,False,False,False,0,False
2023,17,2023-04-24,Jalisco,Guadalajara,Sarampion,0,boletin_pdf,0.0,0.0,0.0,0.0,False,False,False,0,False
2023,17,2023-04-24,Nuevo León,Monterrey,Erisipela,24,boletin_pdf,79.5,25.73583752927682,130.97167505855364,-2.1565258926142885,False,False,False,0,False
2023,17,2023-04-24,Nuevo León,Monterrey,Escarlatina,3,boletin_pdf,11.0,5.291502622129181,21.583005244258363,-1.5118578920369088,False,False,False,0,False
2023,17,2023-04-24,Nuevo León,Monterrey,Rubeola,0,boletin_pdf,0.0,0.0,0.0,0.0,False,False,False,0,False
2023,17,2023-04-24,Nuevo León,Monterrey,Sarampion,0,boletin_pdf,0.0,0.0,0.0,0.0,False,False,False,0,False
2023,18,2023-05-01,Ciudad de México,CDMX,Erisipela,4,boletin_pdf,10.5,8.54400374531753,27.58800749063506,-0.7607674567748487,False,False,False,0,False
2023,18,2023-05-01,Ciudad de México,CDMX,Escarlatina,2,boletin_pdf,15.0,10.893423092245461,36.786846184490926,-1.1933806196561039,False,False,False,0,False
2023,18,2023-05-01,Ciudad de México,CDMX,Rubeola,0,boletin_pdf,0.0,0.0,0.0,0.0,False,False,False,0,False
2023,18,2023-05-01,Ciudad de México,CDMX,Sarampion,0,SEFE_pdf,0.0,0.0,0.0,0.0,False,False,False,0,False
2023,18,2023-05-01,Jalisco,Guadalajara,Erisipela,2,boletin_pdf,4.0,3.6514837167011076,11.302967433402216,-0.5477225575051661,False,False,False,0,False
2023,18,2023-05-01,Jalisco,Guadalajara,Escarlatina,2,boletin_pdf,4.0,5.656854249492381,15.313708498984761,-0.35355339059327373,False,False,False,0,False
2023,18,2023-05-01,Jalisco,Guadalajara,Rubeola,0,boletin_pdf,0.0,0.0,0.0,0.0,False,False,False,0,False
2023,18,2023-05-01,Jalisco,Guadalajara,Sarampion,0,SEFE_pdf,0.0,0.0,0.0,0.0,False,False,False,0,False
2023,18,2023-05-01,Nuevo León,Monterrey,Erisipela,22,boletin_pdf,95.5,15.864005379054392,127.22801075810878,-4.633130047790058,False,False,False,0,False
2023,18,2023-05-01,Nuevo León,Monterrey,Escarlatina,0,boletin_pdf,24.0,29.34848093740685,82.6969618748137,-0.8177595307636584,False,False,False,0,False
2023,18,2023-05-01,Nuevo León,Monterrey,Rubeola,0,boletin_pdf,0.0,0.0,0.0,0.0,False,False,False,0,False
2023,18,2023-05-01,Nuevo León,Monterrey,Sarampion,0,SEFE_pdf,0.0,0.0,0.0,0.0,False,False,False,0,False
2023,19,2023-05-08,Ciudad de México,CDMX,Erisipela,1,boletin_pdf,13.0,9.309493362512628,31.618986725025255,-1.2890067732709791,False,False,False,0,False
2023,19,2023-05-08,Ciudad de México,CDMX,Escarlatina,3,boletin_pdf,18.0,12.110601416389967,42.22120283277994,-1.2385842357671557,False,False,False,0,False
2023,19,2023-05-08,Ciudad de México,CDMX,Rubeola,0,boletin_pdf,0.0,0.0,0.0,0.0,False,False,False,0,False
2023,19,2023-05-08,Ciudad de México,CDMX,Sarampion,0,boletin_pdf,0.0,0.0,0.0,0.0,False,False,False,0,False
2023,19,2023-05-08,Jalisco,Guadalajara,Erisipela,3,boletin_pdf,10.0,5.887840577551898,21.775681155103797,-1.1888908858518257,False,False,False,0,False
2023,19,2023-05-08,Jalisco,Guadalajara,Escarlatina,1,boletin_pdf,6.0,3.265986323710904,12.531972647421808,-1.5309310892394863,False,False,False,0,False
2023,19,2023-05-08,Jalisco,Guadalajara,Rubeola,0,boletin_pdf,0.0,0.0,0.0,0.0,False,False,False,0,False
2023,19,2023-05-08,Jalisco,Guadalajara,Sarampion,0,boletin_pdf,0.0,0.0,0.0,0.0,False,False,False,0,False
2023,19,2023-05-08,Nuevo León,Monterrey,Erisipela,24,boletin_pdf,97.5,24.78574859336174,147.0714971867235,-2.965413762797755,False,False,False,0,False
2023,19,2023-05-08,Nuevo León,Monterrey,Escarlatina,0,boletin_pdf,11.5,7.187952884282608,25.875905768565218,-1.5998991903725805,False,False,False,0,False
2023,19,2023-05-08,Nuevo León,Monterrey,Rubeola,0,boletin_pdf,0.0,0.0,0.0,0.0,False,False,False,0,False
2023,19,2023-05-08,Nuevo León,Monterrey,Sarampion,0,boletin_pdf,0.0,0.0,0.0,0.0,False,False,False,0,False
2023,20,2023-05-15,Ciudad de México,CDMX,Erisipela,2,boletin_pdf,6.0,4.320493798938574,14.640987597877148,-0.9258200997725514,False,False,False,0,False
2023,20,2023-05-15,Ciudad de México,CDMX,Escarlatina,3,boletin_pdf,19.0,13.316656236958787,45.63331247391757,-1.2015028183722212,False,False,False,0,False
2023,20,2023-05-15,Ciudad de México,CDMX,Rubeola,0,boletin_pdf,0.0,0.0,0.0,0.0,False,False,False,0,False
2023,20,2023-05-15,Ciudad de México,CDMX,Sarampion,0,boletin_pdf,0.0,0.0,0.0,0.0,False,False,False,0,False
2023,20,2023-05-15,Jalisco,Guadalajara,Erisipela,4,boletin_pdf,6.0,2.8284271247461903,11.65685424949238,-0.7071067811865475,False,False,False,0,False
2023,20,2023-05-15,Jalisco,Guadalajara,Escarlatina,3,boletin_pdf,143.5,276.3445916484224,696.1891832968448,-0.5084231942514373,False,False,False,0,False
2023,20,2023-05-15,Jalisco,Guadalajara,Rubeola,0,boletin_pdf,0.0,0.0,0.0,0.0,False,False,False,0,False
2023,20,2023-05-15,Jalisco,Guadalajara,Sarampion,0,boletin_pdf,0.0,0.0,0.0,0.0,False,False,False,0,False
2023,20,2023-05-15,Nuevo León,Monterrey,Erisipela,22,boletin_pdf,87.0,46.88994206294849,180.77988412589698,-1.3862247880950511,False,False,False,0,False
2023,20,2023-05-15,Nuevo León,Monterrey,Escarlatina,3,boletin_pdf,172.0,324.0041152002034,820.0082304004068,-0.5215983133287497,False,False,False,0,False
2023,20,2023-05-15,Nuevo León,Monterrey,Rubeola,0,boletin_pdf,0.0,0.0,0.0,0.0,False,False,False,0,False
2023,20,2023-05-15,Nuevo León,Monterrey,Sarampion,0,boletin_pdf,0.0,0.0,0.0,0.0,False,False,False,0,False
2023,21,2023-05-22,Ciudad de México,CDMX,Erisipela,5,boletin_pdf,11.0,7.571877794400366,26.14375558880073,-0.7924058156930613,False,False,False,0,False
2023,21,2023-05-22,Ciudad de México,CDMX,Escarlatina,3,boletin_pdf,13.5,10.754843869934453,35.00968773986891,-0.9763042706136462,False,False,False,0,False
2023,21,2023-05-22,Ciudad de México,CDMX,Rubeola,0,boletin_pdf,0.0,0.0,0.0,0.0,False,False,False,0,False
2023,21,2023-05-22,Ciudad de México,CDMX,Sarampion,0,boletin_pdf,0.0,0.0,0.0,0.0,False,False,False,0,False
2023,21,2023-05-22,Jalisco,Guadalajara,Erisipela,2,boletin_pdf,7.5,3.415650255319866,14.331300510639732,-1.6102351203650798,False,False,False,0,False
2023,21,2023-05-22,Jalisco,Guadalajara,Escarlatina,2,boletin_pdf,7.0,5.773502691896258,18.547005383792516,-0.8660254037844386,False,False,False,0,False
2023,21,2023-05-22,Jalisco,Guadalajara,Rubeola,0,boletin_pdf,0.0,0.0,0.0,0.0,False,False,False,0,False
2023,21,2023-05-22,Jalisco,Guadalajara,Sarampion,0,boletin_pdf,0.0,0.0,0.0,0.0,False,False,False,0,False
2023,21,2023-05-22,Nuevo León,Monterrey,Erisipela,19,boletin_pdf,107.5,5.7445626465380295,118.98912529307606,-15.405872552079256,False,False,False,0,False
2023,21,2023-05-22,Nuevo León,Monterrey,Escarlatina,1,boletin_pdf,10.0,4.898979485566356,19.79795897113271,-1.8371173070873836,False,False,False,0,False
2023,21,2023-05-22,Nuevo León,Monterrey,Rubeola,0,boletin_pdf,0.0,0.0,0.0,0.0,False,False,False,0,False
2023,21,2023-05-22,Nuevo León,Monterrey,Sarampion,0,boletin_pdf,0.0,0.0,0.0,0.0,False,False,False,0,False
2023,22,2023-05-29,Ciudad de México,CDMX,Erisipela,4,boletin_pdf,11.0,8.717797887081348,28.435595774162696,-0.8029550685469661,False,False,False,0,False
2023,22,2023-05-29,Ciudad de México,CDMX,Escarlatina,3,boletin_pdf,16.0,11.313708498984761,38.62741699796952,-1.1490485194281397,False,False,False,0,False
2023,22,2023-05-29,Ciudad de México,CDMX,Rubeola,0,boletin_pdf,0.0,0.0,0.0,0.0,False,False,False,0,False
2023,22,2023-05-29,Ciudad de México,CDMX,Sarampion,0,boletin_pdf,0.0,0.0,0.0,0.0,False,False,False,0,False
2023,22,2023-05-29,Jalisco,Guadalajara,Erisipela,4,boletin_pdf,9.0,2.581988897471611,14.163977794943222,-1.9364916731037085,False,False,False,0,False
2023,22,2023-05-29,Jalisco,Guadalajara,Escarlatina,1,boletin_pdf,7.5,3.415650255319866,14.331300510639732,-1.9030051422496397,False,False,False,0,False
2023,22,2023-05-29,Jalisco,Guadalajara,Rubeola,0,boletin_pdf,0.0,0.0,0.0,0.0,False,False,False,0,False
2023,22,2023-05-29,Jalisco,Guadalajara,Sarampion,0,boletin_pdf,0.0,0.0,0.0,0.0,False,False,False,0,False
2023,22,2023-05-29,Nuevo León,Monterrey,Erisipela,21,boletin_pdf,125.5,13.69914839202301,152.898296784046,-7.628211404794342,False,False,False,0,False
2023,22,2023-05-29,Nuevo León,Monterrey,Escarlatina,1,boletin_pdf,14.0,4.320493798938574,22.64098759787715,-3.008915324260792,False,False,False,0,False
2023,22,2023-05-29,Nuevo León,Monterrey,Rubeola,0,boletin_pdf,0.0,0.0,0.0,0.0,False,False,False,0,False
2023,22,2023-05-29,Nuevo León,Monterrey,Sarampion,0,boletin_pdf,0.0,0.0,0.0,0.0,False,False,False,0,False
2023,23,2023-06-05,Ciudad de México,CDMX,Erisipela,3,boletin_pdf,14.0,10.708252269472673,35.41650453894535,-1.0272451305017392,False,False,False,0,False
2023,23,2023-06-05,Ciudad de México,CDMX,Escarlatina,2,boletin_pdf,21.5,15.438048235879215,52.37609647175843,-1.2631130374810267,False,False,False,0,False
2023,23,2023-06-05,Ciudad de México,CDMX,Rubeola,0,boletin_pdf,0.0,0.0,0.0,0.0,False,False,False,0,False
2023,23,2023-06-05,Ciudad de México,CDMX,Sarampion,0,SEFE_pdf,0.0,0.0,0.0,0.0,False,False,False,0,False
2023,23,2023-06-05,Jalisco,Guadalajara,Erisipela,3,boletin_pdf,6.0,2.8284271247461903,11.65685424949238,-1.0606601717798212,False,False,False,0,False
2023,23,2023-06-05,Jalisco,Guadalajara,Escarlatina,0,boletin_pdf,12.5,5.0,22.5,-2.5,False,False,False,0,False
2023,23,2023-06-05,Jalisco,Guadalajara,Rubeola,0,boletin_pdf,0.0,0.0,0.0,0.0,False,False,False,0,False
2023,23,2023-06-05,Jalisco,Guadalajara,Sarampion,0,SEFE_pdf,0.0,0.0,0.0,0.0,False,False,False,0,False
2023,23,2023-06-05,Nuevo León,Monterrey,Erisipela,27,boletin_pdf,118.0,29.574764017091777,177.14952803418356,-3.0769476283026127,False,False,False,0,False
2023,23,2023-06-05,Nuevo León,Monterrey,Escarlatina,1,boletin_pdf,13.0,7.393691004272944,27.78738200854589,-1.6230053424013782,False,False,False,0,False
2023,23,2023-06-05,Nuevo León,Monterrey,Rubeola,0,boletin_pdf,0.0,0.0,0.0,0.0,False,False,False,0,False
2023,23,2023-06-05,Nuevo León,Monterrey,Sarampion,0,SEFE_pdf,0.0,0.0,0.0,0.0,False,False,False,0,False
2023,24,2023-06-12,Ciudad de México,CDMX,Erisipela,6,boletin_pdf,12.5,9.146948489341495,30.79389697868299,-0.7106195041520286,False,False,False,0,False
2023,24,2023-06-12,Ciudad de México,CDMX,Escarlatina,6,boletin_pdf,26.5,18.28478420253664,63.06956840507328,-1.12115077612762,False,False,False,0,False
2023,24,2023-06-12,Ciudad de México,CDMX,Rubeola,0,boletin_pdf,0.0,0.0,0.0,0.0,False,False,False,0,False
2023,24,2023-06-12,Ciudad de México,CDMX,Sarampion,0,boletin_pdf,0.0,0.0,0.0,0.0,False,False,False,0,False
2023,24,2023-06-12,Jalisco,Guadalajara,Erisipela,6,boletin_pdf,14.5,5.972157622389639,26.444315244779276,-1.4232712090741664,False,False,False,0,False
2023,24,2023-06-12,Jalisco,Guadalajara,Escarlatina,2,boletin_pdf,8.5,5.0,18.5,-1.3,False,False,False,0,False
2023,24,2023-06-12,Jalisco,Guadalajara,Rubeola,0,boletin_pdf,0.0,0.0,0.0,0.0,False,False,False,0,False
2023,24,2023-06-12,Jalisco,Guadalajara,Sarampion,0,boletin_pdf,0.0,0.0,0.0,0.0,False,False,False,0,False
2023,24,2023-06-12,Nuevo León,Monterrey,Erisipela,35,boletin_pdf,117.5,11.0,139.5,-7.5,False,False,False,0,False
2023,24,2023-06-12,Nuevo León,Monterrey,Escarlatina,0,boletin_pdf,5.5,1.9148542155126762,9.329708431025352,-2.8722813232690143,False,False,False,0,False
2023,24,2023-06-12,Nuevo León,Monterrey,Rubeola,0,boletin_pdf,0.0,0.0,0.0,0.0,False,False,False,0,False
2023,24,2023-06-12,Nuevo León,Monterrey,Sarampion,0,boletin_pdf,0.0,0.0,0.0,0.0,False,False,False,0,False
2023,25,2023-06-19,Ciudad de México,CDMX,Erisipela,4,boletin_pdf,13.0,10.0,33.0,-0.9,False,False,False,0,False
2023,25,2023-06-19,Ciudad de México,CDMX,Escarlatina,1,boletin_pdf,24.0,16.0,56.0,-1.4375,False,False,False,0,False
2023,25,2023-06-19,Ciudad de México,CDMX,Rubeola,0,boletin_pdf,0.0,0.0,0.0,0.0,False,False,False,0,False
2023,25,2023-06-19,Ciudad de México,CDMX,Sarampion,0,boletin_pdf,0.0,0.0,0.0,0.0,False,False,False,0,False
2023,25,2023-06-19,Jalisco,Guadalajara,Erisipela,3,boletin_pdf,12.5,3.0,18.5,-3.1666666666666665,False,False,False,0,False
2023,25,2023-06-19,Jalisco,Guadalajara,Escarlatina,2,boletin_pdf,7.0,4.163331998932265,15.32666399786453,-1.2009611535381535,False,False,False,0,False
2023,25,2023-06-19,Jalisco,Guadalajara,Rubeola,0,boletin_pdf,0.0,0.0,0.0,0.0,False,False,False,0,False
2023,25,2023-06-19,Jalisco,Guadalajara,Sarampion,0,boletin_pdf,0.0,0.0,0.0,0.0,False,False,False,0,False
2023,25,2023-06-19,Nuevo León,Monterrey,Erisipela,36,boletin_pdf,145.0,22.538855339169285,190.07771067833858,-4.836092976317821,False,False,False,0,False
2023,25,2023-06-19,Nuevo León,Monterrey,Escarlatina,1,boletin_pdf,17.5,6.8068592855540455,31.11371857110809,-2.4240254290282395,False,False,False,0,False
2023,25,2023-06-19,Nuevo León,Monterrey,Rubeola,0,boletin_pdf,0.0,0.0,0.0,0.0,False,False,False,0,False
2023,25,2023-06-19,Nuevo León,Monterrey,Sarampion,0,boletin_pdf,0.0,0.0,0.0,0.0,False,False,False,0,False
2023,26,2023-06-26,Ciudad de México,CDMX,Erisipela,1,boletin_pdf,9.0,7.393691004272944,23.78738200854589,-1.082003561600919,False,False,False,0,False
2023,26,2023-06-26,Ciudad de México,CDMX,Escarlatina,5,boletin_pdf,17.5,13.403979508588733,44.30795901717747,-0.9325588711912385,False,False,False,0,False
2023,26,2023-06-26,Ciudad de México,CDMX,Rubeola,0,boletin_pdf,0.0,0.0,0.0,0.0,False,False,False,0,False
2023,26,2023-06-26,Ciudad de México,CDMX,Sarampion,0,boletin_pdf,0.0,0.0,0.0,0.0,False,False,False,0,False
2023,26,2023-06-26,Jalisco,Guadalajara,Erisipela,4,boletin_pdf,12.0,4.320493798938574,20.64098759787715,-1.8516401995451028,False,False,False,0,False
2023,26,2023-06-26,Jalisco,Guadalajara,Escarlatina,10,boletin_pdf,4.5,3.415650255319866,11.331300510639732,1.6102351203650798,False,False,False,0,False
2023,26,2023-06-26,Jalisco,Guadalajara,Rubeola,0,boletin_pdf,0.0,0.0,0.0,0.0,False,False,False,0,False
2023,26,2023-06-26,Jalisco,Guadalajara,Sarampion,0,boletin_pdf,0.0,0.0,0.0,0.0,False,False,False,0,False
2023,26,2023-06-26,Nuevo León,Monterrey,Erisipela,43,boletin_pdf,125.5,21.06339637063944,167.62679274127888,-3.9167472590032015,False,False,False,0,False
2023,26,2023-06-26,Nuevo León,Monterrey,Escarlatina,2,boletin_pdf,11.5,5.507570547286102,22.515141094572204,-1.7248984681060868,False,False,False,0,False
2023,26,2023-06-26,Nuevo León,Monterrey,Rubeola,0,boletin_pdf,0.0,0.0,0.0,0.0,False,False,False,0,False
2023,26,2023-06-26,Nuevo León,Monterrey,Sarampion,0,boletin_pdf,0.0,0.0,0.0,0.0,False,False,False,0,False
2023,27,2023-07-03,Ciudad de México,CDMX,Erisipela,4,boletin_pdf,12.0,8.48528137423857,28.97056274847714,-0.9428090415820635,False,False,False,0,False
2023,27,2023-07-03,Ciudad de México,CDMX,Escarlatina,2,boletin_pdf,13.0,10.392304845413264,33.78460969082653,-1.058475493514314,False,False,False,0,False
2023,27,2023-07-03,Ciudad de México,CDMX,Rubeola,0,boletin_pdf,0.0,0.0,0.0,0.0,False,False,False,0,False
2023,27,2023-07-03,Ciudad de México,CDMX,Sarampion,0,SEFE_pdf,0.0,0.0,0.0,0.0,False,False,False,0,False
2023,27,2023-07-03,Jalisco,Guadalajara,Erisipela,5,boletin_pdf,12.5,5.744562646538029,23.989125293076057,-1.3055824196677337,False,False,False,0,False
2023,27,2023-07-03,Jalisco,Guadalajara,Escarlatina,2,boletin_pdf,4.5,6.60807586719967,17.71615173439934,-0.3783249542289887,False,False,False,0,False
2023,27,2023-07-03,Jalisco,Guadalajara,Rubeola,0,boletin_pdf,0.0,0.0,0.0,0.0,False,False,False,0,False
2023,27,2023-07-03,Jalisco,Guadalajara,Sarampion,0,SEFE_pdf,0.0,0.0,0.0,0.0,False,False,False,0,False
2023,27,2023-07-03,Nuevo León,Monterrey,Erisipela,28,boletin_pdf,117.5,12.041594578792296,141.5831891575846,-7.432570446909727,False,False,False,0,False
2023,27,2023-07-03,Nuevo León,Monterrey,Escarlatina,0,boletin_pdf,12.0,8.16496580927726,28.32993161855452,-1.4696938456699067,False,False,False,0,False
2023,27,2023-07-03,Nuevo León,Monterrey,Rubeola,0,boletin_pdf,0.0,0.0,0.0,0.0,False,False,False,0,False
2023,27,2023-07-03,Nuevo León,Monterrey,Sarampion,0,SEFE_pdf,0.0,0.0,0.0,0.0,False,False,False,0,False
2023,28,2023-07-10,Ciudad de México,CDMX,Erisipela,3,boletin_pdf,8.5,5.972157622389639,20.444315244779276,-0.9209401941068136,False,False,False,0,False
2023,28,2023-07-10,Ciudad de México,CDMX,Escarlatina,3,boletin_pdf,11.5,7.724420150837646,26.94884030167529,-1.1004062226053628,False,False,False,0,False
2023,28,2023-07-10,Ciudad de México,CDMX,Rubeola,0,boletin_pdf,0.0,0.0,0.0,0.0,False,False,False,0,False
2023,28,2023-07-10,Ciudad de México,CDMX,Sarampion,0,boletin_pdf,0.0,0.0,0.0,0.0,False,False,False,0,False
2023,28,2023-07-10,Jalisco,Guadalajara,Erisipela,5,boletin_pdf,11.5,4.43471156521669,20.369423130433383,-1.4657097546055162,False,False,False,0,False
2023,28,2023-07-10,Jalisco,Guadalajara,Escarlatina,1,boletin_pdf,5.0,3.4641016151377544,11.928203230275509,-1.1547005383792517,False,False,False,0,False
2023,28,2023-07-10,Jalisco,Guadalajara,Rubeola,0,boletin_pdf,0.0,0.0,0.0,0.0,False,False,False,0,False
2023,28,2023-07-10,Jalisco,Guadalajara,Sarampion,0,boletin_pdf,0.0,0.0,0.0,0.0,False,False,False,0,False
2023,28,2023-07-10,Nuevo León,Monterrey,Erisipela,36,boletin_pdf,112.0,20.720360357226735,153.44072071445348,-3.667889876900386,False,False,False,0,False
2023,28,2023-07-10,Nuevo León,Monterrey,Escarlatina,0,boletin_pdf,9.5,7.724420150837645,24.94884030167529,-1.2298657782059939,False,False,False,0,False
2023,28,2023-07-10,Nuevo León,Monterrey,Rubeola,0,boletin_pdf,0.0,0.0,0.0,0.0,False,False,False,0,False
2023,28,2023-07-10,Nuevo León,Monterrey,Sarampion,0,boletin_pdf,0.0,0.0,0.0,0.0,False,False,False,0,False
2023,29,2023-07-17,Ciudad de México,CDMX,Erisipela,3,boletin_pdf,10.5,7.724420150837646,25.94884030167529,-0.9709466670047319,False,False,False,0,False
2023,29,2023-07-17,Ciudad de México,CDMX,Escarlatina,3,boletin_pdf,18.0,12.328828005937952,42.6576560118759,-1.2166606584807191,False,False,False,0,False
2023,29,2023-07-17,Ciudad de México,CDMX,Rubeola,0,boletin_pdf,0.0,0.0,0.0,0.0,False,False,False,0,False
2023,29,2023-07-17,Ciudad de México,CDMX,Sarampion,0,boletin_pdf,0.0,0.0,0.0,0.0,False,False,False,0,False
2023,29,2023-07-17,Jalisco,Guadalajara,Erisipela,2,boletin_pdf,5.0,2.0,9.0,-1.5,False,False,False,0,False
2023,29,2023-07-17,Jalisco,Guadalajara,Escarlatina,2,boletin_pdf,4.5,5.259911279353167,15.019822558706334,-0.4752931878933584,False,False,False,0,False
2023,29,2023-07-17,Jalisco,Guadalajara,Rubeola,0,boletin_pdf,0.0,0.0,0.0,0.0,False,False,False,0,False
2023,29,2023-07-17,Jalisco,Guadalajara,Sarampion,0,boletin_pdf,0.0,0.0,0.0,0.0,False,False,False,0,False
2023,29,2023-07-17,Nuevo León,Monterrey,Erisipela,34,boletin_pdf,114.0,9.380831519646858,132.76166303929372,-8.52802865422442,False,False,False,0,False
2023,29,2023-07-17,Nuevo León,Monterrey,Escarlatina,0,boletin_pdf,9.5,5.972157622389639,21.444315244779276,-1.5907148807299507,False,False,False,0,False
2023,29,2023-07-17,Nuevo León,Monterrey,Rubeola,0,boletin_pdf,0.0,0.0,0.0,0.0,False,False,False,0,False
2023,29,2023-07-17,Nuevo León,Monterrey,Sarampion,0,boletin_pdf,0.0,0.0,0.0,0.0,False,False,False,0,False
2023,30,2023-07-24,Ciudad de México,CDMX,Erisipela,5,boletin_pdf,6.0,6.324555320336759,18.64911064067352,-0.15811388300841897,False,False,False,0,False
2023,30,2023-07-24,Ciudad de México,CDMX,Escarlatina,1,boletin_pdf,9.0,7.393691004272944,23.78738200854589,-1.082003561600919,False,False,False,0,False
2023,30,2023-07-24,Ciudad de México,CDMX,Rubeola,0,boletin_pdf,0.0,0.0,0.0,0.0,False,False,False,0,False
2023,30,2023-07-24,Ciudad de México,CDMX,Sarampion,0,boletin_pdf,0.0,0.0,0.0,0.0,False,False,False,0,False
2023,30,2023-07-24,Jalisco,Guadalajara,Erisipela,7,boletin_pdf,8.5,4.123105625617661,16.746211251235323,-0.36380343755449945,False,False,False,0,False
2023,30,2023-07-24,Jalisco,Guadalajara,Escarlatina,1,boletin_pdf,9.0,2.0,13.0,-4.0,False,False,False,0,False
2023,30,2023-07-24,Jalisco,Guadalajara,Rubeola,0,boletin_pdf,0.0,0.0,0.0,0.0,False,False,False,0,False
2023,30,2023-07-24,Jalisco,Guadalajara,Sarampion,0,boletin_pdf,0.0,0.0,0.0,0.0,False,False,False,0,False
2023,30,2023-07-24,Nuevo León,Monterrey,Erisipela,34,boletin_pdf,121.0,12.055427546683415,145.11085509336684,-7.216666490101771,False,False,False,0,False
2023,30,2023-07-24,Nuevo León,Monterrey,Escarlatina,0,boletin_pdf,4.5,1.914854215512676,8.329708431025352,-2.350048355401921,False,False,False,0,False
2023,30,2023-07-24,Nuevo León,Monterrey,Rubeola,0,boletin_pdf,0.0,0.0,0.0,0.0,False,False,False,0,False
2023,30,2023-07-24,Nuevo León,Monterrey,Sarampion,0,boletin_pdf,0.0,0.0,0.0,0.0,False,False,False,0,False
2023,31,2023-07-31,Ciudad de México,CDMX,Erisipela,1,boletin_pdf,9.0,6.2182527020592095,21.43650540411842,-1.2865350418053538,False,False,False,0,False
2023,31,2023-07-31,Ciudad de México,CDMX,Escarlatina,1,boletin_pdf,10.5,7.724420150837646,25.94884030167529,-1.2298657782059936,False,False,False,0,False
2023,31,2023-07-31,Ciudad de México,CDMX,Rubeola,0,boletin_pdf,0.0,0.0,0.0,0.0,False,False,False,0,False
2023,31,2023-07-31,Ciudad de México,CDMX,Sarampion,0,SEFE_pdf,0.0,0.0,0.0,0.0,False,False,False,0,False
2023,31,2023-07-31,Jalisco,Guadalajara,Erisipela,2,boletin_pdf,9.5,6.191391873668904,21.882783747337808,-1.2113592796308723,False,False,False,0,False
2023,31,2023-07-31,Jalisco,Guadalajara,Escarlatina,1,boletin_pdf,5.5,4.43471156521669,14.36942313043338,-1.014722137803819,False,False,False,0,False
2023,31,2023-07-31,Jalisco,Guadalajara,Rubeola,0,boletin_pdf,0.0,0.0,0.0,0.0,False,False,False,0,False
2023,31,2023-07-31,Jalisco,Guadalajara,Sarampion,0,SEFE_pdf,0.0,0.0,0.0,0.0,False,False,False,0,False
2023,31,2023-07-31,Nuevo León,Monterrey,Erisipela,34,boletin_pdf,107.5,16.11417595369576,139.72835190739153,-4.561201280859968,False,False,False,0,False
2023,31,2023-07-31,Nuevo León,Monterrey,Escarlatina,1,boletin_pdf,3.5,2.5166114784235836,8.533222956847167,-0.9933992677987827,False,False,False,0,False
2023,31,2023-07-31,Nuevo León,Monterrey,Rubeola,0,boletin_pdf,0.0,0.0,0.0,0.0,False,False,False,0,False
2023,31,2023-07-31,Nuevo León,Monterrey,Sarampion,0,SEFE_pdf,0.0,0.0,0.0,0.0,False,False,False,0,False
2023,32,2023-08-07,Ciudad de México,CDMX,Erisipela,3,boletin_pdf,8.0,7.483314773547883,22.966629547095764,-0.6681531047810609,False,False,False,0,False
2023,32,2023-08-07,Ciudad de México,CDMX,Escarlatina,1,boletin_pdf,14.5,11.704699910719626,37.90939982143925,-1.1533828379176272,False,False,False,0,False
2023,32,2023-08-07,Ciudad de México,CDMX,Rubeola,0,boletin_pdf,0.0,0.0,0.0,0.0,False,False,False,0,False
2023,32,2023-08-07,Ciudad de México,CDMX,Sarampion,0,boletin_pdf,0.0,0.0,0.0,0.0,False,False,False,0,False
2023,32,2023-08-07,Jalisco,Guadalajara,Erisipela,6,boletin_pdf,11.0,5.033222956847167,21.066445913694334,-0.9933992677987827,False,False,False,0,False
2023,32,2023-08-07,Jalisco,Guadalajara,Escarlatina,3,boletin_pdf,7.0,3.4641016151377544,13.928203230275509,-1.1547005383792517,False,False,False,0,False
2023,32,2023-08-07,Jalisco,Guadalajara,Rubeola,0,boletin_pdf,0.0,0.0,0.0,0.0,False,False,False,0,False
2023,32,2023-08-07,Jalisco,Guadalajara,Sarampion,0,boletin_pdf,0.0,0.0,0.0,0.0,False,False,False,0,False
2023,32,2023-08-07,Nuevo León,Monterrey,Erisipela,36,boletin_pdf,116.0,16.32993161855452,148.65986323710905,-4.898979485566356,False,False,False,0,False
2023,32,2023-08-07,Nuevo León,Monterrey,Escarlatina,1,boletin_pdf,6.0,1.632993161855452,9.265986323710905,-3.0618621784789726,False,False,False,0,False
2023,32,2023-08-07,Nuevo León,Monterrey,Rubeola,0,boletin_pdf,0.0,0.0,0.0,0.0,False,False,False,0,False
2023,32,2023-08-07,Nuevo León,Monterrey,Sarampion,0,boletin_pdf,0.0,0.0,0.0,0.0,False,False,False,0,False
2023,33,2023-08-14,Ciudad de México,CDMX,Erisipela,1,boletin_pdf,10.0,6.928203230275509,23.856406460551018,-1.299038105676658,False,False,False,0,False
2023,33,2023-08-14,Ciudad de México,CDMX,Escarlatina,3,boletin_pdf,11.0,10.0,31.0,-0.8,False,False,False,0,False
2023,33,2023-08-14,Ciudad de México,CDMX,Rubeola,0,boletin_pdf,0.0,0.0,0.0,0.0,False,False,False,0,False
2023,33,2023-08-14,Ciudad de México,CDMX,Sarampion,0,boletin_pdf,0.0,0.0,0.0,0.0,False,False,False,0,False
2023,33,2023-08-14,Jalisco,Guadalajara,Erisipela,1,boletin_pdf,7.5,1.9148542155126762,11.329708431025352,-3.3945142911361077,False,False,False,0,False
2023,33,2023-08-14,Jalisco,Guadalajara,Escarlatina,1,boletin_pdf,4.0,3.265986323710904,10.531972647421808,-0.9185586535436918,False,False,False,0,False
2023,33,2023-08-14,Jalisco,Guadalajara,Rubeola,0,boletin_pdf,0.0,0.0,0.0,0.0,False,False,False,0,False
2023,33,2023-08-14,Jalisco,Guadalajara,Sarampion,0,boletin_pdf,0.0,0.0,0.0,0.0,False,False,False,0,False
2023,33,2023-08-14,Nuevo León,Monterrey,Erisipela,29,boletin_pdf,112.0,27.80887148615228,167.61774297230457,-2.984659051746516,False,False,False,0,False
2023,33,2023-08-14,Nuevo León,Monterrey,Escarlatina,4,boletin_pdf,0.5,1.0,2.5,3.5,True,True,True,3,True
2023,33,2023-08-14,Nuevo León,Monterrey,Rubeola,0,boletin_pdf,0.0,0.0,0.0,0.0,False,False,False,0,False
2023,33,2023-08-14,Nuevo León,Monterrey,Sarampion,0,boletin_pdf,0.0,0.0,0.0,0.0,False,False,False,0,False
2023,34,2023-08-21,Ciudad de México,CDMX,Erisipela,4,boletin_pdf,7.0,6.2182527020592095,19.43650540411842,-0.4824506406770077,False,False,False,0,False
2023,34,2023-08-21,Ciudad de México,CDMX,Escarlatina,3,boletin_pdf,9.0,6.6332495807108,22.2664991614216,-0.9045340337332909,False,False,False,0,False
2023,34,2023-08-21,Ciudad de México,CDMX,Rubeola,0,boletin_pdf,0.0,0.0,0.0,0.0,False,False,False,0,False
2023,34,2023-08-21,Ciudad de México,CDMX,Sarampion,0,boletin_pdf,0.0,0.0,0.0,0.0,False,False,False,0,False
2023,34,2023-08-21,Jalisco,Guadalajara,Erisipela,11,boletin_pdf,5.5,5.0,15.5,1.1,False,False,False,0,False
2023,34,2023-08-21,Jalisco,Guadalajara,Escarlatina,1,boletin_pdf,5.0,4.760952285695232,14.521904571390465,-0.8401680504168061,False,False,False,0,False
2023,34,2023-08-21,Jalisco,Guadalajara,Rubeola,0,boletin_pdf,0.0,0.0,0.0,0.0,False,False,False,0,False
2023,34,2023-08-21,Jalisco,Guadalajara,Sarampion,0,boletin_pdf,0.0,0.0,0.0,0.0,False,False,False,0,False
2023,34,2023-08-21,Nuevo León,Monterrey,Erisipela,27,boletin_pdf,117.0,19.493588689617926,155.98717737923585,-4.616902584383194,False,False,False,0,False
2023,34,2023-08-21,Nuevo León,Monterrey,Escarlatina,0,boletin_pdf,6.0,2.8284271247461903,11.65685424949238,-2.1213203435596424,False,False,False,0,False
2023,34,2023-08-21,Nuevo León,Monterrey,Rubeola,0,boletin_pdf,0.0,0.0,0.0,0.0,False,False,False,0,False
2023,34,2023-08-21,Nuevo León,Monterrey,Sarampion,0,boletin_pdf,0.0,0.0,0.0,0.0,False,False,False,0,False
2023,35,2023-08-28,Ciudad de México,CDMX,Erisipela,4,boletin_pdf,9.5,7.54983443527075,24.5996688705415,-0.7284927963857741,False,False,False,0,False
2023,35,2023-08-28,Ciudad de México,CDMX,Escarlatina,1,boletin_pdf,9.0,9.591663046625438,28.183326093250876,-0.8340576562282991,False,False,False,0,False
2023,35,2023-08-28,Ciudad de México,CDMX,Rubeola,0,boletin_pdf,0.0,0.0,0.0,0.0,False,False,False,0,False
2023,35,2023-08-28,Ciudad de México,CDMX,Sarampion,0,boletin_pdf,0.0,0.0,0.0,0.0,False,False,False,0,False
2023,35,2023-08-28,Jalisco,Guadalajara,Erisipela,6,boletin_pdf,9.5,4.725815626252608,18.951631252505216,-0.7406128966515283,False,False,False,0,False
2023,35,2023-08-28,Jalisco,Guadalajara,Escarlatina,4,boletin_pdf,6.0,2.309401076758503,10.618802153517006,-0.8660254037844387,False,False,False,0,False
2023,35,2023-08-28,Jalisco,Guadalajara,Rubeola,0,boletin_pdf,0.0,0.0,0.0,0.0,False,False,False,0,False
2023,35,2023-08-28,Jalisco,Guadalajara,Sarampion,0,boletin_pdf,0.0,0.0,0.0,0.0,False,False,False,0,False
2023,35,2023-08-28,Nuevo León,Monterrey,Erisipela,29,boletin_pdf,114.0,19.6638416050035,153.327683210007,-4.322654835582666,False,False,False,0,False
2023,35,2023-08-28,Nuevo León,Monterrey,Escarlatina,9,boletin_pdf,6.5,5.0,16.5,0.5,False,False,False,0,False
2023,35,2023-08-28,Nuevo León,Monterrey,Rubeola,0,boletin_pdf,0.0,0.0,0.0,0.0,False,False,False,0,False
2023,35,2023-08-28,Nuevo León,Monterrey,Sarampion,0,boletin_pdf,0.0,0.0,0.0,0.0,False,False,False,0,False
2023,36,2023-09-04,Ciudad de México,CDMX,Erisipela,5,boletin_pdf,10.0,7.118052168020874,24.23610433604175,-0.7024393586862705,False,False,False,0,False
2023,36,2023-09-04,Ciudad de México,CDMX,Escarlatina,2,boletin_pdf,7.0,6.831300510639732,20.662601021279464,-0.7319250547113999,False,False,False,0,False
2023,36,2023-09-04,Ciudad de México,CDMX,Rubeola,0,boletin_pdf,0.0,0.0,0.0,0.0,False,False,False,0,False
2023,36,2023-09-04,Ciudad de México,CDMX,Sarampion,0,SEFE_pdf,0.0,0.0,0.0,0.0,False,False,False,0,False
2023,36,2023-09-04,Jalisco,Guadalajara,Erisipela,5,boletin_pdf,7.5,7.187952884282608,21.875905768565218,-0.3478041718201262,False,False,False,0,False
2023,36,2023-09-04,Jalisco,Guadalajara,Escarlatina,0,boletin_pdf,6.0,5.163977794943222,16.327955589886443,-1.161895003862225,False,False,False,0,False
2023,36,2023-09-04,Jalisco,Guadalajara,Rubeola,0,boletin_pdf,0.0,0.0,0.0,0.0,False,False,False,0,False
2023,36,2023-09-04,Jalisco,Guadalajara,Sarampion,0,SEFE_pdf,0.0,0.0,0.0,0.0,False,False,False,0,False
2023,36,2023-09-04,Nuevo León,Monterrey,Erisipela,31,boletin_pdf,107.0,20.165977949672232,147.33195589934445,-3.768723747971532,False,False,False,0,False
2023,36,2023-09-04,Nuevo León,Monterrey,Escarlatina,3,boletin_pdf,6.5,5.259911279353167,17.019822558706334,-0.6654104630507017,False,False,False,0,False
2023,36,2023-09-04,Nuevo León,Monterrey,Rubeola,0,boletin_pdf,0.0,0.0,0.0,0.0,False,False,False,0,False
2023,36,2023-09-04,Nuevo León,Monterrey,Sarampion,0,SEFE_pdf,0.0,0.0,0.0,0.0,False,False,False,0,False
2023,37,2023-09-11,Ciudad de México,CDMX,Erisipela,6,boletin_pdf,12.5,8.386497083606082,29.272994167212165,-0.7750554176792352,False,False,False,0,False
2023,37,2023-09-11,Ciudad de México,CDMX,Escarlatina,1,boletin_pdf,10.5,8.225975119502044,26.951950239004088,-1.1548782803241786,False,False,False,0,False
2023,37,2023-09-11,Ciudad de México,CDMX,Rubeola,0,boletin_pdf,0.0,0.0,0.0,0.0,False,False,False,0,False
2023,37,2023-09-11,Ciudad de México,CDMX,Sarampion,0,boletin_pdf,0.0,0.0,0.0,0.0,False,False,False,0,False
2023,37,2023-09-11,Jalisco,Guadalajara,Erisipela,7,boletin_pdf,9.5,5.0,19.5,-0.5,False,False,False,0,False
2023,37,2023-09-11,Jalisco,Guadalajara,Escarlatina,4,boletin_pdf,8.5,6.403124237432849,21.306248474865697,-0.7027819284987272,False,False,False,0,False
2023,37,2023-09-11,Jalisco,Guadalajara,Rubeola,0,boletin_pdf,0.0,0.0,0.0,0.0,False,False,False,0,False
2023,37,2023-09-11,Jalisco,Guadalajara,Sarampion,0,boletin_pdf,0.0,0.0,0.0,0.0,False,False,False,0,False
2023,37,2023-09-11,Nuevo León,Monterrey,Erisipela,26,boletin_pdf,100.0,17.73884626086676,135.47769252173353,-4.1716354554157,False,False,False,0,False
2023,37,2023-09-11,Nuevo León,Monterrey,Escarlatina,0,boletin_pdf,4.5,1.0,6.5,-4.5,False,False,False,0,False
2023,37,2023-09-11,Nuevo León,Monterrey,Rubeola,0,boletin_pdf,0.0,0.0,0.0,0.0,False,False,False,0,False
2023,37,2023-09-11,Nuevo León,Monterrey,Sarampion,0,boletin_pdf,0.0,0.0,0.0,0.0,False,False,False,0,False
2023,38,2023-09-18,Ciudad de México,CDMX,Erisipela,5,boletin_pdf,10.0,10.583005244258363,31.166010488516726,-0.472455591261534,False,False,False,0,False
2023,38,2023-09-18,Ciudad de México,CDMX,Escarlatina,4,boletin_pdf,6.5,5.972157622389639,18.444315244779276,-0.4186091791394607,False,False,False,0,False
2023,38,2023-09-18,Ciudad de México,CDMX,Rubeola,0,boletin_pdf,0.0,0.0,0.0,0.0,False,False,False,0,False
2023,38,2023-09-18,Ciudad de México,CDMX,Sarampion,0,boletin_pdf,0.0,0.0,0.0,0.0,False,False,False,0,False
2023,38,2023-09-18,Jalisco,Guadalajara,Erisipela,2,boletin_pdf,7.5,2.516611478423583,12.533222956847165,-2.185478389157322,False,False,False,0,False
2023,38,2023-09-18,Jalisco,Guadalajara,Escarlatina,2,boletin_pdf,10.0,5.656854249492381,21.31370849898476,-1.414213562373095,False,False,False,0,False
2023,38,2023-09-18,Jalisco,Guadalajara,Rubeola,0,boletin_pdf,0.0,0.0,0.0,0.0,False,False,False,0,False
2023,38,2023-09-18,Jalisco,Guadalajara,Sarampion,0,boletin_pdf,0.0,0.0,0.0,0.0,False,False,False,0,False
2023,38,2023-09-18,Nuevo León,Monterrey,Erisipela,32,boletin_pdf,98.0,4.320493798938572,106.64098759787714,-15.276031646247104,False,False,False,0,False
2023,38,2023-09-18,Nuevo León,Monterrey,Escarlatina,0,boletin_pdf,9.0,6.0,21.0,-1.5,False,False,False,0,False
2023,38,2023-09-18,Nuevo León,Monterrey,Rubeola,0,boletin_pdf,0.0,0.0,0.0,0.0,False,False,False,0,False
2023,38,2023-09-18,Nuevo León,Monterrey,Sarampion,0,boletin_pdf,0.0,0.0,0.0,0.0,False,False,False,0,False
2023,39,2023-09-25,Ciudad de México,CDMX,Erisipela,1,boletin_pdf,12.0,10.708252269472673,33.41650453894535,-1.0272451305017392,False,False,False,0,False
2023,39,2023-09-25,Ciudad de México,CDMX,Escarlatina,2,boletin_pdf,9.5,8.06225774829855,25.6245154965971,-0.9302605094190635,False,False,False,0,False
2023,39,2023-09-25,Ciudad de México,CDMX,Rubeola,0,boletin_pdf,0.0,0.0,0.0,0.0,False,False,False,0,False
2023,39,2023-09-25,Ciudad de México,CDMX,Sarampion,0,boletin_pdf,0.0,0.0,0.0,0.0,False,False,False,0,False
2023,39,2023-09-25,Jalisco,Guadalajara,Erisipela,2,boletin_pdf,9.0,8.406346808612328,25.812693617224657,-0.8327041650040513,False,False,False,0,False
2023,39,2023-09-25,Jalisco,Guadalajara,Escarlatina,3,boletin_pdf,5.0,3.8297084310253524,12.659416862050705,-0.5222329678670935,False,False,False,0,False
2023,39,2023-09-25,Jalisco,Guadalajara,Rubeola,0,boletin_pdf,0.0,0.0,0.0,0.0,False,False,False,0,False
2023,39,2023-09-25,Jalisco,Guadalajara,Sarampion,0,boletin_pdf,0.0,0.0,0.0,0.0,False,False,False,0,False
2023,39,2023-09-25,Nuevo León,Monterrey,Erisipela,27,boletin_pdf,123.5,10.630145812734648,144.7602916254693,-9.077956379901716,False,False,False,0,False
2023,39,2023-09-25,Nuevo León,Monterrey,Escarlatina,2,boletin_pdf,10.5,9.146948489341495,28.79389697868299,-0.9292716592757296,False,False,False,0,False
2023,39,2023-09-25,Nuevo León,Monterrey,Rubeola,0,boletin_pdf,0.0,0.0,0.0,0.0,False,False,False,0,False
2023,39,2023-09-25,Nuevo León,Monterrey,Sarampion,0,boletin_pdf,0.0,0.0,0.0,0.0,False,False,False,0,False
2023,40,2023-10-02,Ciudad de México,CDMX,Erisipela,5,boletin_pdf,10.0,7.118052168020874,24.23610433604175,-0.7024393586862705,False,False,False,0,False
2023,40,2023-10-02,Ciudad de México,CDMX,Escarlatina,2,boletin_pdf,14.0,14.787382008545888,43.57476401709178,-0.8115026712006891,False,False,False,0,False
2023,40,2023-10-02,Ciudad de México,CDMX,Rubeola,0,boletin_pdf,0.0,0.0,0.0,0.0,False,False,False,0,False
2023,40,2023-10-02,Ciudad de México,CDMX,Sarampion,0,SEFE_pdf,0.0,0.0,0.0,0.0,False,False,False,0,False
2023,40,2023-10-02,Jalisco,Guadalajara,Erisipela,3,boletin_pdf,9.5,1.9148542155126762,13.329708431025352,-3.3945142911361077,False,False,False,0,False
2023,40,2023-10-02,Jalisco,Guadalajara,Escarlatina,2,boletin_pdf,9.0,3.4641016151377544,15.928203230275509,-2.0207259421636903,False,False,False,0,False
2023,40,2023-10-02,Jalisco,Guadalajara,Rubeola,0,boletin_pdf,0.0,0.0,0.0,0.0,False,False,False,0,False
2023,40,2023-10-02,Jalisco,Guadalajara,Sarampion,0,SEFE_pdf,0.0,0.0,0.0,0.0,False,False,False,0,False
2023,40,2023-10-02,Nuevo León,Monterrey,Erisipela,29,boletin_pdf,85.5,5.972157622389639,97.44431524477928,-9.460567448551812,False,False,False,0,False
2023,40,2023-10-02,Nuevo León,Monterrey,Escarlatina,0,boletin_pdf,11.5,7.54983443527075,26.5996688705415,-1.5232122106248003,False,False,False,0,False
2023,40,2023-10-02,Nuevo León,Monterrey,Rubeola,0,boletin_pdf,0.0,0.0,0.0,0.0,False,False,False,0,False
2023,40,2023-10-02,Nuevo León,Monterrey,Sarampion,0,SEFE_pdf,0.0,0.0,0.0,0.0,False,False,False,0,False
2023,41,2023-10-09,Ciudad de México,CDMX,Erisipela,4,boletin_pdf,12.5,10.376254944182254,33.25250988836451,-0.8191780219091254,False,False,False,0,False
2023,41,2023-10-09,Ciudad de México,CDMX,Escarlatina,0,boletin_pdf,15.0,12.489995996796797,39.97999199359359,-1.2009611535381535,False,False,False,0,False
2023,41,2023-10-09,Ciudad de México,CDMX,Rubeola,0,boletin_pdf,0.0,0.0,0.0,0.0,False,False,False,0,False
2023,41,2023-10-09,Ciudad de México,CDMX,Sarampion,0,boletin_pdf,0.0,0.0,0.0,0.0,False,False,False,0,False
2023,41,2023-10-09,Jalisco,Guadalajara,Erisipela,4,boletin_pdf,7.0,2.5819888974716108,12.163977794943222,-1.1618950038622253,False,False,False,0,False
2023,41,2023-10-09,Jalisco,Guadalajara,Escarlatina,6,boletin_pdf,7.0,5.291502622129181,17.583005244258363,-0.1889822365046136,False,False,False,0,False
2023,41,2023-10-09,Jalisco,Guadalajara,Rubeola,0,boletin_pdf,0.0,0.0,0.0,0.0,False,False,False,0,False
2023,41,2023-10-09,Jalisco,Guadalajara,Sarampion,0,boletin_pdf,0.0,0.0,0.0,0.0,False,False,False,0,False
2023,41,2023-10-09,Nuevo León,Monterrey,Erisipela,24,boletin_pdf,104.5,9.848857801796102,124.1977156035922,-8.173536629325636,False,False,False,0,False
2023,41,2023-10-09,Nuevo León,Monterrey,Escarlatina,1,boletin_pdf,7.5,4.123105625617661,15.746211251235321,-1.5764815627361644,False,False,False,0,False
2023,41,2023-10-09,Nuevo León,Monterrey,Rubeola,0,boletin_pdf,0.0,0.0,0.0,0.0,False,False,False,0,False
2023,41,2023-10-09,Nuevo León,Monterrey,Sarampion,0,boletin_pdf,0.0,0.0,0.0,0.0,False,False,False,0,False
2023,42,2023-10-16,Ciudad de México,CDMX,Erisipela,3,boletin_pdf,16.0,13.9522996909709,43.9045993819418,-0.9317460410066183,False,False,False,0,False
2023,42,2023-10-16,Ciudad de México,CDMX,Escarlatina,4,boletin_pdf,12.5,10.115993936995679,32.73198787399136,-0.8402535680566443,False,False,False,0,False
2023,42,2023-10-16,Ciudad de México,CDMX,Rubeola,0,boletin_pdf,0.0,0.0,0.0,0.0,False,False,False,0,False
2023,42,2023-10-16,Ciudad de México,CDMX,Sarampion,0,boletin_pdf,0.0,0.0,0.0,0.0,False,False,False,0,False
2023,42,2023-10-16,Jalisco,Guadalajara,Erisipela,5,boletin_pdf,7.5,5.972157622389639,19.444315244779276,-0.4186091791394607,False,False,False,0,False
2023,42,2023-10-16,Jalisco,Guadalajara,Escarlatina,2,boletin_pdf,6.0,2.8284271247461903,11.65685424949238,-1.414213562373095,False,False,False,0,False
2023,42,2023-10-16,Jalisco,Guadalajara,Rubeola,0,boletin_pdf,0.0,0.0,0.0,0.0,False,False,False,0,False
2023,42,2023-10-16,Jalisco,Guadalajara,Sarampion,0,boletin_pdf,0.0,0.0,0.0,0.0,False,False,False,0,False
2023,42,2023-10-16,Nuevo León,Monterrey,Erisipela,21,boletin_pdf,112.5,5.507570547286103,123.5151410945722,-16.613495771758625,False,False,False,0,False
2023,42,2023-10-16,Nuevo León,Monterrey,Escarlatina,2,boletin_pdf,9.0,5.773502691896258,20.547005383792516,-1.212435565298214,False,False,False,0,False
2023,42,2023-10-16,Nuevo León,Monterrey,Rubeola,0,boletin_pdf,0.0,0.0,0.0,0.0,False,False,False,0,False
2023,42,2023-10-16,Nuevo León,Monterrey,Sarampion,0,boletin_pdf,0.0,0.0,0.0,0.0,False,False,False,0,False
2023,43,2023-10-23,Ciudad de México,CDMX,Erisipela,1,boletin_pdf,16.0,12.649110640673518,41.29822128134704,-1.1858541225631423,False,False,False,0,False
2023,43,2023-10-23,Ciudad de México,CDMX,Escarlatina,4,boletin_pdf,15.5,10.503967504392486,36.50793500878497,-1.094824407557525,False,False,False,0,False
2023,43,2023-10-23,Ciudad de México,CDMX,Rubeola,0,boletin_pdf,0.0,0.0,0.0,0.0,False,False,False,0,False
2023,43,2023-10-23,Ciudad de México,CDMX,Sarampion,0,boletin_pdf,0.0,0.0,0.0,0.0,False,False,False,0,False
2023,43,2023-10-23,Jalisco,Guadalajara,Erisipela,3,boletin_pdf,12.5,4.123105625617661,20.746211251235323,-2.3040884378451634,False,False,False,0,False
2023,43,2023-10-23,Jalisco,Guadalajara,Escarlatina,3,boletin_pdf,5.0,2.581988897471611,10.163977794943222,-0.7745966692414834,False,False,False,0,False
2023,43,2023-10-23,Jalisco,Guadalajara,Rubeola,0,boletin_pdf,0.0,0.0,0.0,0.0,False,False,False,0,False
2023,43,2023-10-23,Jalisco,Guadalajara,Sarampion,0,boletin_pdf,0.0,0.0,0.0,0.0,False,False,False,0,False
2023,43,2023-10-23,Nuevo León,Monterrey,Erisipela,19,boletin_pdf,104.0,23.03620339089466,150.0724067817893,-3.689844136104359,False,False,False,0,False
2023,43,2023-10-23,Nuevo León,Monterrey,Escarlatina,2,boletin_pdf,5.0,3.4641016151377544,11.928203230275509,-0.8660254037844387,False,False,False,0,False
2023,43,2023-10-23,Nuevo León,Monterrey,Rubeola,0,boletin_pdf,0.0,0.0,0.0,0.0,False,False,False,0,False
2023,43,2023-10-23,Nuevo León,Monterrey,Sarampion,0,boletin_pdf,0.0,0.0,0.0,0.0,False,False,False,0,False
2023,44,2023-10-30,Ciudad de México,CDMX,Erisipela,3,boletin_pdf,15.0,10.519822558706334,36.03964511741267,-1.1407036509440602,False,False,False,0,False
2023,44,2023-10-30,Ciudad de México,CDMX,Escarlatina,2,boletin_pdf,19.5,13.69914839202301,46.898296784046025,-1.2774516706593395,False,False,False,0,False
2023,44,2023-10-30,Ciudad de México,CDMX,Rubeola,0,boletin_pdf,0.0,0.0,0.0,0.0,False,False,False,0,False
2023,44,2023-10-30,Ciudad de México,CDMX,Sarampion,0,SEFE_pdf,0.0,0.0,0.0,0.0,False,False,False,0,False
2023,44,2023-10-30,Jalisco,Guadalajara,Erisipela,2,boletin_pdf,11.0,5.291502622129181,21.583005244258363,-1.7008401285415224,False,False,False,0,False
2023,44,2023-10-30,Jalisco,Guadalajara,Escarlatina,3,boletin_pdf,5.0,2.0,9.0,-1.0,False,False,False,0,False
2023,44,2023-10-30,Jalisco,Guadalajara,Rubeola,0,boletin_pdf,0.0,0.0,0.0,0.0,False,False,False,0,False
2023,44,2023-10-30,Jalisco,Guadalajara,Sarampion,0,SEFE_pdf,0.0,0.0,0.0,0.0,False,False,False,0,False
2023,44,2023-10-30,Nuevo León,Monterrey,Erisipela,24,boletin_pdf,101.0,14.832396974191322,130.66479394838265,-5.191338940966966,False,False,False,0,False
2023,44,2023-10-30,Nuevo León,Monterrey,Escarlatina,1,boletin_pdf,5.5,2.9999999999999996,11.5,-1.5000000000000002,False,False,False,0,False
2023,44,2023-10-30,Nuevo León,Monterrey,Rubeola,0,boletin_pdf,0.0,0.0,0.0,0.0,False,False,False,0,False
2023,44,2023-10-30,Nuevo León,Monterrey,Sarampion,0,SEFE_pdf,0.0,0.0,0.0,0.0,False,False,False,0,False
2023,45,2023-11-06,Ciudad de México,CDMX,Erisipela,4,boletin_pdf,8.5,5.744562646538028,19.989125293076057,-0.7833494518006404,False,False,False,0,False
2023,45,2023-11-06,Ciudad de México,CDMX,Escarlatina,2,boletin_pdf,15.0,10.893423092245461,36.786846184490926,-1.1933806196561039,False,False,False,0,False
2023,45,2023-11-06,Ciudad de México,CDMX,Rubeola,0,boletin_pdf,0.0,0.0,0.0,0.0,False,False,False,0,False
2023,45,2023-11-06,Ciudad de México,CDMX,Sarampion,0,boletin_pdf,0.0,0.0,0.0,0.0,False,False,False,0,False
2023,45,2023-11-06,Jalisco,Guadalajara,Erisipela,3,boletin_pdf,7.0,2.581988897471611,12.163977794943222,-1.5491933384829668,False,False,False,0,False
2023,45,2023-11-06,Jalisco,Guadalajara,Escarlatina,3,boletin_pdf,7.0,2.581988897471611,12.163977794943222,-1.5491933384829668,False,False,False,0,False
2023,45,2023-11-06,Jalisco,Guadalajara,Rubeola,0,boletin_pdf,0.0,0.0,0.0,0.0,False,False,False,0,False
2023,45,2023-11-06,Jalisco,Guadalajara,Sarampion,0,boletin_pdf,0.0,0.0,0.0,0.0,False,False,False,0,False
2023,45,2023-11-06,Nuevo León,Monterrey,Erisipela,19,boletin_pdf,72.0,11.31370849898476,94.62741699796952,-4.684582425360878,False,False,False,0,False
2023,45,2023-11-06,Nuevo León,Monterrey,Escarlatina,2,boletin_pdf,8.0,4.320493798938574,16.64098759787715,-1.3887301496588271,False,False,False,0,False
2023,45,2023-11-06,Nuevo León,Monterrey,Rubeola,0,boletin_pdf,0.0,0.0,0.0,0.0,False,False,False,0,False
2023,45,2023-11-06,Nuevo León,Monterrey,Sarampion,0,boletin_pdf,0.0,0.0,0.0,0.0,False,False,False,0,False
2023,46,2023-11-13,Ciudad de México,CDMX,Erisipela,5,boletin_pdf,12.0,9.092121131323903,30.184242262647807,-0.7698973538621048,False,False,False,0,False
2023,46,2023-11-13,Ciudad de México,CDMX,Escarlatina,5,boletin_pdf,19.5,16.36052158907737,52.22104317815474,-0.886279812110667,False,False,False,0,False
2023,46,2023-11-13,Ciudad de México,CDMX,Rubeola,0,boletin_pdf,0.0,0.0,0.0,0.0,False,False,False,0,False
2023,46,2023-11-13,Ciudad de México,CDMX,Sarampion,0,boletin_pdf,0.0,0.0,0.0,0.0,False,False,False,0,False
2023,46,2023-11-13,Jalisco,Guadalajara,Erisipela,4,boletin_pdf,11.5,4.123105625617661,19.746211251235323,-1.8190171877724972,False,False,False,0,False
2023,46,2023-11-13,Jalisco,Guadalajara,Escarlatina,1,boletin_pdf,8.0,2.8284271247461903,13.65685424949238,-2.4748737341529163,False,False,False,0,False
2023,46,2023-11-13,Jalisco,Guadalajara,Rubeola,0,boletin_pdf,0.0,0.0,0.0,0.0,False,False,False,0,False
2023,46,2023-11-13,Jalisco,Guadalajara,Sarampion,0,boletin_pdf,0.0,0.0,0.0,0.0,False,False,False,0,False
2023,46,2023-11-13,Nuevo León,Monterrey,Erisipela,18,boletin_pdf,92.5,10.246950765959598,112.99390153191919,-7.270455543466572,False,False,False,0,False
2023,46,2023-11-13,Nuevo León,Monterrey,Escarlatina,0,boletin_pdf,8.5,4.123105625617661,16.746211251235323,-2.0615528128088303,False,False,False,0,False
2023,46,2023-11-13,Nuevo León,Monterrey,Rubeola,0,boletin_pdf,0.0,0.0,0.0,0.0,False,False,False,0,False
2023,46,2023-11-13,Nuevo León,Monterrey,Sarampion,0,boletin_pdf,0.0,0.0,0.0,0.0,False,False,False,0,False
2023,47,2023-11-20,Ciudad de México,CDMX,Erisipela,11,boletin_pdf,3.5,4.123105625617661,11.746211251235321,1.8190171877724972,False,False,True,1,False
2023,47,2023-11-20,Ciudad de México,CDMX,Escarlatina,3,boletin_pdf,9.0,6.6332495807108,22.2664991614216,-0.9045340337332909,False,False,False,0,False
2023,47,2023-11-20,Ciudad de México,CDMX,Rubeola,0,boletin_pdf,0.0,0.0,0.0,0.0,False,False,False,0,False
2023,47,2023-11-20,Ciudad de México,CDMX,Sarampion,0,boletin_pdf,0.0,0.0,0.0,0.0,False,False,False,0,False
2023,47,2023-11-20,Jalisco,Guadalajara,Erisipela,1,boletin_pdf,10.5,4.43471156521669,19.369423130433383,-2.142191179808062,False,False,False,0,False
2023,47,2023-11-20,Jalisco,Guadalajara,Escarlatina,0,boletin_pdf,4.0,3.265986323710904,10.531972647421808,-1.224744871391589,False,False,False,0,False
2023,47,2023-11-20,Jalisco,Guadalajara,Rubeola,0,boletin_pdf,0.0,0.0,0.0,0.0,False,False,False,0,False
2023,47,2023-11-20,Jalisco,Guadalajara,Sarampion,0,boletin_pdf,0.0,0.0,0.0,0.0,False,False,False,0,False
2023,47,2023-11-20,Nuevo León,Monterrey,Erisipela,19,boletin_pdf,70.0,21.602468994692867,113.20493798938574,-2.360841254420006,False,False,False,0,False
2023,47,2023-11-20,Nuevo León,Monterrey,Escarlatina,1,boletin_pdf,5.5,4.43471156521669,14.36942313043338,-1.014722137803819,False,False,False,0,False
2023,47,2023-11-20,Nuevo León,Monterrey,Rubeola,0,boletin_pdf,0.0,0.0,0.0,0.0,False,False,False,0,False
2023,47,2023-11-20,Nuevo León,Monterrey,Sarampion,0,boletin_pdf,0.0,0.0,0.0,0.0,False,False,False,0,False
2023,48,2023-11-27,Ciudad de México,CDMX,Erisipela,4,boletin_pdf,15.0,11.135528725660043,37.27105745132009,-0.987829161147262,False,False,False,0,False
2023,48,2023-11-27,Ciudad de México,CDMX,Escarlatina,1,boletin_pdf,14.5,12.793227374930325,40.08645474986065,-1.0552458425349862,False,False,False,0,False
2023,48,2023-11-27,Ciudad de México,CDMX,Rubeola,0,boletin_pdf,0.0,0.0,0.0,0.0,False,False,False,0,False
2023,48,2023-11-27,Ciudad de México,CDMX,Sarampion,0,boletin_pdf,0.0,0.0,0.0,0.0,False,False,False,0,False
2023,48,2023-11-27,Jalisco,Guadalajara,Erisipela,3,boletin_pdf,9.0,3.4641016151377544,15.928203230275509,-1.7320508075688774,False,False,False,0,False
2023,48,2023-11-27,Jalisco,Guadalajara,Escarlatina,6,boletin_pdf,3.5,1.0,5.5,2.5,True,True,False,2,True
2023,48,2023-11-27,Jalisco,Guadalajara,Rubeola,0,boletin_pdf,0.0,0.0,0.0,0.0,False,False,False,0,False
2023,48,2023-11-27,Jalisco,Guadalajara,Sarampion,0,boletin_pdf,0.0,0.0,0.0,0.0,False,False,False,0,False
2023,48,2023-11-27,Nuevo León,Monterrey,Erisipela,12,boletin_pdf,59.0,6.2182527020592095,71.43650540411842,-7.5583933706064546,False,False,False,0,False
2023,48,2023-11-27,Nuevo León,Monterrey,Escarlatina,1,boletin_pdf,16.5,21.80978373727412,60.11956747454824,-0.7106902198901517,False,False,False,0,False
2023,48,2023-11-27,Nuevo León,Monterrey,Rubeola,0,boletin_pdf,0.0,0.0,0.0,0.0,False,False,False,0,False
2023,48,2023-11-27,Nuevo León,Monterrey,Sarampion,0,boletin_pdf,0.0,0.0,0.0,0.0,False,False,False,0,False
2023,49,2023-12-04,Ciudad de México,CDMX,Erisipela,2,boletin_pdf,10.5,10.246950765959598,30.993901531919196,-0.8295150620062532,False,False,False,0,False
2023,49,2023-12-04,Ciudad de México,CDMX,Escarlatina,1,boletin_pdf,14.0,9.38083151964686,32.76166303929372,-1.3858046563114679,False,False,False,0,False
2023,49,2023-12-04,Ciudad de México,CDMX,Rubeola,0,boletin_pdf,0.0,0.0,0.0,0.0,False,False,False,0,False
2023,49,2023-12-04,Ciudad de México,CDMX,Sarampion,0,SEFE_pdf,0.0,0.0,0.0,0.0,False,False,False,0,False
2023,49,2023-12-04,Jalisco,Guadalajara,Erisipela,3,boletin_pdf,2.5,1.9148542155126762,6.329708431025352,0.26111648393354675,False,False,False,0,False
2023,49,2023-12-04,Jalisco,Guadalajara,Escarlatina,3,boletin_pdf,7.0,5.773502691896258,18.547005383792516,-0.6928203230275508,False,False,False,0,False
2023,49,2023-12-04,Jalisco,Guadalajara,Rubeola,0,boletin_pdf,0.0,0.0,0.0,0.0,False,False,False,0,False
2023,49,2023-12-04,Jalisco,Guadalajara,Sarampion,0,SEFE_pdf,0.0,0.0,0.0,0.0,False,False,False,0,False
2023,49,2023-12-04,Nuevo León,Monterrey,Erisipela,18,boletin_pdf,66.5,9.146948489341495,84.793896978683,-5.302314761749751,False,False,False,0,False
2023,49,2023-12-04,Nuevo León,Monterrey,Escarlatina,4,boletin_pdf,8.0,4.898979485566356,17.79795897113271,-0.8164965809277261,False,False,False,0,False
2023,49,2023-12-04,Nuevo León,Monterrey,Rubeola,0,boletin_pdf,0.0,0.0,0.0,0.0,False,False,False,0,False
2023,49,2023-12-04,Nuevo León,Monterrey,Sarampion,0,SEFE_pdf,0.0,0.0,0.0,0.0,False,False,False,0,False
2023,50,2023-12-11,Ciudad de México,CDMX,Erisipela,7,boletin_pdf,10.5,9.0,28.5,-0.3888888888888889,False,False,False,0,False
2023,50,2023-12-11,Ciudad de México,CDMX,Escarlatina,2,boletin_pdf,10.5,8.225975119502044,26.951950239004088,-1.0333121455532124,False,False,False,0,False
2023,50,2023-12-11,Ciudad de México,CDMX,Rubeola,0,boletin_pdf,0.0,0.0,0.0,0.0,False,False,False,0,False
2023,50,2023-12-11,Ciudad de México,CDMX,Sarampion,0,boletin_pdf,0.0,0.0,0.0,0.0,False,False,False,0,False
2023,50,2023-12-11,Jalisco,Guadalajara,Erisipela,11,boletin_pdf,9.5,5.0,19.5,0.3,False,False,False,0,False
2023,50,2023-12-11,Jalisco,Guadalajara,Escarlatina,1,boletin_pdf,2.5,2.516611478423583,7.533222956847166,-0.5960395606792698,False,False,False,0,False
2023,50,2023-12-11,Jalisco,Guadalajara,Rubeola,0,boletin_pdf,0.0,0.0,0.0,0.0,False,False,False,0,False
2023,50,2023-12-11,Jalisco,Guadalajara,Sarampion,0,boletin_pdf,0.0,0.0,0.0,0.0,False,False,False,0,False
2023,50,2023-12-11,Nuevo León,Monterrey,Erisipela,15,boletin_pdf,78.0,12.328828005937952,102.6576560118759,-5.10997476561902,False,False,False,0,False
2023,50,2023-12-11,Nuevo León,Monterrey,Escarlatina,1,boletin_pdf,3.5,2.516611478423583,8.533222956847165,-0.9933992677987828,False,False,False,0,False
2023,50,2023-12-11,Nuevo León,Monterrey,Rubeola,0,boletin_pdf,0.0,0.0,0.0,0.0,False,False,False,0,False
2023,50,2023-12-11,Nuevo León,Monterrey,Sarampion,0,boletin_pdf,0.0,0.0,0.0,0.0,False,False,False,0,False
2023,51,2023-12-18,Ciudad de México,CDMX,Erisipela,1,boletin_pdf,6.5,5.972157622389639,18.444315244779276,-0.9209401941068136,False,False,False,0,False
2023,51,2023-12-18,Ciudad de México,CDMX,Escarlatina,4,boletin_pdf,14.5,13.203534880225574,40.90706976045115,-0.7952415845642553,False,False,False,0,False
2023,51,2023-12-18,Ciudad de México,CDMX,Rubeola,0,boletin_pdf,0.0,0.0,0.0,0.0,False,False,False,0,False
2023,51,2023-12-18,Ciudad de México,CDMX,Sarampion,0,boletin_pdf,0.0,0.0,0.0,0.0,False,False,False,0,False
2023,51,2023-12-18,Jalisco,Guadalajara,Erisipela,2,boletin_pdf,6.0,4.320493798938574,14.640987597877148,-0.9258200997725514,False,False,False,0,False
2023,51,2023-12-18,Jalisco,Guadalajara,Escarlatina,1,boletin_pdf,9.0,6.6332495807108,22.2664991614216,-1.2060453783110545,False,False,False,0,False
2023,51,2023-12-18,Jalisco,Guadalajara,Rubeola,0,boletin_pdf,0.0,0.0,0.0,0.0,False,False,False,0,False
2023,51,2023-12-18,Jalisco,Guadalajara,Sarampion,0,boletin_pdf,0.0,0.0,0.0,0.0,False,False,False,0,False
2023,51,2023-12-18,Nuevo León,Monterrey,Erisipela,18,boletin_pdf,59.0,10.132456102380443,79.26491220476089,-4.046402924002579,False,False,False,0,False
2023,51,2023-12-18,Nuevo León,Monterrey,Escarlatina,3,boletin_pdf,4.5,4.43471156521669,13.36942313043338,-0.338240712601273,False,False,False,0,False
2023,51,2023-12-18,Nuevo León,Monterrey,Rubeola,0,boletin_pdf,0.0,0.0,0.0,0.0,False,False,False,0,False
2023,51,2023-12-18,Nuevo León,Monterrey,Sarampion,0,boletin_pdf,0.0,0.0,0.0,0.0,False,False,False,0,False
2023,52,2023-12-25,Ciudad de México,CDMX,Erisipela,6,boletin_pdf,5.5,3.7859388972001824,13.071877794400365,0.13206763594884358,False,False,False,0,False
2023,52,2023-12-25,Ciudad de México,CDMX,Escarlatina,2,boletin_pdf,10.5,11.474609652039003,33.44921930407801,-0.7407659395620116,False,False,False,0,False
2023,52,2023-12-25,Ciudad de México,CDMX,Rubeola,0,boletin_pdf,0.0,0.0,0.0,0.0,False,False,False,0,False
2023,52,2023-12-25,Ciudad de México,CDMX,Sarampion,0,boletin_pdf,0.0,0.0,0.0,0.0,False,False,False,0,False
2023,52,2023-12-25,Jalisco,Guadalajara,Erisipela,3,boletin_pdf,4.5,1.9148542155126762,8.329708431025352,-0.7833494518006403,False,False,False,0,False
2023,52,2023-12-25,Jalisco,Guadalajara,Escarlatina,1,boletin_pdf,5.5,5.7445626465380295,16.989125293076057,-0.7833494518006402,False,False,False,0,False
2023,52,2023-12-25,Jalisco,Guadalajara,Rubeola,0,boletin_pdf,0.0,0.0,0.0,0.0,False,False,False,0,False
2023,52,2023-12-25,Jalisco,Guadalajara,Sarampion,0,boletin_pdf,0.0,0.0,0.0,0.0,False,False,False,0,False
2023,52,2023-12-25,Nuevo León,Monterrey,Erisipela,14,boletin_pdf,50.5,15.351438586225939,81.20287717245188,-2.3776273340760117,False,False,False,0,False
2023,52,2023-12-25,Nuevo León,Monterrey,Escarlatina,0,boletin_pdf,9.0,12.701705922171767,34.40341184434354,-0.7085662394599952,False,False,False,0,False
2023,52,2023-12-25,Nuevo León,Monterrey,Rubeola,0,boletin_pdf,0.0,0.0,0.0,0.0,False,False,False,0,False
2023,52,2023-12-25,Nuevo León,Monterrey,Sarampion,0,boletin_pdf,0.0,0.0,0.0,0.0,False,False,False,0,False
2023,53,2023-12-25,Ciudad de México,CDMX,Erisipela,0,boletin_pdf,0.0,0.0,0.0,0.0,False,False,False,0,False
2023,53,2023-12-25,Ciudad de México,CDMX,Escarlatina,0,boletin_pdf,0.0,0.0,0.0,0.0,False,False,False,0,False
2023,53,2023-12-25,Ciudad de México,CDMX,Rubeola,0,boletin_pdf,0.0,0.0,0.0,0.0,False,False,False,0,False
2023,53,2023-12-25,Ciudad de México,CDMX,Sarampion,0,boletin_pdf,0.0,0.0,0.0,0.0,False,False,False,0,False
2023,53,2023-12-25,Jalisco,Guadalajara,Erisipela,0,boletin_pdf,0.0,0.0,0.0,0.0,False,False,False,0,False
2023,53,2023-12-25,Jalisco,Guadalajara,Escarlatina,0,boletin_pdf,0.0,0.0,0.0,0.0,False,False,False,0,False
2023,53,2023-12-25,Jalisco,Guadalajara,Rubeola,0,boletin_pdf,0.0,0.0,0.0,0.0,False,False,False,0,False
2023,53,2023-12-25,Jalisco,Guadalajara,Sarampion,0,boletin_pdf,0.0,0.0,0.0,0.0,False,False,False,0,False
2023,53,2023-12-25,Nuevo León,Monterrey,Erisipela,0,boletin_pdf,0.0,0.0,0.0,0.0,False,False,False,0,False
2023,53,2023-12-25,Nuevo León,Monterrey,Escarlatina,0,boletin_pdf,0.0,0.0,0.0,0.0,False,False,False,0,False
2023,53,2023-12-25,Nuevo León,Monterrey,Rubeola,0,boletin_pdf,0.0,0.0,0.0,0.0,False,False,False,0,False
2023,53,2023-12-25,Nuevo León,Monterrey,Sarampion,0,boletin_pdf,0.0,0.0,0.0,0.0,False,False,False,0,False
2024,1,2024-01-01,Ciudad de México,CDMX,Erisipela,2,boletin_pdf,3.0,6.0,15.0,-0.16666666666666666,False,False,False,0,False
2024,1,2024-01-01,Ciudad de México,CDMX,Escarlatina,0,boletin_pdf,2.0,2.8284271247461903,7.656854249492381,-0.7071067811865475,False,False,False,0,False
2024,1,2024-01-01,Ciudad de México,CDMX,Rubeola,0,boletin_pdf,0.0,0.0,0.0,0.0,False,False,False,0,False
2024,1,2024-01-01,Ciudad de México,CDMX,Sarampion,0,boletin_pdf,0.0,0.0,0.0,0.0,False,False,False,0,False
2024,1,2024-01-01,Jalisco,Guadalajara,Erisipela,4,boletin_pdf,6.0,4.898979485566356,15.797958971132712,-0.4082482904638631,False,False,False,0,False
2024,1,2024-01-01,Jalisco,Guadalajara,Escarlatina,2,boletin_pdf,3.0,2.5819888974716108,8.163977794943222,-0.38729833462074176,False,False,False,0,False
2024,1,2024-01-01,Jalisco,Guadalajara,Rubeola,0,boletin_pdf,0.0,0.0,0.0,0.0,False,False,False,0,False
2024,1,2024-01-01,Jalisco,Guadalajara,Sarampion,0,boletin_pdf,0.0,0.0,0.0,0.0,False,False,False,0,False
2024,1,2024-01-01,Nuevo León,Monterrey,Erisipela,34,boletin_pdf,51.5,20.6801031589948,92.8602063179896,-0.8462240185870825,False,False,False,0,False
2024,1,2024-01-01,Nuevo León,Monterrey,Escarlatina,4,boletin_pdf,5.5,5.7445626465380295,16.989125293076057,-0.2611164839335467,False,False,False,0,False
2024,1,2024-01-01,Nuevo León,Monterrey,Rubeola,0,boletin_pdf,0.0,0.0,0.0,0.0,False,False,False,0,False
2024,1,2024-01-01,Nuevo León,Monterrey,Sarampion,0,boletin_pdf,0.0,0.0,0.0,0.0,False,False,False,0,False
2024,2,2024-01-08,Ciudad de México,CDMX,Erisipela,2,boletin_pdf,4.5,5.744562646538029,15.989125293076057,-0.4351941398892446,False,False,False,0,False
2024,2,2024-01-08,Ciudad de México,CDMX,Escarlatina,0,boletin_pdf,2.5,3.785938897200182,10.071877794400365,-0.6603381797442179,False,False,False,0,False
2024,2,2024-01-08,Ciudad de México,CDMX,Rubeola,0,boletin_pdf,0.0,0.0,0.0,0.0,False,False,False,0,False
2024,2,2024-01-08,Ciudad de México,CDMX,Sarampion,0,boletin_pdf,0.0,0.0,0.0,0.0,False,False,False,0,False
2024,2,2024-01-08,Jalisco,Guadalajara,Erisipela,3,boletin_pdf,7.0,4.163331998932265,15.32666399786453,-0.9607689228305228,False,False,False,0,False
2024,2,2024-01-08,Jalisco,Guadalajara,Escarlatina,0,boletin_pdf,8.0,3.265986323710904,14.531972647421808,-2.449489742783178,False,False,False,0,False
2024,2,2024-01-08,Jalisco,Guadalajara,Rubeola,0,boletin_pdf,0.0,0.0,0.0,0.0,False,False,False,0,False
2024,2,2024-01-08,Jalisco,Guadalajara,Sarampion,0,boletin_pdf,0.0,0.0,0.0,0.0,False,False,False,0,False
2024,2,2024-01-08,Nuevo León,Monterrey,Erisipela,17,boletin_pdf,61.0,9.309493362512628,79.61898672502525,-4.726358168660257,False,False,False,0,False
2024,2,2024-01-08,Nuevo León,Monterrey,Escarlatina,2,boletin_pdf,1.5,1.0,3.5,0.5,False,False,False,0,False
2024,2,2024-01-08,Nuevo León,Monterrey,Rubeola,0,boletin_pdf,0.0,0.0,0.0,0.0,False,False,False,0,False
2024,2,2024-01-08,Nuevo León,Monterrey,Sarampion,0,boletin_pdf,0.0,0.0,0.0,0.0,False,False,False,0,False
2024,3,2024-01-15,Ciudad de México,CDMX,Erisipela,12,boletin_pdf,5.0,5.773502691896257,16.547005383792516,1.2124355652982142,False,False,False,0,False
2024,3,2024-01-15,Ciudad de México,CDMX,Escarlatina,2,boletin_pdf,3.5,5.744562646538029,14.989125293076057,-0.26111648393354675,False,False,False,0,False
2024,3,2024-01-15,Ciudad de México,CDMX,Rubeola,0,boletin_pdf,0.0,0.0,0.0,0.0,False,False,False,0,False
2024,3,2024-01-15,Ciudad de México,CDMX,Sarampion,0,boletin_pdf,0.0,0.0,0.0,0.0,False,False,False,0,False
2024,3,2024-01-15,Jalisco,Guadalajara,Erisipela,9,boletin_pdf,6.0,4.0,14.0,0.75,False,False,False,0,False
2024,3,2024-01-15,Jalisco,Guadalajara,Escarlatina,1,boletin_pdf,6.5,2.9999999999999996,12.5,-1.8333333333333337,False,False,False,0,False
2024,3,2024-01-15,Jalisco,Guadalajara,Rubeola,0,boletin_pdf,0.0,0.0,0.0,0.0,False,False,False,0,False
2024,3,2024-01-15,Jalisco,Guadalajara,Sarampion,0,boletin_pdf,0.0,0.0,0.0,0.0,False,False,False,0,False
2024,3,2024-01-15,Nuevo León,Monterrey,Erisipela,18,boletin_pdf,77.0,16.77299416721217,110.54598833442434,-3.5175592033134513,False,False,False,0,False
2024,3,2024-01-15,Nuevo León,Monterrey,Escarlatina,1,boletin_pdf,4.0,2.8284271247461903,9.65685424949238,-1.0606601717798212,False,False,False,0,False
2024,3,2024-01-15,Nuevo León,Monterrey,Rubeola,0,boletin_pdf,0.0,0.0,0.0,0.0,False,False,False,0,False
2024,3,2024-01-15,Nuevo León,Monterrey,Sarampion,0,boletin_pdf,0.0,0.0,0.0,0.0,False,False,False,0,False
2024,4,2024-01-22,Ciudad de México,CDMX,Erisipela,2,boletin_pdf,4.5,6.60807586719967,17.71615173439934,-0.3783249542289887,False,False,False,0,False
2024,4,2024-01-22,Ciudad de México,CDMX,Escarlatina,14,boletin_pdf,6.0,6.928203230275509,19.856406460551018,1.1547005383792517,False,False,False,0,False
2024,4,2024-01-22,Ciudad de México,CDMX,Rubeola,0,boletin_pdf,0.0,0.0,0.0,0.0,False,False,False,0,False
2024,4,2024-01-22,Ciudad de México,CDMX,Sarampion,0,boletin_pdf,0.0,0.0,0.0,0.0,False,False,False,0,False
2024,4,2024-01-22,Jalisco,Guadalajara,Erisipela,4,boletin_pdf,9.0,3.8297084310253524,16.659416862050705,-1.3055824196677337,False,False,False,0,False
2024,4,2024-01-22,Jalisco,Guadalajara,Escarlatina,4,boletin_pdf,5.0,3.8297084310253524,12.659416862050705,-0.26111648393354675,False,False,False,0,False
2024,4,2024-01-22,Jalisco,Guadalajara,Rubeola,0,boletin_pdf,0.0,0.0,0.0,0.0,False,False,False,0,False
2024,4,2024-01-22,Jalisco,Guadalajara,Sarampion,0,boletin_pdf,0.0,0.0,0.0,0.0,False,False,False,0,False
2024,4,2024-01-22,Nuevo León,Monterrey,Erisipela,22,boletin_pdf,55.5,5.507570547286103,66.5151410945722,-6.0825367033214635,False,False,False,0,False
2024,4,2024-01-22,Nuevo León,Monterrey,Escarlatina,2,boletin_pdf,4.0,4.320493798938574,12.640987597877148,-0.4629100498862757,False,False,False,0,False
2024,4,2024-01-22,Nuevo León,Monterrey,Rubeola,0,boletin_pdf,0.0,0.0,0.0,0.0,False,False,False,0,False
2024,4,2024-01-22,Nuevo León,Monterrey,Sarampion,0,boletin_pdf,0.0,0.0,0.0,0.0,False,False,False,0,False
2024,5,2024-01-29,Ciudad de México,CDMX,Erisipela,10,boletin_pdf,6.5,8.54400374531753,23.58800749063506,0.409644015186457,False,False,False,0,False
2024,5,2024-01-29,Ciudad de México,CDMX,Escarlatina,6,boletin_pdf,8.0,10.456258094238748,28.912516188477497,-0.19127301391900148,False,False,False,0,False
2024,5,2024-01-29,Ciudad de México,CDMX,Rubeola,0,boletin_pdf,0.0,0.0,0.0,0.0,False,False,False,0,False
2024,5,2024-01-29,Ciudad de México,CDMX,Sarampion,0,boletin_pdf,0.0,0.0,0.0,0.0,False,False,False,0,False
2024,5,2024-01-29,Jalisco,Guadalajara,Erisipela,6,boletin_pdf,8.0,3.6514837167011076,15.302967433402216,-0.5477225575051661,False,False,False,0,False
2024,5,2024-01-29,Jalisco,Guadalajara,Escarlatina,2,boletin_pdf,5.0,3.4641016151377544,11.928203230275509,-0.8660254037844387,False,False,False,0,False
2024,5,2024-01-29,Jalisco,Guadalajara,Rubeola,0,boletin_pdf,0.0,0.0,0.0,0.0,False,False,False,0,False
2024,5,2024-01-29,Jalisco,Guadalajara,Sarampion,0,boletin_pdf,0.0,0.0,0.0,0.0,False,False,False,0,False
2024,5,2024-01-29,Nuevo León,Monterrey,Erisipela,46,boletin_pdf,69.0,7.745966692414834,84.49193338482966,-2.969287232092353,False,False,False,0,False
2024,5,2024-01-29,Nuevo León,Monterrey,Escarlatina,2,boletin_pdf,5.0,2.0,9.0,-1.5,False,False,False,0,False
2024,5,2024-01-29,Nuevo León,Monterrey,Rubeola,0,boletin_pdf,0.0,0.0,0.0,0.0,False,False,False,0,False
2024,5,2024-01-29,Nuevo León,Monterrey,Sarampion,0,boletin_pdf,0.0,0.0,0.0,0.0,False,False,False,0,False
2024,6,2024-02-05,Ciudad de México,CDMX,Erisipela,8,boletin_pdf,8.0,9.797958971132712,27.595917942265423,0.0,False,False,False,0,False
2024,6,2024-02-05,Ciudad de México,CDMX,Escarlatina,4,boletin_pdf,9.0,10.519822558706334,30.039645117412668,-0.4752931878933584,False,False,False,0,False
2024,6,2024-02-05,Ciudad de México,CDMX,Rubeola,0,boletin_pdf,0.0,0.0,0.0,0.0,False,False,False,0,False
2024,6,2024-02-05,Ciudad de México,CDMX,Sarampion,0,boletin_pdf,0.0,0.0,0.0,0.0,False,False,False,0,False
2024,6,2024-02-05,Jalisco,Guadalajara,Erisipela,18,boletin_pdf,3.5,1.9148542155126762,7.329708431025352,7.572378034072856,True,True,True,3,True
2024,6,2024-02-05,Jalisco,Guadalajara,Escarlatina,8,boletin_pdf,5.5,1.9148542155126762,9.329708431025352,1.3055824196677337,False,False,False,0,False
2024,6,2024-02-05,Jalisco,Guadalajara,Rubeola,0,boletin_pdf,0.0,0.0,0.0,0.0,False,False,False,0,False
2024,6,2024-02-05,Jalisco,Guadalajara,Sarampion,0,boletin_pdf,0.0,0.0,0.0,0.0,False,False,False,0,False
2024,6,2024-02-05,Nuevo León,Monterrey,Erisipela,30,boletin_pdf,69.5,9.71253485622231,88.92506971244462,-4.066909471598388,False,False,False,0,False
2024,6,2024-02-05,Nuevo León,Monterrey,Escarlatina,0,boletin_pdf,5.5,4.123105625617661,13.746211251235321,-1.3339459376998313,False,False,False,0,False
2024,6,2024-02-05,Nuevo León,Monterrey,Rubeola,0,boletin_pdf,0.0,0.0,0.0,0.0,False,False,False,0,False
2024,6,2024-02-05,Nuevo León,Monterrey,Sarampion,0,boletin_pdf,0.0,0.0,0.0,0.0,False,False,False,0,False
2024,7,2024-02-12,Ciudad de México,CDMX,Erisipela,10,boletin_pdf,5.0,6.6332495807108,18.2664991614216,0.753778361444409,False,False,False,0,False
2024,7,2024-02-12,Ciudad de México,CDMX,Escarlatina,4,boletin_pdf,5.0,6.6332495807108,18.2664991614216,-0.15075567228888181,False,False,False,0,False
2024,7,2024-02-12,Ciudad de México,CDMX,Rubeola,0,boletin_pdf,0.0,0.0,0.0,0.0,False,False,False,0,False
2024,7,2024-02-12,Ciudad de México,CDMX,Sarampion,0,boletin_pdf,0.0,0.0,0.0,0.0,False,False,False,0,False
2024,7,2024-02-12,Jalisco,Guadalajara,Erisipela,0,boletin_pdf,8.0,3.6514837167011076,15.302967433402216,-2.1908902300206643,False,False,False,0,False
2024,7,2024-02-12,Jalisco,Guadalajara,Escarlatina,2,boletin_pdf,5.0,2.581988897471611,10.163977794943222,-1.161895003862225,False,False,False,0,False
2024,7,2024-02-12,Jalisco,Guadalajara,Rubeola,0,boletin_pdf,0.0,0.0,0.0,0.0,False,False,False,0,False
2024,7,2024-02-12,Jalisco,Guadalajara,Sarampion,0,boletin_pdf,0.0,0.0,0.0,0.0,False,False,False,0,False
2024,7,2024-02-12,Nuevo León,Monterrey,Erisipela,30,boletin_pdf,72.5,13.79613472438325,100.0922694487665,-3.080572990120604,False,False,False,0,False
2024,7,2024-02-12,Nuevo León,Monterrey,Escarlatina,0,boletin_pdf,7.0,6.6332495807108,20.2664991614216,-1.0552897060221726,False,False,False,0,False
2024,7,2024-02-12,Nuevo León,Monterrey,Rubeola,0,boletin_pdf,0.0,0.0,0.0,0.0,False,False,False,0,False
2024,7,2024-02-12,Nuevo León,Monterrey,Sarampion,0,boletin_pdf,0.0,0.0,0.0,0.0,False,False,False,0,False
2024,8,2024-02-19,Ciudad de México,CDMX,Erisipela,4,boletin_pdf,10.0,12.000000000000002,34.0,-0.49999999999999994,False,False,False,0,False
2024,8,2024-02-19,Ciudad de México,CDMX,Escarlatina,10,boletin_pdf,6.0,9.521904571390465,25.04380914278093,0.42008402520840304,False,False,False,0,False
2024,8,2024-02-19,Ciudad de México,CDMX,Rubeola,0,boletin_pdf,0.0,0.0,0.0,0.0,False,False,False,0,False
2024,8,2024-02-19,Ciudad de México,CDMX,Sarampion,0,boletin_pdf,0.0,0.0,0.0,0.0,False,False,False,0,False
2024,8,2024-02-19,Jalisco,Guadalajara,Erisipela,0,boletin_pdf,7.0,4.760952285695233,16.521904571390465,-1.4702940882294102,False,False,False,0,False
2024,8,2024-02-19,Jalisco,Guadalajara,Escarlatina,2,boletin_pdf,6.0,4.320493798938574,14.640987597877148,-0.9258200997725514,False,False,False,0,False
2024,8,2024-02-19,Jalisco,Guadalajara,Rubeola,0,boletin_pdf,0.0,0.0,0.0,0.0,False,False,False,0,False
2024,8,2024-02-19,Jalisco,Guadalajara,Sarampion,0,boletin_pdf,0.0,0.0,0.0,0.0,False,False,False,0,False
2024,8,2024-02-19,Nuevo León,Monterrey,Erisipela,34,boletin_pdf,79.0,21.19748412744619,121.39496825489238,-2.122893440063232,False,False,False,0,False
2024,8,2024-02-19,Nuevo León,Monterrey,Escarlatina,0,boletin_pdf,7.0,4.760952285695232,16.521904571390465,-1.4702940882294107,False,False,False,0,False
2024,8,2024-02-19,Nuevo León,Monterrey,Rubeola,0,boletin_pdf,0.0,0.0,0.0,0.0,False,False,False,0,False
2024,8,2024-02-19,Nuevo León,Monterrey,Sarampion,0,boletin_pdf,0.0,0.0,0.0,0.0,False,False,False,0,False
2024,9,2024-02-26,Ciudad de México,CDMX,Erisipela,6,boletin_pdf,7.5,10.376254944182254,28.252509888364507,-0.144560827395728,False,False,False,0,False
2024,9,2024-02-26,Ciudad de México,CDMX,Escarlatina,6,boletin_pdf,9.5,11.704699910719626,32.90939982143925,-0.2990251802008663,False,False,False,0,False
2024,9,2024-02-26,Ciudad de México,CDMX,Rubeola,0,boletin_pdf,0.0,0.0,0.0,0.0,False,False,False,0,False
2024,9,2024-02-26,Ciudad de México,CDMX,Sarampion,0,boletin_pdf,0.0,0.0,0.0,0.0,False,False,False,0,False
2024,9,2024-02-26,Jalisco,Guadalajara,Erisipela,2,boletin_pdf,6.5,3.415650255319866,13.331300510639732,-1.3174650984805198,False,False,False,0,False
2024,9,2024-02-26,Jalisco,Guadalajara,Escarlatina,4,boletin_pdf,5.5,3.415650255319866,12.331300510639732,-0.43915503282683993,False,False,False,0,False
2024,9,2024-02-26,Jalisco,Guadalajara,Rubeola,0,boletin_pdf,0.0,0.0,0.0,0.0,False,False,False,0,False
2024,9,2024-02-26,Jalisco,Guadalajara,Sarampion,0,boletin_pdf,0.0,0.0,0.0,0.0,False,False,False,0,False
2024,9,2024-02-26,Nuevo León,Monterrey,Erisipela,44,boletin_pdf,91.5,22.8837642591132,137.2675285182264,-2.0757074518928267,False,False,False,0,False
2024,9,2024-02-26,Nuevo León,Monterrey,Escarlatina,4,boletin_pdf,6.5,4.123105625617661,14.746211251235321,-0.6063390625908325,False,False,False,0,False
2024,9,2024-02-26,Nuevo León,Monterrey,Rubeola,0,boletin_pdf,0.0,0.0,0.0,0.0,False,False,False,0,False
2024,9,2024-02-26,Nuevo León,Monterrey,Sarampion,0,boletin_pdf,0.0,0.0,0.0,0.0,False,False,False,0,False
2024,10,2024-03-04,Ciudad de México,CDMX,Erisipela,4,boletin_pdf,5.5,4.123105625617661,13.746211251235321,-0.36380343755449945,False,False,False,0,False
2024,10,2024-03-04,Ciudad de México,CDMX,Escarlatina,2,boletin_pdf,18.5,14.45683229480096,47.41366458960192,-1.1413288653790232,False,False,False,0,False
2024,10,2024-03-04,Ciudad de México,CDMX,Rubeola,0,boletin_pdf,0.0,0.0,0.0,0.0,False,False,False,0,False
2024,10,2024-03-04,Ciudad de México,CDMX,Sarampion,0,boletin_pdf,0.0,0.0,0.0,0.0,False,False,False,0,False
2024,10,2024-03-04,Jalisco,Guadalajara,Erisipela,4,boletin_pdf,9.5,1.9148542155126764,13.329708431025352,-2.872281323269014,False,False,False,0,False
2024,10,2024-03-04,Jalisco,Guadalajara,Escarlatina,4,boletin_pdf,4.5,2.516611478423583,9.533222956847165,-0.1986798535597566,False,False,False,0,False
2024,10,2024-03-04,Jalisco,Guadalajara,Rubeola,0,boletin_pdf,0.0,0.0,0.0,0.0,False,False,False,0,False
2024,10,2024-03-04,Jalisco,Guadalajara,Sarampion,0,boletin_pdf,0.0,0.0,0.0,0.0,False,False,False,0,False
2024,10,2024-03-04,Nuevo León,Monterrey,Erisipela,42,boletin_pdf,89.5,17.0,123.5,-2.7941176470588234,False,False,False,0,False
2024,10,2024-03-04,Nuevo León,Monterrey,Escarlatina,4,boletin_pdf,9.5,9.0,27.5,-0.6111111111111112,False,False,False,0,False
2024,10,2024-03-04,Nuevo León,Monterrey,Rubeola,0,boletin_pdf,0.0,0.0,0.0,0.0,False,False,False,0,False
2024,10,2024-03-04,Nuevo León,Monterrey,Sarampion,0,boletin_pdf,0.0,0.0,0.0,0.0,False,False,False,0,False
2024,11,2024-03-11,Ciudad de México,CDMX,Erisipela,6,boletin_pdf,16.0,10.954451150103322,37.90890230020665,-0.9128709291752769,False,False,False,0,False
2024,11,2024-03-11,Ciudad de México,CDMX,Escarlatina,12,boletin_pdf,20.0,13.856406460551018,47.712812921102035,-0.5773502691896258,False,False,False,0,False
2024,11,2024-03-11,Ciudad de México,CDMX,Rubeola,0,boletin_pdf,0.0,0.0,0.0,0.0,False,False,False,0,False
2024,11,2024-03-11,Ciudad de México,CDMX,Sarampion,0,boletin_pdf,0.0,0.0,0.0,0.0,False,False,False,0,False
2024,11,2024-03-11,Jalisco,Guadalajara,Erisipela,2,boletin_pdf,7.5,4.725815626252609,16.951631252505216,-1.163820266166687,False,False,False,0,False
2024,11,2024-03-11,Jalisco,Guadalajara,Escarlatina,10,boletin_pdf,5.5,4.725815626252608,14.951631252505216,0.9522165814091078,False,False,False,0,False
2024,11,2024-03-11,Jalisco,Guadalajara,Rubeola,0,boletin_pdf,0.0,0.0,0.0,0.0,False,False,False,0,False
2024,11,2024-03-11,Jalisco,Guadalajara,Sarampion,0,boletin_pdf,0.0,0.0,0.0,0.0,False,False,False,0,False
2024,11,2024-03-11,Nuevo León,Monterrey,Erisipela,40,boletin_pdf,74.0,9.521904571390467,93.04380914278093,-3.570714214271425,False,False,False,0,False
2024,11,2024-03-11,Nuevo León,Monterrey,Escarlatina,10,boletin_pdf,5.0,4.760952285695233,14.521904571390467,1.0502100630210074,False,False,False,0,False
2024,11,2024-03-11,Nuevo León,Monterrey,Rubeola,0,boletin_pdf,0.0,0.0,0.0,0.0,False,False,False,0,False
2024,11,2024-03-11,Nuevo León,Monterrey,Sarampion,0,boletin_pdf,0.0,0.0,0.0,0.0,False,False,False,0,False
2024,12,2024-03-18,Ciudad de México,CDMX,Erisipela,8,boletin_pdf,11.0,9.865765724632494,30.73153144926499,-0.3040818202797687,False,False,False,0,False
2024,12,2024-03-18,Ciudad de México,CDMX,Escarlatina,6,boletin_pdf,20.5,15.864005379054394,52.22801075810879,-0.9140188529653853,False,False,False,0,False
2024,12,2024-03-18,Ciudad de México,CDMX,Rubeola,0,boletin_pdf,0.0,0.0,0.0,0.0,False,False,False,0,False
2024,12,2024-03-18,Ciudad de México,CDMX,Sarampion,0,boletin_pdf,0.0,0.0,0.0,0.0,False,False,False,0,False
2024,12,2024-03-18,Jalisco,Guadalajara,Erisipela,4,boletin_pdf,10.5,6.60807586719967,23.71615173439934,-0.9836448809953706,False,False,False,0,False
2024,12,2024-03-18,Jalisco,Guadalajara,Escarlatina,10,boletin_pdf,5.0,6.2182527020592095,17.43650540411842,0.8040844011283462,False,False,False,0,False
2024,12,2024-03-18,Jalisco,Guadalajara,Rubeola,0,boletin_pdf,0.0,0.0,0.0,0.0,False,False,False,0,False
2024,12,2024-03-18,Jalisco,Guadalajara,Sarampion,0,boletin_pdf,0.0,0.0,0.0,0.0,False,False,False,0,False
2024,12,2024-03-18,Nuevo León,Monterrey,Erisipela,58,boletin_pdf,81.0,16.852299546352715,114.70459909270542,-1.3647989069229316,False,False,False,0,False
2024,12,2024-03-18,Nuevo León,Monterrey,Escarlatina,0,boletin_pdf,11.0,11.604596790352806,34.209193580705616,-0.9479002328753531,False,False,False,0,False
2024,12,2024-03-18,Nuevo León,Monterrey,Rubeola,0,boletin_pdf,0.0,0.0,0.0,0.0,False,False,False,0,False
2024,12,2024-03-18,Nuevo León,Monterrey,Sarampion,0,boletin_pdf,0.0,0.0,0.0,0.0,False,False,False,0,False
2024,13,2024-03-25,Ciudad de México,CDMX,Erisipela,10,boletin_pdf,9.5,7.54983443527075,24.5996688705415,0.06622661785325219,False,False,False,0,False
2024,13,2024-03-25,Ciudad de México,CDMX,Escarlatina,8,boletin_pdf,18.0,15.05545305418162,48.11090610836324,-0.6642111641550715,False,False,False,0,False
2024,13,2024-03-25,Ciudad de México,CDMX,Rubeola,0,boletin_pdf,0.0,0.0,0.0,0.0,False,False,False,0,False
2024,13,2024-03-25,Ciudad de México,CDMX,Sarampion,0,boletin_pdf,0.0,0.0,0.0,0.0,False,False,False,0,False
2024,13,2024-03-25,Jalisco,Guadalajara,Erisipela,6,boletin_pdf,13.0,3.4641016151377544,19.928203230275507,-2.0207259421636903,False,False,False,0,False
2024,13,2024-03-25,Jalisco,Guadalajara,Escarlatina,8,boletin_pdf,5.5,6.191391873668904,17.882783747337808,0.4037864265436241,False,False,False,0,False
2024,13,2024-03-25,Jalisco,Guadalajara,Rubeola,0,boletin_pdf,0.0,0.0,0.0,0.0,False,False,False,0,False
2024,13,2024-03-25,Jalisco,Guadalajara,Sarampion,0,boletin_pdf,0.0,0.0,0.0,0.0,False,False,False,0,False
2024,13,2024-03-25,Nuevo León,Monterrey,Erisipela,34,boletin_pdf,72.5,36.71057976478534,145.92115952957067,-1.04874399278573,False,False,False,0,False
2024,13,2024-03-25,Nuevo León,Monterrey,Escarlatina,2,boletin_pdf,6.0,1.632993161855452,9.265986323710905,-2.449489742783178,False,False,False,0,False
2024,13,2024-03-25,Nuevo León,Monterrey,Rubeola,0,boletin_pdf,0.0,0.0,0.0,0.0,False,False,False,0,False
2024,13,2024-03-25,Nuevo León,Monterrey,Sarampion,0,boletin_pdf,0.0,0.0,0.0,0.0,False,False,False,0,False
2024,14,2024-04-01,Ciudad de México,CDMX,Erisipela,2,boletin_pdf,8.0,7.483314773547883,22.966629547095764,-0.8017837257372732,False,False,False,0,False
2024,14,2024-04-01,Ciudad de México,CDMX,Escarlatina,4,boletin_pdf,19.5,15.609825965290794,50.71965193058159,-0.9929643055896332,False,False,False,0,False
2024,14,2024-04-01,Ciudad de México,CDMX,Rubeola,0,boletin_pdf,0.0,0.0,0.0,0.0,False,False,False,0,False
2024,14,2024-04-01,Ciudad de México,CDMX,Sarampion,4,SEFE_csv,0.0,0.0,0.0,4.0,True,True,True,3,True
2024,14,2024-04-01,Jalisco,Guadalajara,Erisipela,10,boletin_pdf,8.0,5.887840577551898,19.775681155103797,0.3396831102433787,False,False,False,0,False
2024,14,2024-04-01,Jalisco,Guadalajara,Escarlatina,6,boletin_pdf,6.0,5.656854249492381,17.31370849898476,0.0,False,False,False,0,False
2024,14,2024-04-01,Jalisco,Guadalajara,Rubeola,0,boletin_pdf,0.0,0.0,0.0,0.0,False,False,False,0,False
2024,14,2024-04-01,Jalisco,Guadalajara,Sarampion,0,boletin_pdf,0.0,0.0,0.0,0.0,False,False,False,0,False
2024,14,2024-04-01,Nuevo León,Monterrey,Erisipela,38,boletin_pdf,92.0,33.94112549695428,159.88225099390854,-1.5909902576697321,False,False,False,0,False
2024,14,2024-04-01,Nuevo León,Monterrey,Escarlatina,6,boletin_pdf,5.0,3.4641016151377544,11.928203230275509,0.2886751345948129,False,False,False,0,False
2024,14,2024-04-01,Nuevo León,Monterrey,Rubeola,0,boletin_pdf,0.0,0.0,0.0,0.0,False,False,False,0,False
2024,14,2024-04-01,Nuevo León,Monterrey,Sarampion,0,boletin_pdf,0.0,0.0,0.0,0.0,False,False,False,0,False
2024,15,2024-04-08,Ciudad de México,CDMX,Erisipela,10,boletin_pdf,13.5,18.138357147217054,49.77671429443411,-0.19296124624698996,False,False,False,0,False
2024,15,2024-04-08,Ciudad de México,CDMX,Escarlatina,4,boletin_pdf,14.5,11.0,36.5,-0.9545454545454546,False,False,False,0,False
2024,15,2024-04-08,Ciudad de México,CDMX,Rubeola,0,boletin_pdf,0.0,0.0,0.0,0.0,False,False,False,0,False
2024,15,2024-04-08,Ciudad de México,CDMX,Sarampion,0,boletin_pdf,0.0,0.0,0.0,0.0,False,False,False,0,False
2024,15,2024-04-08,Jalisco,Guadalajara,Erisipela,2,boletin_pdf,9.5,4.123105625617661,17.746211251235323,-1.8190171877724972,False,False,False,0,False
2024,15,2024-04-08,Jalisco,Guadalajara,Escarlatina,6,boletin_pdf,7.0,5.773502691896258,18.547005383792516,-0.1732050807568877,False,False,False,0,False
2024,15,2024-04-08,Jalisco,Guadalajara,Rubeola,0,boletin_pdf,0.0,0.0,0.0,0.0,False,False,False,0,False
2024,15,2024-04-08,Jalisco,Guadalajara,Sarampion,0,boletin_pdf,0.0,0.0,0.0,0.0,False,False,False,0,False
2024,15,2024-04-08,Nuevo León,Monterrey,Erisipela,54,boletin_pdf,93.5,11.0,115.5,-3.590909090909091,False,False,False,0,False
2024,15,2024-04-08,Nuevo León,Monterrey,Escarlatina,4,boletin_pdf,17.0,13.71130920080209,44.42261840160418,-0.9481224447363146,False,False,False,0,False
2024,15,2024-04-08,Nuevo León,Monterrey,Rubeola,0,boletin_pdf,0.0,0.0,0.0,0.0,False,False,False,0,False
2024,15,2024-04-08,Nuevo León,Monterrey,Sarampion,0,boletin_pdf,0.0,0.0,0.0,0.0,False,False,False,0,False
2024,16,2024-04-15,Ciudad de México,CDMX,Erisipela,8,boletin_pdf,8.0,5.41602560309064,18.83205120618128,0.0,False,False,False,0,False
2024,16,2024-04-15,Ciudad de México,CDMX,Escarlatina,10,boletin_pdf,20.0,13.856406460551018,47.712812921102035,-0.7216878364870323,False,False,False,0,False
2024,16,2024-04-15,Ciudad de México,CDMX,Rubeola,0,boletin_pdf,0.0,0.0,0.0,0.0,False,False,False,0,False
2024,16,2024-04-15,Ciudad de México,CDMX,Sarampion,0,boletin_pdf,0.0,0.0,0.0,0.0,False,False,False,0,False
2024,16,2024-04-15,Jalisco,Guadalajara,Erisipela,4,boletin_pdf,8.5,6.60807586719967,21.71615173439934,-0.6809849176121797,False,False,False,0,False
2024,16,2024-04-15,Jalisco,Guadalajara,Escarlatina,10,boletin_pdf,4.0,1.632993161855452,7.265986323710904,3.6742346141747673,True,True,False,2,True
2024,16,2024-04-15,Jalisco,Guadalajara,Rubeola,0,boletin_pdf,0.0,0.0,0.0,0.0,False,False,False,0,False
2024,16,2024-04-15,Jalisco,Guadalajara,Sarampion,0,boletin_pdf,0.0,0.0,0.0,0.0,False,False,False,0,False
2024,16,2024-04-15,Nuevo León,Monterrey,Erisipela,62,boletin_pdf,94.0,16.08311744241976,126.16623488483953,-1.9896640134952277,False,False,False,0,False
2024,16,2024-04-15,Nuevo León,Monterrey,Escarlatina,10,boletin_pdf,10.0,8.16496580927726,26.32993161855452,0.0,False,False,False,0,False
2024,16,2024-04-15,Nuevo León,Monterrey,Rubeola,0,boletin_pdf,0.0,0.0,0.0,0.0,False,False,False,0,False
2024,16,2024-04-15,Nuevo León,Monterrey,Sarampion,0,boletin_pdf,0.0,0.0,0.0,0.0,False,False,False,0,False
2024,17,2024-04-22,Ciudad de México,CDMX,Erisipela,16,boletin_pdf,10.0,8.485281374238571,26.970562748477143,0.7071067811865475,False,False,False,0,False
2024,17,2024-04-22,Ciudad de México,CDMX,Escarlatina,14,boletin_pdf,18.5,12.583057392117917,43.66611478423583,-0.3576237364075618,False,False,False,0,False
2024,17,2024-04-22,Ciudad de México,CDMX,Rubeola,0,boletin_pdf,0.0,0.0,0.0,0.0,False,False,False,0,False
2024,17,2024-04-22,Ciudad de México,CDMX,Sarampion,1,SEFE_csv,0.0,0.0,0.0,1.0,False,True,True,2,True
2024,17,2024-04-22,Ciudad de México,CDMX,Sarampion,0,boletin_pdf,0.0,0.0,0.0,0.0,False,False,False,0,False
2024,17,2024-04-22,Jalisco,Guadalajara,Erisipela,2,boletin_pdf,9.0,6.2182527020592095,21.43650540411842,-1.1257181615796847,False,False,False,0,False
2024,17,2024-04-22,Jalisco,Guadalajara,Escarlatina,6,boletin_pdf,5.0,4.163331998932265,13.32666399786453,0.2401922307076307,False,False,False,0,False
2024,17,2024-04-22,Jalisco,Guadalajara,Rubeola,0,boletin_pdf,0.0,0.0,0.0,0.0,False,False,False,0,False
2024,17,2024-04-22,Jalisco,Guadalajara,Sarampion,0,boletin_pdf,0.0,0.0,0.0,0.0,False,False,False,0,False
2024,17,2024-04-22,Nuevo León,Monterrey,Erisipela,54,boletin_pdf,79.5,25.73583752927682,130.97167505855364,-0.9908362209308893,False,False,False,0,False
2024,17,2024-04-22,Nuevo León,Monterrey,Escarlatina,12,boletin_pdf,11.0,5.291502622129181,21.583005244258363,0.1889822365046136,False,False,False,0,False
2024,17,2024-04-22,Nuevo León,Monterrey,Rubeola,0,boletin_pdf,0.0,0.0,0.0,0.0,False,False,False,0,False
2024,17,2024-04-22,Nuevo León,Monterrey,Sarampion,0,boletin_pdf,0.0,0.0,0.0,0.0,False,False,False,0,False
2024,18,2024-04-29,Ciudad de México,CDMX,Erisipela,6,boletin_pdf,10.5,8.54400374531753,27.58800749063506,-0.5266851623825876,False,False,False,0,False
2024,18,2024-04-29,Ciudad de México,CDMX,Escarlatina,16,boletin_pdf,15.0,10.893423092245461,36.786846184490926,0.09179850920431569,False,False,False,0,False
2024,18,2024-04-29,Ciudad de México,CDMX,Rubeola,0,boletin_pdf,0.0,0.0,0.0,0.0,False,False,False,0,False
2024,18,2024-04-29,Ciudad de México,CDMX,Sarampion,0,boletin_pdf,0.0,0.0,0.0,0.0,False,False,False,0,False
2024,18,2024-04-29,Jalisco,Guadalajara,Erisipela,4,boletin_pdf,4.0,3.6514837167011076,11.302967433402216,0.0,False,False,False,0,False
2024,18,2024-04-29,Jalisco,Guadalajara,Escarlatina,10,boletin_pdf,4.0,5.656854249492381,15.313708498984761,1.0606601717798212,False,False,False,0,False
2024,18,2024-04-29,Jalisco,Guadalajara,Rubeola,0,boletin_pdf,0.0,0.0,0.0,0.0,False,False,False,0,False
2024,18,2024-04-29,Jalisco,Guadalajara,Sarampion,0,boletin_pdf,0.0,0.0,0.0,0.0,False,False,False,0,False
2024,18,2024-04-29,Nuevo León,Monterrey,Erisipela,40,boletin_pdf,95.5,15.864005379054392,127.22801075810878,-3.4984859544537166,False,False,False,0,False
2024,18,2024-04-29,Nuevo León,Monterrey,Escarlatina,6,boletin_pdf,24.0,29.34848093740685,82.6969618748137,-0.6133196480727438,False,False,False,0,False
2024,18,2024-04-29,Nuevo León,Monterrey,Rubeola,0,boletin_pdf,0.0,0.0,0.0,0.0,False,False,False,0,False
2024,18,2024-04-29,Nuevo León,Monterrey,Sarampion,0,boletin_pdf,0.0,0.0,0.0,0.0,False,False,False,0,False
2024,19,2024-05-06,Ciudad de México,CDMX,Erisipela,4,boletin_pdf,13.0,9.309493362512628,31.618986725025255,-0.9667550799532344,False,False,False,0,False
2024,19,2024-05-06,Ciudad de México,CDMX,Escarlatina,8,boletin_pdf,18.0,12.110601416389967,42.22120283277994,-0.8257228238447705,False,False,False,0,False
2024,19,2024-05-06,Ciudad de México,CDMX,Rubeola,0,boletin_pdf,0.0,0.0,0.0,0.0,False,False,False,0,False
2024,19,2024-05-06,Ciudad de México,CDMX,Sarampion,0,boletin_pdf,0.0,0.0,0.0,0.0,False,False,False,0,False
2024,19,2024-05-06,Jalisco,Guadalajara,Erisipela,2,boletin_pdf,10.0,5.887840577551898,21.775681155103797,-1.3587324409735149,False,False,False,0,False
2024,19,2024-05-06,Jalisco,Guadalajara,Escarlatina,10,boletin_pdf,6.0,3.265986323710904,12.531972647421808,1.224744871391589,False,False,False,0,False
2024,19,2024-05-06,Jalisco,Guadalajara,Rubeola,0,boletin_pdf,0.0,0.0,0.0,0.0,False,False,False,0,False
2024,19,2024-05-06,Jalisco,Guadalajara,Sarampion,0,boletin_pdf,0.0,0.0,0.0,0.0,False,False,False,0,False
2024,19,2024-05-06,Nuevo León,Monterrey,Erisipela,48,boletin_pdf,97.5,24.78574859336174,147.0714971867235,-1.9971153912719575,False,False,False,0,False
2024,19,2024-05-06,Nuevo León,Monterrey,Escarlatina,16,boletin_pdf,11.5,7.187952884282608,25.875905768565218,0.6260475092762272,False,False,False,0,False
2024,19,2024-05-06,Nuevo León,Monterrey,Rubeola,0,boletin_pdf,0.0,0.0,0.0,0.0,False,False,False,0,False
2024,19,2024-05-06,Nuevo León,Monterrey,Sarampion,0,boletin_pdf,0.0,0.0,0.0,0.0,False,False,False,0,False
2024,20,2024-05-13,Ciudad de México,CDMX,Erisipela,10,boletin_pdf,6.0,4.320493798938574,14.640987597877148,0.9258200997725514,False,False,False,0,False
2024,20,2024-05-13,Ciudad de México,CDMX,Escarlatina,24,boletin_pdf,19.0,13.316656236958787,45.63331247391757,0.3754696307413191,False,False,False,0,False
2024,20,2024-05-13,Ciudad de México,CDMX,Rubeola,0,boletin_pdf,0.0,0.0,0.0,0.0,False,False,False,0,False
2024,20,2024-05-13,Ciudad de México,CDMX,Sarampion,0,boletin_pdf,0.0,0.0,0.0,0.0,False,False,False,0,False
2024,20,2024-05-13,Jalisco,Guadalajara,Erisipela,10,boletin_pdf,6.0,2.8284271247461903,11.65685424949238,1.414213562373095,False,False,False,0,False
2024,20,2024-05-13,Jalisco,Guadalajara,Escarlatina,8,boletin_pdf,143.5,276.3445916484224,696.1891832968448,-0.4903298421428453,False,False,False,0,False
2024,20,2024-05-13,Jalisco,Guadalajara,Rubeola,0,boletin_pdf,0.0,0.0,0.0,0.0,False,False,False,0,False
2024,20,2024-05-13,Jalisco,Guadalajara,Sarampion,0,boletin_pdf,0.0,0.0,0.0,0.0,False,False,False,0,False
2024,20,2024-05-13,Nuevo León,Monterrey,Erisipela,66,boletin_pdf,87.0,46.88994206294849,180.77988412589698,-0.44785723923070886,False,False,False,0,False
2024,20,2024-05-13,Nuevo León,Monterrey,Escarlatina,16,boletin_pdf,172.0,324.0041152002034,820.0082304004068,-0.4814753661496151,False,False,False,0,False
2024,20,2024-05-13,Nuevo León,Monterrey,Rubeola,0,boletin_pdf,0.0,0.0,0.0,0.0,False,False,False,0,False
2024,20,2024-05-13,Nuevo León,Monterrey,Sarampion,0,boletin_pdf,0.0,0.0,0.0,0.0,False,False,False,0,False
2024,21,2024-05-20,Ciudad de México,CDMX,Erisipela,6,boletin_pdf,11.0,7.571877794400366,26.14375558880073,-0.6603381797442178,False,False,False,0,False
2024,21,2024-05-20,Ciudad de México,CDMX,Escarlatina,12,boletin_pdf,13.5,10.754843869934453,35.00968773986891,-0.13947203865909233,False,False,False,0,False
2024,21,2024-05-20,Ciudad de México,CDMX,Rubeola,0,boletin_pdf,0.0,0.0,0.0,0.0,False,False,False,0,False
2024,21,2024-05-20,Ciudad de México,CDMX,Sarampion,0,boletin_pdf,0.0,0.0,0.0,0.0,False,False,False,0,False
2024,21,2024-05-20,Jalisco,Guadalajara,Erisipela,8,boletin_pdf,7.5,3.415650255319866,14.331300510639732,0.14638501094227999,False,False,False,0,False
2024,21,2024-05-20,Jalisco,Guadalajara,Escarlatina,8,boletin_pdf,7.0,5.773502691896258,18.547005383792516,0.1732050807568877,False,False,False,0,False
2024,21,2024-05-20,Jalisco,Guadalajara,Rubeola,0,boletin_pdf,0.0,0.0,0.0,0.0,False,False,False,0,False
2024,21,2024-05-20,Jalisco,Guadalajara,Sarampion,0,boletin_pdf,0.0,0.0,0.0,0.0,False,False,False,0,False
2024,21,2024-05-20,Nuevo León,Monterrey,Erisipela,66,boletin_pdf,107.5,5.7445626465380295,118.98912529307606,-7.22422272216146,False,False,False,0,False
2024,21,2024-05-20,Nuevo León,Monterrey,Escarlatina,8,boletin_pdf,10.0,4.898979485566356,19.79795897113271,-0.4082482904638631,False,False,False,0,False
2024,21,2024-05-20,Nuevo León,Monterrey,Rubeola,0,boletin_pdf,0.0,0.0,0.0,0.0,False,False,False,0,False
2024,21,2024-05-20,Nuevo León,Monterrey,Sarampion,0,boletin_pdf,0.0,0.0,0.0,0.0,False,False,False,0,False
2024,22,2024-05-27,Ciudad de México,CDMX,Erisipela,14,boletin_pdf,11.0,8.717797887081348,28.435595774162696,0.3441236008058426,False,False,False,0,False
2024,22,2024-05-27,Ciudad de México,CDMX,Escarlatina,14,boletin_pdf,16.0,11.313708498984761,38.62741699796952,-0.17677669529663687,False,False,False,0,False
2024,22,2024-05-27,Ciudad de México,CDMX,Rubeola,0,boletin_pdf,0.0,0.0,0.0,0.0,False,False,False,0,False
2024,22,2024-05-27,Ciudad de México,CDMX,Sarampion,0,boletin_pdf,0.0,0.0,0.0,0.0,False,False,False,0,False
2024,22,2024-05-27,Jalisco,Guadalajara,Erisipela,2,boletin_pdf,9.0,2.581988897471611,14.163977794943222,-2.711088342345192,False,False,False,0,False
2024,22,2024-05-27,Jalisco,Guadalajara,Escarlatina,4,boletin_pdf,7.5,3.415650255319866,14.331300510639732,-1.02469507659596,False,False,False,0,False
2024,22,2024-05-27,Jalisco,Guadalajara,Rubeola,0,boletin_pdf,0.0,0.0,0.0,0.0,False,False,False,0,False
2024,22,2024-05-27,Jalisco,Guadalajara,Sarampion,0,boletin_pdf,0.0,0.0,0.0,0.0,False,False,False,0,False
2024,22,2024-05-27,Nuevo León,Monterrey,Erisipela,72,boletin_pdf,125.5,13.69914839202301,152.898296784046,-3.9053522503014095,False,False,False,0,False
2024,22,2024-05-27,Nuevo León,Monterrey,Escarlatina,10,boletin_pdf,14.0,4.320493798938574,22.64098759787715,-0.9258200997725514,False,False,False,0,False
2024,22,2024-05-27,Nuevo León,Monterrey,Rubeola,0,boletin_pdf,0.0,0.0,0.0,0.0,False,False,False,0,False
2024,22,2024-05-27,Nuevo León,Monterrey,Sarampion,0,boletin_pdf,0.0,0.0,0.0,0.0,False,False,False,0,False
2024,23,2024-06-03,Ciudad de México,CDMX,Erisipela,10,boletin_pdf,14.0,10.708252269472673,35.41650453894535,-0.3735436838188142,False,False,False,0,False
2024,23,2024-06-03,Ciudad de México,CDMX,Escarlatina,24,boletin_pdf,21.5,15.438048235879215,52.37609647175843,0.16193756890782393,False,False,False,0,False
2024,23,2024-06-03,Ciudad de México,CDMX,Rubeola,0,boletin_pdf,0.0,0.0,0.0,0.0,False,False,False,0,False
2024,23,2024-06-03,Ciudad de México,CDMX,Sarampion,0,boletin_pdf,0.0,0.0,0.0,0.0,False,False,False,0,False
2024,23,2024-06-03,Jalisco,Guadalajara,Erisipela,8,boletin_pdf,6.0,2.8284271247461903,11.65685424949238,0.7071067811865475,False,False,False,0,False
2024,23,2024-06-03,Jalisco,Guadalajara,Escarlatina,8,boletin_pdf,12.5,5.0,22.5,-0.9,False,False,False,0,False
2024,23,2024-06-03,Jalisco,Guadalajara,Rubeola,0,boletin_pdf,0.0,0.0,0.0,0.0,False,False,False,0,False
2024,23,2024-06-03,Jalisco,Guadalajara,Sarampion,0,boletin_pdf,0.0,0.0,0.0,0.0,False,False,False,0,False
2024,23,2024-06-03,Nuevo León,Monterrey,Erisipela,78,boletin_pdf,118.0,29.574764017091777,177.14952803418356,-1.3525044520011484,False,False,False,0,False
2024,23,2024-06-03,Nuevo León,Monterrey,Escarlatina,12,boletin_pdf,13.0,7.393691004272944,27.78738200854589,-0.13525044520011487,False,False,False,0,False
2024,23,2024-06-03,Nuevo León,Monterrey,Rubeola,0,boletin_pdf,0.0,0.0,0.0,0.0,False,False,False,0,False
2024,23,2024-06-03,Nuevo León,Monterrey,Sarampion,0,boletin_pdf,0.0,0.0,0.0,0.0,False,False,False,0,False
2024,24,2024-06-10,Ciudad de México,CDMX,Erisipela,10,boletin_pdf,12.5,9.146948489341495,30.79389697868299,-0.2733151939046264,False,False,False,0,False
2024,24,2024-06-10,Ciudad de México,CDMX,Escarlatina,18,boletin_pdf,26.5,18.28478420253664,63.06956840507328,-0.46486739497974494,False,False,False,0,False
2024,24,2024-06-10,Ciudad de México,CDMX,Rubeola,0,boletin_pdf,0.0,0.0,0.0,0.0,False,False,False,0,False
2024,24,2024-06-10,Ciudad de México,CDMX,Sarampion,0,boletin_pdf,0.0,0.0,0.0,0.0,False,False,False,0,False
2024,24,2024-06-10,Jalisco,Guadalajara,Erisipela,6,boletin_pdf,14.5,5.972157622389639,26.444315244779276,-1.4232712090741664,False,False,False,0,False
2024,24,2024-06-10,Jalisco,Guadalajara,Escarlatina,4,boletin_pdf,8.5,5.0,18.5,-0.9,False,False,False,0,False
2024,24,2024-06-10,Jalisco,Guadalajara,Rubeola,0,boletin_pdf,0.0,0.0,0.0,0.0,False,False,False,0,False
2024,24,2024-06-10,Jalisco,Guadalajara,Sarampion,0,boletin_pdf,0.0,0.0,0.0,0.0,False,False,False,0,False
2024,24,2024-06-10,Nuevo León,Monterrey,Erisipela,78,boletin_pdf,117.5,11.0,139.5,-3.590909090909091,False,False,False,0,False
2024,24,2024-06-10,Nuevo León,Monterrey,Escarlatina,6,boletin_pdf,5.5,1.9148542155126762,9.329708431025352,0.26111648393354675,False,False,False,0,False
2024,24,2024-06-10,Nuevo León,Monterrey,Rubeola,0,boletin_pdf,0.0,0.0,0.0,0.0,False,False,False,0,False
2024,24,2024-06-10,Nuevo León,Monterrey,Sarampion,0,boletin_pdf,0.0,0.0,0.0,0.0,False,False,False,0,False
2024,25,2024-06-17,Ciudad de México,CDMX,Erisipela,6,boletin_pdf,13.0,10.0,33.0,-0.7,False,False,False,0,False
2024,25,2024-06-17,Ciudad de México,CDMX,Escarlatina,4,boletin_pdf,24.0,16.0,56.0,-1.25,False,False,False,0,False
2024,25,2024-06-17,Ciudad de México,CDMX,Rubeola,0,boletin_pdf,0.0,0.0,0.0,0.0,False,False,False,0,False
2024,25,2024-06-17,Ciudad de México,CDMX,Sarampion,0,boletin_pdf,0.0,0.0,0.0,0.0,False,False,False,0,False
2024,25,2024-06-17,Jalisco,Guadalajara,Erisipela,10,boletin_pdf,12.5,3.0,18.5,-0.8333333333333334,False,False,False,0,False
2024,25,2024-06-17,Jalisco,Guadalajara,Escarlatina,10,boletin_pdf,7.0,4.163331998932265,15.32666399786453,0.7205766921228921,False,False,False,0,False
2024,25,2024-06-17,Jalisco,Guadalajara,Rubeola,0,boletin_pdf,0.0,0.0,0.0,0.0,False,False,False,0,False
2024,25,2024-06-17,Jalisco,Guadalajara,Sarampion,0,boletin_pdf,0.0,0.0,0.0,0.0,False,False,False,0,False
2024,25,2024-06-17,Nuevo León,Monterrey,Erisipela,68,boletin_pdf,145.0,22.538855339169285,190.07771067833858,-3.4163225612520387,False,False,False,0,False
2024,25,2024-06-17,Nuevo León,Monterrey,Escarlatina,10,boletin_pdf,17.5,6.8068592855540455,31.11371857110809,-1.1018297404673816,False,False,False,0,False
2024,25,2024-06-17,Nuevo León,Monterrey,Rubeola,0,boletin_pdf,0.0,0.0,0.0,0.0,False,False,False,0,False
2024,25,2024-06-17,Nuevo León,Monterrey,Sarampion,0,boletin_pdf,0.0,0.0,0.0,0.0,False,False,False,0,False
2024,26,2024-06-24,Ciudad de México,CDMX,Erisipela,8,boletin_pdf,9.0,7.393691004272944,23.78738200854589,-0.13525044520011487,False,False,False,0,False
2024,26,2024-06-24,Ciudad de México,CDMX,Escarlatina,10,boletin_pdf,17.5,13.403979508588733,44.30795901717747,-0.559535322714743,False,False,False,0,False
2024,26,2024-06-24,Ciudad de México,CDMX,Rubeola,0,boletin_pdf,0.0,0.0,0.0,0.0,False,False,False,0,False
2024,26,2024-06-24,Ciudad de México,CDMX,Sarampion,0,boletin_pdf,0.0,0.0,0.0,0.0,False,False,False,0,False
2024,26,2024-06-24,Jalisco,Guadalajara,Erisipela,4,boletin_pdf,12.0,4.320493798938574,20.64098759787715,-1.8516401995451028,False,False,False,0,False
2024,26,2024-06-24,Jalisco,Guadalajara,Escarlatina,10,boletin_pdf,4.5,3.415650255319866,11.331300510639732,1.6102351203650798,False,False,False,0,False
2024,26,2024-06-24,Jalisco,Guadalajara,Rubeola,0,boletin_pdf,0.0,0.0,0.0,0.0,False,False,False,0,False
2024,26,2024-06-24,Jalisco,Guadalajara,Sarampion,0,boletin_pdf,0.0,0.0,0.0,0.0,False,False,False,0,False
2024,26,2024-06-24,Nuevo León,Monterrey,Erisipela,64,boletin_pdf,125.5,21.06339637063944,167.62679274127888,-2.919757047620568,False,False,False,0,False
2024,26,2024-06-24,Nuevo León,Monterrey,Escarlatina,2,boletin_pdf,11.5,5.507570547286102,22.515141094572204,-1.7248984681060868,False,False,False,0,False
2024,26,2024-06-24,Nuevo León,Monterrey,Rubeola,0,boletin_pdf,0.0,0.0,0.0,0.0,False,False,False,0,False
2024,26,2024-06-24,Nuevo León,Monterrey,Sarampion,0,boletin_pdf,0.0,0.0,0.0,0.0,False,False,False,0,False
2024,27,2024-07-01,Ciudad de México,CDMX,Erisipela,4,boletin_pdf,12.0,8.48528137423857,28.97056274847714,-0.9428090415820635,False,False,False,0,False
2024,27,2024-07-01,Ciudad de México,CDMX,Escarlatina,14,boletin_pdf,13.0,10.392304845413264,33.78460969082653,0.09622504486493763,False,False,False,0,False
2024,27,2024-07-01,Ciudad de México,CDMX,Rubeola,0,boletin_pdf,0.0,0.0,0.0,0.0,False,False,False,0,False
2024,27,2024-07-01,Ciudad de México,CDMX,Sarampion,0,boletin_pdf,0.0,0.0,0.0,0.0,False,False,False,0,False
2024,27,2024-07-01,Jalisco,Guadalajara,Erisipela,4,boletin_pdf,12.5,5.744562646538029,23.989125293076057,-1.4796600756234317,False,False,False,0,False
2024,27,2024-07-01,Jalisco,Guadalajara,Escarlatina,0,boletin_pdf,4.5,6.60807586719967,17.71615173439934,-0.6809849176121797,False,False,False,0,False
2024,27,2024-07-01,Jalisco,Guadalajara,Rubeola,0,boletin_pdf,0.0,0.0,0.0,0.0,False,False,False,0,False
2024,27,2024-07-01,Jalisco,Guadalajara,Sarampion,0,boletin_pdf,0.0,0.0,0.0,0.0,False,False,False,0,False
2024,27,2024-07-01,Nuevo León,Monterrey,Erisipela,62,boletin_pdf,117.5,12.041594578792296,141.5831891575846,-4.609024131882568,False,False,False,0,False
2024,27,2024-07-01,Nuevo León,Monterrey,Escarlatina,6,boletin_pdf,12.0,8.16496580927726,28.32993161855452,-0.7348469228349533,False,False,False,0,False
2024,27,2024-07-01,Nuevo León,Monterrey,Rubeola,0,boletin_pdf,0.0,0.0,0.0,0.0,False,False,False,0,False
2024,27,2024-07-01,Nuevo León,Monterrey,Sarampion,0,boletin_pdf,0.0,0.0,0.0,0.0,False,False,False,0,False
2024,28,2024-07-08,Ciudad de México,CDMX,Erisipela,14,boletin_pdf,8.5,5.972157622389639,20.444315244779276,0.9209401941068136,False,False,False,0,False
2024,28,2024-07-08,Ciudad de México,CDMX,Escarlatina,6,boletin_pdf,11.5,7.724420150837646,26.94884030167529,-0.71202755580347,False,False,False,0,False
2024,28,2024-07-08,Ciudad de México,CDMX,Rubeola,0,boletin_pdf,0.0,0.0,0.0,0.0,False,False,False,0,False
2024,28,2024-07-08,Ciudad de México,CDMX,Sarampion,0,boletin_pdf,0.0,0.0,0.0,0.0,False,False,False,0,False
2024,28,2024-07-08,Jalisco,Guadalajara,Erisipela,8,boletin_pdf,11.5,4.43471156521669,20.369423130433383,-0.7892283294029703,False,False,False,0,False
2024,28,2024-07-08,Jalisco,Guadalajara,Escarlatina,4,boletin_pdf,5.0,3.4641016151377544,11.928203230275509,-0.2886751345948129,False,False,False,0,False
2024,28,2024-07-08,Jalisco,Guadalajara,Rubeola,0,boletin_pdf,0.0,0.0,0.0,0.0,False,False,False,0,False
2024,28,2024-07-08,Jalisco,Guadalajara,Sarampion,0,boletin_pdf,0.0,0.0,0.0,0.0,False,False,False,0,False
2024,28,2024-07-08,Nuevo León,Monterrey,Erisipela,54,boletin_pdf,112.0,20.720360357226735,153.44072071445348,-2.799179116581873,False,False,False,0,False
2024,28,2024-07-08,Nuevo León,Monterrey,Escarlatina,0,boletin_pdf,9.5,7.724420150837645,24.94884030167529,-1.2298657782059939,False,False,False,0,False
2024,28,2024-07-08,Nuevo León,Monterrey,Rubeola,0,boletin_pdf,0.0,0.0,0.0,0.0,False,False,False,0,False
2024,28,2024-07-08,Nuevo León,Monterrey,Sarampion,0,boletin_pdf,0.0,0.0,0.0,0.0,False,False,False,0,False
2024,29,2024-07-15,Ciudad de México,CDMX,Erisipela,2,boletin_pdf,10.5,7.724420150837646,25.94884030167529,-1.1004062226053628,False,False,False,0,False
2024,29,2024-07-15,Ciudad de México,CDMX,Escarlatina,4,boletin_pdf,18.0,12.328828005937952,42.6576560118759,-1.135549947915338,False,False,False,0,False
2024,29,2024-07-15,Ciudad de México,CDMX,Rubeola,0,boletin_pdf,0.0,0.0,0.0,0.0,False,False,False,0,False
2024,29,2024-07-15,Ciudad de México,CDMX,Sarampion,0,boletin_pdf,0.0,0.0,0.0,0.0,False,False,False,0,False
2024,29,2024-07-15,Jalisco,Guadalajara,Erisipela,6,boletin_pdf,5.0,2.0,9.0,0.5,False,False,False,0,False
2024,29,2024-07-15,Jalisco,Guadalajara,Escarlatina,4,boletin_pdf,4.5,5.259911279353167,15.019822558706334,-0.09505863757867168,False,False,False,0,False
2024,29,2024-07-15,Jalisco,Guadalajara,Rubeola,0,boletin_pdf,0.0,0.0,0.0,0.0,False,False,False,0,False
2024,29,2024-07-15,Jalisco,Guadalajara,Sarampion,0,boletin_pdf,0.0,0.0,0.0,0.0,False,False,False,0,False
2024,29,2024-07-15,Nuevo León,Monterrey,Erisipela,70,boletin_pdf,114.0,9.380831519646858,132.76166303929372,-4.690415759823431,False,False,False,0,False
2024,29,2024-07-15,Nuevo León,Monterrey,Escarlatina,4,boletin_pdf,9.5,5.972157622389639,21.444315244779276,-0.9209401941068136,False,False,False,0,False
2024,29,2024-07-15,Nuevo León,Monterrey,Rubeola,0,boletin_pdf,0.0,0.0,0.0,0.0,False,False,False,0,False
2024,29,2024-07-15,Nuevo León,Monterrey,Sarampion,0,boletin_pdf,0.0,0.0,0.0,0.0,False,False,False,0,False
2024,30,2024-07-22,Ciudad de México,CDMX,Erisipela,4,boletin_pdf,6.0,6.324555320336759,18.64911064067352,-0.31622776601683794,False,False,False,0,False
2024,30,2024-07-22,Ciudad de México,CDMX,Escarlatina,8,boletin_pdf,9.0,7.393691004272944,23.78738200854589,-0.13525044520011487,False,False,False,0,False
2024,30,2024-07-22,Ciudad de México,CDMX,Rubeola,0,boletin_pdf,0.0,0.0,0.0,0.0,False,False,False,0,False
2024,30,2024-07-22,Ciudad de México,CDMX,Sarampion,0,boletin_pdf,0.0,0.0,0.0,0.0,False,False,False,0,False
2024,30,2024-07-22,Jalisco,Guadalajara,Erisipela,8,boletin_pdf,8.5,4.123105625617661,16.746211251235323,-0.12126781251816648,False,False,False,0,False
2024,30,2024-07-22,Jalisco,Guadalajara,Escarlatina,2,boletin_pdf,9.0,2.0,13.0,-3.5,False,False,False,0,False
2024,30,2024-07-22,Jalisco,Guadalajara,Rubeola,0,boletin_pdf,0.0,0.0,0.0,0.0,False,False,False,0,False
2024,30,2024-07-22,Jalisco,Guadalajara,Sarampion,0,boletin_pdf,0.0,0.0,0.0,0.0,False,False,False,0,False
2024,30,2024-07-22,Nuevo León,Monterrey,Erisipela,60,boletin_pdf,121.0,12.055427546683415,145.11085509336684,-5.0599615620253795,False,False,False,0,False
2024,30,2024-07-22,Nuevo León,Monterrey,Escarlatina,4,boletin_pdf,4.5,1.914854215512676,8.329708431025352,-0.2611164839335468,False,False,False,0,False
2024,30,2024-07-22,Nuevo León,Monterrey,Rubeola,0,boletin_pdf,0.0,0.0,0.0,0.0,False,False,False,0,False
2024,30,2024-07-22,Nuevo León,Monterrey,Sarampion,0,boletin_pdf,0.0,0.0,0.0,0.0,False,False,False,0,False
2024,31,2024-07-29,Ciudad de México,CDMX,Erisipela,12,boletin_pdf,9.0,6.2182527020592095,21.43650540411842,0.4824506406770077,False,False,False,0,False
2024,31,2024-07-29,Ciudad de México,CDMX,Escarlatina,8,boletin_pdf,10.5,7.724420150837646,25.94884030167529,-0.3236488890015773,False,False,False,0,False
2024,31,2024-07-29,Ciudad de México,CDMX,Rubeola,0,boletin_pdf,0.0,0.0,0.0,0.0,False,False,False,0,False
2024,31,2024-07-29,Ciudad de México,CDMX,Sarampion,0,boletin_pdf,0.0,0.0,0.0,0.0,False,False,False,0,False
2024,31,2024-07-29,Jalisco,Guadalajara,Erisipela,2,boletin_pdf,9.5,6.191391873668904,21.882783747337808,-1.2113592796308723,False,False,False,0,False
2024,31,2024-07-29,Jalisco,Guadalajara,Escarlatina,4,boletin_pdf,5.5,4.43471156521669,14.36942313043338,-0.338240712601273,False,False,False,0,False
2024,31,2024-07-29,Jalisco,Guadalajara,Rubeola,0,boletin_pdf,0.0,0.0,0.0,0.0,False,False,False,0,False
2024,31,2024-07-29,Jalisco,Guadalajara,Sarampion,0,boletin_pdf,0.0,0.0,0.0,0.0,False,False,False,0,False
2024,31,2024-07-29,Nuevo León,Monterrey,Erisipela,64,boletin_pdf,107.5,16.11417595369576,139.72835190739153,-2.6994864723456953,False,False,False,0,False
2024,31,2024-07-29,Nuevo León,Monterrey,Escarlatina,2,boletin_pdf,3.5,2.5166114784235836,8.533222956847167,-0.5960395606792697,False,False,False,0,False
2024,31,2024-07-29,Nuevo León,Monterrey,Rubeola,0,boletin_pdf,0.0,0.0,0.0,0.0,False,False,False,0,False
2024,31,2024-07-29,Nuevo León,Monterrey,Sarampion,0,boletin_pdf,0.0,0.0,0.0,0.0,False,False,False,0,False
2024,32,2024-08-05,Ciudad de México,CDMX,Erisipela,14,boletin_pdf,8.0,7.483314773547883,22.966629547095764,0.8017837257372732,False,False,False,0,False
2024,32,2024-08-05,Ciudad de México,CDMX,Escarlatina,6,boletin_pdf,14.5,11.704699910719626,37.90939982143925,-0.7262040090592468,False,False,False,0,False
2024,32,2024-08-05,Ciudad de México,CDMX,Rubeola,0,boletin_pdf,0.0,0.0,0.0,0.0,False,False,False,0,False
2024,32,2024-08-05,Ciudad de México,CDMX,Sarampion,0,boletin_pdf,0.0,0.0,0.0,0.0,False,False,False,0,False
2024,32,2024-08-05,Jalisco,Guadalajara,Erisipela,4,boletin_pdf,11.0,5.033222956847167,21.066445913694334,-1.3907589749182958,False,False,False,0,False
2024,32,2024-08-05,Jalisco,Guadalajara,Escarlatina,2,boletin_pdf,7.0,3.4641016151377544,13.928203230275509,-1.4433756729740645,False,False,False,0,False
2024,32,2024-08-05,Jalisco,Guadalajara,Rubeola,0,boletin_pdf,0.0,0.0,0.0,0.0,False,False,False,0,False
2024,32,2024-08-05,Jalisco,Guadalajara,Sarampion,0,boletin_pdf,0.0,0.0,0.0,0.0,False,False,False,0,False
2024,32,2024-08-05,Nuevo León,Monterrey,Erisipela,52,boletin_pdf,116.0,16.32993161855452,148.65986323710905,-3.919183588453085,False,False,False,0,False
2024,32,2024-08-05,Nuevo León,Monterrey,Escarlatina,2,boletin_pdf,6.0,1.632993161855452,9.265986323710905,-2.449489742783178,False,False,False,0,False
2024,32,2024-08-05,Nuevo León,Monterrey,Rubeola,0,boletin_pdf,0.0,0.0,0.0,0.0,False,False,False,0,False
2024,32,2024-08-05,Nuevo León,Monterrey,Sarampion,0,boletin_pdf,0.0,0.0,0.0,0.0,False,False,False,0,False
2024,33,2024-08-12,Ciudad de México,CDMX,Erisipela,14,boletin_pdf,10.0,6.928203230275509,23.856406460551018,0.5773502691896258,False,False,False,0,False
2024,33,2024-08-12,Ciudad de México,CDMX,Escarlatina,6,boletin_pdf,11.0,10.0,31.0,-0.5,False,False,False,0,False
2024,33,2024-08-12,Ciudad de México,CDMX,Rubeola,0,boletin_pdf,0.0,0.0,0.0,0.0,False,False,False,0,False
2024,33,2024-08-12,Ciudad de México,CDMX,Sarampion,0,boletin_pdf,0.0,0.0,0.0,0.0,False,False,False,0,False
2024,33,2024-08-12,Jalisco,Guadalajara,Erisipela,2,boletin_pdf,7.5,1.9148542155126762,11.329708431025352,-2.8722813232690143,False,False,False,0,False
2024,33,2024-08-12,Jalisco,Guadalajara,Escarlatina,2,boletin_pdf,4.0,3.265986323710904,10.531972647421808,-0.6123724356957945,False,False,False,0,False
2024,33,2024-08-12,Jalisco,Guadalajara,Rubeola,0,boletin_pdf,0.0,0.0,0.0,0.0,False,False,False,0,False
2024,33,2024-08-12,Jalisco,Guadalajara,Sarampion,0,boletin_pdf,0.0,0.0,0.0,0.0,False,False,False,0,False
2024,33,2024-08-12,Nuevo León,Monterrey,Erisipela,70,boletin_pdf,112.0,27.80887148615228,167.61774297230457,-1.51030939967896,False,False,False,0,False
2024,33,2024-08-12,Nuevo León,Monterrey,Escarlatina,2,boletin_pdf,0.5,1.0,2.5,1.5,False,True,True,2,True
2024,33,2024-08-12,Nuevo León,Monterrey,Rubeola,0,boletin_pdf,0.0,0.0,0.0,0.0,False,False,False,0,False
2024,33,2024-08-12,Nuevo León,Monterrey,Sarampion,0,boletin_pdf,0.0,0.0,0.0,0.0,False,False,False,0,False
2024,34,2024-08-19,Ciudad de México,CDMX,Erisipela,10,boletin_pdf,7.0,6.2182527020592095,19.43650540411842,0.4824506406770077,False,False,False,0,False
2024,34,2024-08-19,Ciudad de México,CDMX,Escarlatina,4,boletin_pdf,9.0,6.6332495807108,22.2664991614216,-0.753778361444409,False,False,False,0,False
2024,34,2024-08-19,Ciudad de México,CDMX,Rubeola,0,boletin_pdf,0.0,0.0,0.0,0.0,False,False,False,0,False
2024,34,2024-08-19,Ciudad de México,CDMX,Sarampion,0,boletin_pdf,0.0,0.0,0.0,0.0,False,False,False,0,False
2024,34,2024-08-19,Jalisco,Guadalajara,Erisipela,10,boletin_pdf,5.5,5.0,15.5,0.9,False,False,False,0,False
2024,34,2024-08-19,Jalisco,Guadalajara,Escarlatina,12,boletin_pdf,5.0,4.760952285695232,14.521904571390465,1.4702940882294107,False,False,False,0,False
2024,34,2024-08-19,Jalisco,Guadalajara,Rubeola,0,boletin_pdf,0.0,0.0,0.0,0.0,False,False,False,0,False
2024,34,2024-08-19,Jalisco,Guadalajara,Sarampion,0,boletin_pdf,0.0,0.0,0.0,0.0,False,False,False,0,False
2024,34,2024-08-19,Nuevo León,Monterrey,Erisipela,62,boletin_pdf,117.0,19.493588689617926,155.98717737923585,-2.821440468234174,False,False,False,0,False
2024,34,2024-08-19,Nuevo León,Monterrey,Escarlatina,2,boletin_pdf,6.0,2.8284271247461903,11.65685424949238,-1.414213562373095,False,False,False,0,False
2024,34,2024-08-19,Nuevo León,Monterrey,Rubeola,0,boletin_pdf,0.0,0.0,0.0,0.0,False,False,False,0,False
2024,34,2024-08-19,Nuevo León,Monterrey,Sarampion,0,boletin_pdf,0.0,0.0,0.0,0.0,False,False,False,0,False
2024,35,2024-08-26,Ciudad de México,CDMX,Erisipela,4,boletin_pdf,9.5,7.54983443527075,24.5996688705415,-0.7284927963857741,False,False,False,0,False
2024,35,2024-08-26,Ciudad de México,CDMX,Escarlatina,2,boletin_pdf,9.0,9.591663046625438,28.183326093250876,-0.7298004491997617,False,False,False,0,False
2024,35,2024-08-26,Ciudad de México,CDMX,Rubeola,0,boletin_pdf,0.0,0.0,0.0,0.0,False,False,False,0,False
2024,35,2024-08-26,Ciudad de México,CDMX,Sarampion,0,boletin_pdf,0.0,0.0,0.0,0.0,False,False,False,0,False
2024,35,2024-08-26,Jalisco,Guadalajara,Erisipela,12,boletin_pdf,9.5,4.725815626252608,18.951631252505216,0.5290092118939488,False,False,False,0,False
2024,35,2024-08-26,Jalisco,Guadalajara,Escarlatina,4,boletin_pdf,6.0,2.309401076758503,10.618802153517006,-0.8660254037844387,False,False,False,0,False
2024,35,2024-08-26,Jalisco,Guadalajara,Rubeola,0,boletin_pdf,0.0,0.0,0.0,0.0,False,False,False,0,False
2024,35,2024-08-26,Jalisco,Guadalajara,Sarampion,0,boletin_pdf,0.0,0.0,0.0,0.0,False,False,False,0,False
2024,35,2024-08-26,Nuevo León,Monterrey,Erisipela,82,boletin_pdf,114.0,19.6638416050035,153.327683210007,-1.627352408689945,False,False,False,0,False
2024,35,2024-08-26,Nuevo León,Monterrey,Escarlatina,6,boletin_pdf,6.5,5.0,16.5,-0.1,False,False,False,0,False
2024,35,2024-08-26,Nuevo León,Monterrey,Rubeola,0,boletin_pdf,0.0,0.0,0.0,0.0,False,False,False,0,False
2024,35,2024-08-26,Nuevo León,Monterrey,Sarampion,0,boletin_pdf,0.0,0.0,0.0,0.0,False,False,False,0,False
2024,36,2024-09-02,Ciudad de México,CDMX,Erisipela,4,boletin_pdf,10.0,7.118052168020874,24.23610433604175,-0.8429272304235246,False,False,False,0,False
2024,36,2024-09-02,Ciudad de México,CDMX,Escarlatina,4,boletin_pdf,7.0,6.831300510639732,20.662601021279464,-0.43915503282683993,False,False,False,0,False
2024,36,2024-09-02,Ciudad de México,CDMX,Rubeola,0,boletin_pdf,0.0,0.0,0.0,0.0,False,False,False,0,False
2024,36,2024-09-02,Ciudad de México,CDMX,Sarampion,0,boletin_pdf,0.0,0.0,0.0,0.0,False,False,False,0,False
2024,36,2024-09-02,Jalisco,Guadalajara,Erisipela,14,boletin_pdf,7.5,7.187952884282608,21.875905768565218,0.9042908467323282,False,False,False,0,False
2024,36,2024-09-02,Jalisco,Guadalajara,Escarlatina,4,boletin_pdf,6.0,5.163977794943222,16.327955589886443,-0.3872983346207417,False,False,False,0,False
2024,36,2024-09-02,Jalisco,Guadalajara,Rubeola,0,boletin_pdf,0.0,0.0,0.0,0.0,False,False,False,0,False
2024,36,2024-09-02,Jalisco,Guadalajara,Sarampion,0,boletin_pdf,0.0,0.0,0.0,0.0,False,False,False,0,False
2024,36,2024-09-02,Nuevo León,Monterrey,Erisipela,46,boletin_pdf,107.0,20.165977949672232,147.33195589934445,-3.0248966924508345,False,False,False,0,False
2024,36,2024-09-02,Nuevo León,Monterrey,Escarlatina,2,boletin_pdf,6.5,5.259911279353167,17.019822558706334,-0.8555277382080452,False,False,False,0,False
2024,36,2024-09-02,Nuevo León,Monterrey,Rubeola,0,boletin_pdf,0.0,0.0,0.0,0.0,False,False,False,0,False
2024,36,2024-09-02,Nuevo León,Monterrey,Sarampion,0,boletin_pdf,0.0,0.0,0.0,0.0,False,False,False,0,False
2024,37,2024-09-09,Ciudad de México,CDMX,Erisipela,4,boletin_pdf,12.5,8.386497083606082,29.272994167212165,-1.0135340077343844,False,False,False,0,False
2024,37,2024-09-09,Ciudad de México,CDMX,Escarlatina,8,boletin_pdf,10.5,8.225975119502044,26.951950239004088,-0.3039153369274154,False,False,False,0,False
2024,37,2024-09-09,Ciudad de México,CDMX,Rubeola,0,boletin_pdf,0.0,0.0,0.0,0.0,False,False,False,0,False
2024,37,2024-09-09,Ciudad de México,CDMX,Sarampion,0,boletin_pdf,0.0,0.0,0.0,0.0,False,False,False,0,False
2024,37,2024-09-09,Jalisco,Guadalajara,Erisipela,4,boletin_pdf,9.5,5.0,19.5,-1.1,False,False,False,0,False
2024,37,2024-09-09,Jalisco,Guadalajara,Escarlatina,8,boletin_pdf,8.5,6.403124237432849,21.306248474865697,-0.07808688094430302,False,False,False,0,False
2024,37,2024-09-09,Jalisco,Guadalajara,Rubeola,0,boletin_pdf,0.0,0.0,0.0,0.0,False,False,False,0,False
2024,37,2024-09-09,Jalisco,Guadalajara,Sarampion,0,boletin_pdf,0.0,0.0,0.0,0.0,False,False,False,0,False
2024,37,2024-09-09,Nuevo León,Monterrey,Erisipela,46,boletin_pdf,100.0,17.73884626086676,135.47769252173353,-3.0441664134114568,False,False,False,0,False
2024,37,2024-09-09,Nuevo León,Monterrey,Escarlatina,2,boletin_pdf,4.5,1.0,6.5,-2.5,False,False,False,0,False
2024,37,2024-09-09,Nuevo León,Monterrey,Rubeola,0,boletin_pdf,0.0,0.0,0.0,0.0,False,False,False,0,False
2024,37,2024-09-09,Nuevo León,Monterrey,Sarampion,0,boletin_pdf,0.0,0.0,0.0,0.0,False,False,False,0,False
2024,38,2024-09-16,Ciudad de México,CDMX,Erisipela,6,boletin_pdf,10.0,10.583005244258363,31.166010488516726,-0.3779644730092272,False,False,False,0,False
2024,38,2024-09-16,Ciudad de México,CDMX,Escarlatina,6,boletin_pdf,6.5,5.972157622389639,18.444315244779276,-0.08372183582789214,False,False,False,0,False
2024,38,2024-09-16,Ciudad de México,CDMX,Rubeola,0,boletin_pdf,0.0,0.0,0.0,0.0,False,False,False,0,False
2024,38,2024-09-16,Ciudad de México,CDMX,Sarampion,0,boletin_pdf,0.0,0.0,0.0,0.0,False,False,False,0,False
2024,38,2024-09-16,Jalisco,Guadalajara,Erisipela,8,boletin_pdf,7.5,2.516611478423583,12.533222956847165,0.1986798535597566,False,False,False,0,False
2024,38,2024-09-16,Jalisco,Guadalajara,Escarlatina,8,boletin_pdf,10.0,5.656854249492381,21.31370849898476,-0.35355339059327373,False,False,False,0,False
2024,38,2024-09-16,Jalisco,Guadalajara,Rubeola,0,boletin_pdf,0.0,0.0,0.0,0.0,False,False,False,0,False
2024,38,2024-09-16,Jalisco,Guadalajara,Sarampion,0,boletin_pdf,0.0,0.0,0.0,0.0,False,False,False,0,False
2024,38,2024-09-16,Nuevo León,Monterrey,Erisipela,56,boletin_pdf,98.0,4.320493798938572,106.64098759787714,-9.721111047611794,False,False,False,0,False
2024,38,2024-09-16,Nuevo León,Monterrey,Escarlatina,6,boletin_pdf,9.0,6.0,21.0,-0.5,False,False,False,0,False
2024,38,2024-09-16,Nuevo León,Monterrey,Rubeola,0,boletin_pdf,0.0,0.0,0.0,0.0,False,False,False,0,False
2024,38,2024-09-16,Nuevo León,Monterrey,Sarampion,0,boletin_pdf,0.0,0.0,0.0,0.0,False,False,False,0,False
2024,39,2024-09-23,Ciudad de México,CDMX,Erisipela,4,boletin_pdf,12.0,10.708252269472673,33.41650453894535,-0.7470873676376284,False,False,False,0,False
2024,39,2024-09-23,Ciudad de México,CDMX,Escarlatina,4,boletin_pdf,9.5,8.06225774829855,25.6245154965971,-0.6821910402406466,False,False,False,0,False
2024,39,2024-09-23,Ciudad de México,CDMX,Rubeola,0,boletin_pdf,0.0,0.0,0.0,0.0,False,False,False,0,False
2024,39,2024-09-23,Ciudad de México,CDMX,Sarampion,0,boletin_pdf,0.0,0.0,0.0,0.0,False,False,False,0,False
2024,39,2024-09-23,Jalisco,Guadalajara,Erisipela,8,boletin_pdf,9.0,8.406346808612328,25.812693617224657,-0.11895773785772161,False,False,False,0,False
2024,39,2024-09-23,Jalisco,Guadalajara,Escarlatina,12,boletin_pdf,5.0,3.8297084310253524,12.659416862050705,1.8278153875348273,False,False,False,0,False
2024,39,2024-09-23,Jalisco,Guadalajara,Rubeola,0,boletin_pdf,0.0,0.0,0.0,0.0,False,False,False,0,False
2024,39,2024-09-23,Jalisco,Guadalajara,Sarampion,0,boletin_pdf,0.0,0.0,0.0,0.0,False,False,False,0,False
2024,39,2024-09-23,Nuevo León,Monterrey,Erisipela,78,boletin_pdf,123.5,10.630145812734648,144.7602916254693,-4.280279951145368,False,False,False,0,False
2024,39,2024-09-23,Nuevo León,Monterrey,Escarlatina,6,boletin_pdf,10.5,9.146948489341495,28.79389697868299,-0.49196734902832745,False,False,False,0,False
2024,39,2024-09-23,Nuevo León,Monterrey,Rubeola,0,boletin_pdf,0.0,0.0,0.0,0.0,False,False,False,0,False
2024,39,2024-09-23,Nuevo León,Monterrey,Sarampion,0,boletin_pdf,0.0,0.0,0.0,0.0,False,False,False,0,False
2024,40,2024-09-30,Ciudad de México,CDMX,Erisipela,8,boletin_pdf,10.0,7.118052168020874,24.23610433604175,-0.2809757434745082,False,False,False,0,False
2024,40,2024-09-30,Ciudad de México,CDMX,Escarlatina,12,boletin_pdf,14.0,14.787382008545888,43.57476401709178,-0.13525044520011487,False,False,False,0,False
2024,40,2024-09-30,Ciudad de México,CDMX,Rubeola,0,boletin_pdf,0.0,0.0,0.0,0.0,False,False,False,0,False
2024,40,2024-09-30,Ciudad de México,CDMX,Sarampion,0,boletin_pdf,0.0,0.0,0.0,0.0,False,False,False,0,False
2024,40,2024-09-30,Jalisco,Guadalajara,Erisipela,14,boletin_pdf,9.5,1.9148542155126762,13.329708431025352,2.350048355401921,True,False,False,1,False
2024,40,2024-09-30,Jalisco,Guadalajara,Escarlatina,10,boletin_pdf,9.0,3.4641016151377544,15.928203230275509,0.2886751345948129,False,False,False,0,False
2024,40,2024-09-30,Jalisco,Guadalajara,Rubeola,0,boletin_pdf,0.0,0.0,0.0,0.0,False,False,False,0,False
2024,40,2024-09-30,Jalisco,Guadalajara,Sarampion,0,boletin_pdf,0.0,0.0,0.0,0.0,False,False,False,0,False
2024,40,2024-09-30,Nuevo León,Monterrey,Erisipela,62,boletin_pdf,85.5,5.972157622389639,97.44431524477928,-3.9349262839109307,False,False,False,0,False
2024,40,2024-09-30,Nuevo León,Monterrey,Escarlatina,0,boletin_pdf,11.5,7.54983443527075,26.5996688705415,-1.5232122106248003,False,False,False,0,False
2024,40,2024-09-30,Nuevo León,Monterrey,Rubeola,0,boletin_pdf,0.0,0.0,0.0,0.0,False,False,False,0,False
2024,40,2024-09-30,Nuevo León,Monterrey,Sarampion,0,boletin_pdf,0.0,0.0,0.0,0.0,False,False,False,0,False
2024,41,2024-10-07,Ciudad de México,CDMX,Erisipela,6,boletin_pdf,12.5,10.376254944182254,33.25250988836451,-0.6264302520481546,False,False,False,0,False
2024,41,2024-10-07,Ciudad de México,CDMX,Escarlatina,8,boletin_pdf,15.0,12.489995996796797,39.97999199359359,-0.560448538317805,False,False,False,0,False
2024,41,2024-10-07,Ciudad de México,CDMX,Rubeola,0,boletin_pdf,0.0,0.0,0.0,0.0,False,False,False,0,False
2024,41,2024-10-07,Ciudad de México,CDMX,Sarampion,0,boletin_pdf,0.0,0.0,0.0,0.0,False,False,False,0,False
2024,41,2024-10-07,Jalisco,Guadalajara,Erisipela,2,boletin_pdf,7.0,2.5819888974716108,12.163977794943222,-1.9364916731037087,False,False,False,0,False
2024,41,2024-10-07,Jalisco,Guadalajara,Escarlatina,4,boletin_pdf,7.0,5.291502622129181,17.583005244258363,-0.5669467095138409,False,False,False,0,False
2024,41,2024-10-07,Jalisco,Guadalajara,Rubeola,0,boletin_pdf,0.0,0.0,0.0,0.0,False,False,False,0,False
2024,41,2024-10-07,Jalisco,Guadalajara,Sarampion,0,boletin_pdf,0.0,0.0,0.0,0.0,False,False,False,0,False
2024,41,2024-10-07,Nuevo León,Monterrey,Erisipela,68,boletin_pdf,104.5,9.848857801796102,124.1977156035922,-3.7060135027377106,False,False,False,0,False
2024,41,2024-10-07,Nuevo León,Monterrey,Escarlatina,6,boletin_pdf,7.5,4.123105625617661,15.746211251235321,-0.36380343755449945,False,False,False,0,False
2024,41,2024-10-07,Nuevo León,Monterrey,Rubeola,0,boletin_pdf,0.0,0.0,0.0,0.0,False,False,False,0,False
2024,41,2024-10-07,Nuevo León,Monterrey,Sarampion,0,boletin_pdf,0.0,0.0,0.0,0.0,False,False,False,0,False
2024,42,2024-10-14,Ciudad de México,CDMX,Erisipela,6,boletin_pdf,16.0,13.9522996909709,43.9045993819418,-0.7167277238512448,False,False,False,0,False
2024,42,2024-10-14,Ciudad de México,CDMX,Escarlatina,16,boletin_pdf,12.5,10.115993936995679,32.73198787399136,0.34598676331744177,False,False,False,0,False
2024,42,2024-10-14,Ciudad de México,CDMX,Rubeola,0,boletin_pdf,0.0,0.0,0.0,0.0,False,False,False,0,False
2024,42,2024-10-14,Ciudad de México,CDMX,Sarampion,0,boletin_pdf,0.0,0.0,0.0,0.0,False,False,False,0,False
2024,42,2024-10-14,Jalisco,Guadalajara,Erisipela,8,boletin_pdf,7.5,5.972157622389639,19.444315244779276,0.08372183582789214,False,False,False,0,False
2024,42,2024-10-14,Jalisco,Guadalajara,Escarlatina,4,boletin_pdf,6.0,2.8284271247461903,11.65685424949238,-0.7071067811865475,False,False,False,0,False
2024,42,2024-10-14,Jalisco,Guadalajara,Rubeola,0,boletin_pdf,0.0,0.0,0.0,0.0,False,False,False,0,False
2024,42,2024-10-14,Jalisco,Guadalajara,Sarampion,0,boletin_pdf,0.0,0.0,0.0,0.0,False,False,False,0,False
2024,42,2024-10-14,Nuevo León,Monterrey,Erisipela,50,boletin_pdf,112.5,5.507570547286103,123.5151410945722,-11.348016237540044,False,False,False,0,False
2024,42,2024-10-14,Nuevo León,Monterrey,Escarlatina,8,boletin_pdf,9.0,5.773502691896258,20.547005383792516,-0.1732050807568877,False,False,False,0,False
2024,42,2024-10-14,Nuevo León,Monterrey,Rubeola,0,boletin_pdf,0.0,0.0,0.0,0.0,False,False,False,0,False
2024,42,2024-10-14,Nuevo León,Monterrey,Sarampion,0,boletin_pdf,0.0,0.0,0.0,0.0,False,False,False,0,False
2024,43,2024-10-21,Ciudad de México,CDMX,Erisipela,0,boletin_pdf,16.0,12.649110640673518,41.29822128134704,-1.2649110640673518,False,False,False,0,False
2024,43,2024-10-21,Ciudad de México,CDMX,Escarlatina,0,boletin_pdf,15.5,10.503967504392486,36.50793500878497,-1.4756328971427513,False,False,False,0,False
2024,43,2024-10-21,Ciudad de México,CDMX,Rubeola,0,boletin_pdf,0.0,0.0,0.0,0.0,False,False,False,0,False
2024,43,2024-10-21,Ciudad de México,CDMX,Sarampion,0,boletin_pdf,0.0,0.0,0.0,0.0,False,False,False,0,False
2024,43,2024-10-21,Jalisco,Guadalajara,Erisipela,0,boletin_pdf,12.5,4.123105625617661,20.746211251235323,-3.031695312954162,False,False,False,0,False
2024,43,2024-10-21,Jalisco,Guadalajara,Escarlatina,0,boletin_pdf,5.0,2.581988897471611,10.163977794943222,-1.9364916731037085,False,False,False,0,False
2024,43,2024-10-21,Jalisco,Guadalajara,Rubeola,0,boletin_pdf,0.0,0.0,0.0,0.0,False,False,False,0,False
2024,43,2024-10-21,Jalisco,Guadalajara,Sarampion,0,boletin_pdf,0.0,0.0,0.0,0.0,False,False,False,0,False
2024,43,2024-10-21,Nuevo León,Monterrey,Erisipela,0,boletin_pdf,104.0,23.03620339089466,150.0724067817893,-4.514632825351216,False,False,False,0,False
2024,43,2024-10-21,Nuevo León,Monterrey,Escarlatina,0,boletin_pdf,5.0,3.4641016151377544,11.928203230275509,-1.4433756729740645,False,False,False,0,False
2024,43,2024-10-21,Nuevo León,Monterrey,Rubeola,0,boletin_pdf,0.0,0.0,0.0,0.0,False,False,False,0,False
2024,43,2024-10-21,Nuevo León,Monterrey,Sarampion,0,boletin_pdf,0.0,0.0,0.0,0.0,False,False,False,0,False
2024,44,2024-10-28,Ciudad de México,CDMX,Erisipela,0,boletin_pdf,15.0,10.519822558706334,36.03964511741267,-1.4258795636800752,False,False,False,0,False
2024,44,2024-10-28,Ciudad de México,CDMX,Escarlatina,0,boletin_pdf,19.5,13.69914839202301,46.898296784046025,-1.4234461473061213,False,False,False,0,False
2024,44,2024-10-28,Ciudad de México,CDMX,Rubeola,0,boletin_pdf,0.0,0.0,0.0,0.0,False,False,False,0,False
2024,44,2024-10-28,Ciudad de México,CDMX,Sarampion,0,boletin_pdf,0.0,0.0,0.0,0.0,False,False,False,0,False
2024,44,2024-10-28,Jalisco,Guadalajara,Erisipela,0,boletin_pdf,11.0,5.291502622129181,21.583005244258363,-2.0788046015507495,False,False,False,0,False
2024,44,2024-10-28,Jalisco,Guadalajara,Escarlatina,0,boletin_pdf,5.0,2.0,9.0,-2.5,False,False,False,0,False
2024,44,2024-10-28,Jalisco,Guadalajara,Rubeola,0,boletin_pdf,0.0,0.0,0.0,0.0,False,False,False,0,False
2024,44,2024-10-28,Jalisco,Guadalajara,Sarampion,0,boletin_pdf,0.0,0.0,0.0,0.0,False,False,False,0,False
2024,44,2024-10-28,Nuevo León,Monterrey,Erisipela,0,boletin_pdf,101.0,14.832396974191322,130.66479394838265,-6.809418610878747,False,False,False,0,False
2024,44,2024-10-28,Nuevo León,Monterrey,Escarlatina,0,boletin_pdf,5.5,2.9999999999999996,11.5,-1.8333333333333337,False,False,False,0,False
2024,44,2024-10-28,Nuevo León,Monterrey,Rubeola,0,boletin_pdf,0.0,0.0,0.0,0.0,False,False,False,0,False
2024,44,2024-10-28,Nuevo León,Monterrey,Sarampion,0,boletin_pdf,0.0,0.0,0.0,0.0,False,False,False,0,False
2024,45,2024-11-04,Ciudad de México,CDMX,Erisipela,0,boletin_pdf,8.5,5.744562646538028,19.989125293076057,-1.479660075623432,False,False,False,0,False
2024,45,2024-11-04,Ciudad de México,CDMX,Escarlatina,0,boletin_pdf,15.0,10.893423092245461,36.786846184490926,-1.3769776380647352,False,False,False,0,False
2024,45,2024-11-04,Ciudad de México,CDMX,Rubeola,0,boletin_pdf,0.0,0.0,0.0,0.0,False,False,False,0,False
2024,45,2024-11-04,Ciudad de México,CDMX,Sarampion,0,boletin_pdf,0.0,0.0,0.0,0.0,False,False,False,0,False
2024,45,2024-11-04,Jalisco,Guadalajara,Erisipela,0,boletin_pdf,7.0,2.581988897471611,12.163977794943222,-2.711088342345192,False,False,False,0,False
2024,45,2024-11-04,Jalisco,Guadalajara,Escarlatina,0,boletin_pdf,7.0,2.581988897471611,12.163977794943222,-2.711088342345192,False,False,False,0,False
2024,45,2024-11-04,Jalisco,Guadalajara,Rubeola,0,boletin_pdf,0.0,0.0,0.0,0.0,False,False,False,0,False
2024,45,2024-11-04,Jalisco,Guadalajara,Sarampion,0,boletin_pdf,0.0,0.0,0.0,0.0,False,False,False,0,False
2024,45,2024-11-04,Nuevo León,Monterrey,Erisipela,0,boletin_pdf,72.0,11.31370849898476,94.62741699796952,-6.3639610306789285,False,False,False,0,False
2024,45,2024-11-04,Nuevo León,Monterrey,Escarlatina,0,boletin_pdf,8.0,4.320493798938574,16.64098759787715,-1.8516401995451028,False,False,False,0,False
2024,45,2024-11-04,Nuevo León,Monterrey,Rubeola,0,boletin_pdf,0.0,0.0,0.0,0.0,False,False,False,0,False
2024,45,2024-11-04,Nuevo León,Monterrey,Sarampion,0,boletin_pdf,0.0,0.0,0.0,0.0,False,False,False,0,False
2024,46,2024-11-11,Ciudad de México,CDMX,Erisipela,0,boletin_pdf,12.0,9.092121131323903,30.184242262647807,-1.3198240351921797,False,False,False,0,False
2024,46,2024-11-11,Ciudad de México,CDMX,Escarlatina,0,boletin_pdf,19.5,16.36052158907737,52.22104317815474,-1.19189354042469,False,False,False,0,False
2024,46,2024-11-11,Ciudad de México,CDMX,Rubeola,0,boletin_pdf,0.0,0.0,0.0,0.0,False,False,False,0,False
2024,46,2024-11-11,Ciudad de México,CDMX,Sarampion,0,boletin_pdf,0.0,0.0,0.0,0.0,False,False,False,0,False
2024,46,2024-11-11,Jalisco,Guadalajara,Erisipela,0,boletin_pdf,11.5,4.123105625617661,19.746211251235323,-2.789159687917829,False,False,False,0,False
2024,46,2024-11-11,Jalisco,Guadalajara,Escarlatina,0,boletin_pdf,8.0,2.8284271247461903,13.65685424949238,-2.82842712474619,False,False,False,0,False
2024,46,2024-11-11,Jalisco,Guadalajara,Rubeola,0,boletin_pdf,0.0,0.0,0.0,0.0,False,False,False,0,False
2024,46,2024-11-11,Jalisco,Guadalajara,Sarampion,0,boletin_pdf,0.0,0.0,0.0,0.0,False,False,False,0,False
2024,46,2024-11-11,Nuevo León,Monterrey,Erisipela,0,boletin_pdf,92.5,10.246950765959598,112.99390153191919,-9.027075674773933,False,False,False,0,False
2024,46,2024-11-11,Nuevo León,Monterrey,Escarlatina,0,boletin_pdf,8.5,4.123105625617661,16.746211251235323,-2.0615528128088303,False,False,False,0,False
2024,46,2024-11-11,Nuevo León,Monterrey,Rubeola,0,boletin_pdf,0.0,0.0,0.0,0.0,False,False,False,0,False
2024,46,2024-11-11,Nuevo León,Monterrey,Sarampion,0,boletin_pdf,0.0,0.0,0.0,0.0,False,False,False,0,False
2024,47,2024-11-18,Ciudad de México,CDMX,Erisipela,0,boletin_pdf,3.5,4.123105625617661,11.746211251235321,-0.8488746876271654,False,False,False,0,False
2024,47,2024-11-18,Ciudad de México,CDMX,Escarlatina,0,boletin_pdf,9.0,6.6332495807108,22.2664991614216,-1.3568010505999364,False,False,False,0,False
2024,47,2024-11-18,Ciudad de México,CDMX,Rubeola,0,boletin_pdf,0.0,0.0,0.0,0.0,False,False,False,0,False
2024,47,2024-11-18,Ciudad de México,CDMX,Sarampion,0,boletin_pdf,0.0,0.0,0.0,0.0,False,False,False,0,False
2024,47,2024-11-18,Jalisco,Guadalajara,Erisipela,0,boletin_pdf,10.5,4.43471156521669,19.369423130433383,-2.367684988208911,False,False,False,0,False
2024,47,2024-11-18,Jalisco,Guadalajara,Escarlatina,0,boletin_pdf,4.0,3.265986323710904,10.531972647421808,-1.224744871391589,False,False,False,0,False
2024,47,2024-11-18,Jalisco,Guadalajara,Rubeola,0,boletin_pdf,0.0,0.0,0.0,0.0,False,False,False,0,False
2024,47,2024-11-18,Jalisco,Guadalajara,Sarampion,0,boletin_pdf,0.0,0.0,0.0,0.0,False,False,False,0,False
2024,47,2024-11-18,Nuevo León,Monterrey,Erisipela,0,boletin_pdf,70.0,21.602468994692867,113.20493798938574,-3.24037034920393,False,False,False,0,False
2024,47,2024-11-18,Nuevo León,Monterrey,Escarlatina,0,boletin_pdf,5.5,4.43471156521669,14.36942313043338,-1.2402159462046676,False,False,False,0,False
2024,47,2024-11-18,Nuevo León,Monterrey,Rubeola,0,boletin_pdf,0.0,0.0,0.0,0.0,False,False,False,0,False
2024,47,2024-11-18,Nuevo León,Monterrey,Sarampion,0,boletin_pdf,0.0,0.0,0.0,0.0,False,False,False,0,False
2024,48,2024-11-25,Ciudad de México,CDMX,Erisipela,0,boletin_pdf,15.0,11.135528725660043,37.27105745132009,-1.347039765200812,False,False,False,0,False
2024,48,2024-11-25,Ciudad de México,CDMX,Escarlatina,0,boletin_pdf,14.5,12.793227374930325,40.08645474986065,-1.1334122012412815,False,False,False,0,False
2024,48,2024-11-25,Ciudad de México,CDMX,Rubeola,0,boletin_pdf,0.0,0.0,0.0,0.0,False,False,False,0,False
2024,48,2024-11-25,Ciudad de México,CDMX,Sarampion,0,boletin_pdf,0.0,0.0,0.0,0.0,False,False,False,0,False
2024,48,2024-11-25,Jalisco,Guadalajara,Erisipela,0,boletin_pdf,9.0,3.4641016151377544,15.928203230275509,-2.598076211353316,False,False,False,0,False
2024,48,2024-11-25,Jalisco,Guadalajara,Escarlatina,0,boletin_pdf,3.5,1.0,5.5,-3.5,False,False,False,0,False
2024,48,2024-11-25,Jalisco,Guadalajara,Rubeola,0,boletin_pdf,0.0,0.0,0.0,0.0,False,False,False,0,False
2024,48,2024-11-25,Jalisco,Guadalajara,Sarampion,0,boletin_pdf,0.0,0.0,0.0,0.0,False,False,False,0,False
2024,48,2024-11-25,Nuevo León,Monterrey,Erisipela,0,boletin_pdf,59.0,6.2182527020592095,71.43650540411842,-9.488195933314485,False,False,False,0,False
2024,48,2024-11-25,Nuevo León,Monterrey,Escarlatina,0,boletin_pdf,16.5,21.80978373727412,60.11956747454824,-0.7565412018185487,False,False,False,0,False
2024,48,2024-11-25,Nuevo León,Monterrey,Rubeola,0,boletin_pdf,0.0,0.0,0.0,0.0,False,False,False,0,False
2024,48,2024-11-25,Nuevo León,Monterrey,Sarampion,0,boletin_pdf,0.0,0.0,0.0,0.0,False,False,False,0,False
2024,49,2024-12-02,Ciudad de México,CDMX,Erisipela,10,boletin_pdf,10.5,10.246950765959598,30.993901531919196,-0.048795003647426664,False,False,False,0,False
2024,49,2024-12-02,Ciudad de México,CDMX,Escarlatina,0,boletin_pdf,14.0,9.38083151964686,32.76166303929372,-1.4924050144892729,False,False,False,0,False
2024,49,2024-12-02,Ciudad de México,CDMX,Rubeola,0,boletin_pdf,0.0,0.0,0.0,0.0,False,False,False,0,False
2024,49,2024-12-02,Ciudad de México,CDMX,Sarampion,0,boletin_pdf,0.0,0.0,0.0,0.0,False,False,False,0,False
2024,49,2024-12-02,Jalisco,Guadalajara,Erisipela,8,boletin_pdf,2.5,1.9148542155126762,6.329708431025352,2.8722813232690143,True,True,True,3,True
2024,49,2024-12-02,Jalisco,Guadalajara,Escarlatina,4,boletin_pdf,7.0,5.773502691896258,18.547005383792516,-0.5196152422706631,False,False,False,0,False
2024,49,2024-12-02,Jalisco,Guadalajara,Rubeola,0,boletin_pdf,0.0,0.0,0.0,0.0,False,False,False,0,False
2024,49,2024-12-02,Jalisco,Guadalajara,Sarampion,0,boletin_pdf,0.0,0.0,0.0,0.0,False,False,False,0,False
2024,49,2024-12-02,Nuevo León,Monterrey,Erisipela,54,boletin_pdf,66.5,9.146948489341495,84.793896978683,-1.3665759695231319,False,False,False,0,False
2024,49,2024-12-02,Nuevo León,Monterrey,Escarlatina,6,boletin_pdf,8.0,4.898979485566356,17.79795897113271,-0.4082482904638631,False,False,False,0,False
2024,49,2024-12-02,Nuevo León,Monterrey,Rubeola,0,boletin_pdf,0.0,0.0,0.0,0.0,False,False,False,0,False
2024,49,2024-12-02,Nuevo León,Monterrey,Sarampion,0,boletin_pdf,0.0,0.0,0.0,0.0,False,False,False,0,False
2024,50,2024-12-09,Ciudad de México,CDMX,Erisipela,4,boletin_pdf,10.5,9.0,28.5,-0.7222222222222222,False,False,False,0,False
2024,50,2024-12-09,Ciudad de México,CDMX,Escarlatina,0,boletin_pdf,10.5,8.225975119502044,26.951950239004088,-1.2764444150951448,False,False,False,0,False
2024,50,2024-12-09,Ciudad de México,CDMX,Rubeola,0,boletin_pdf,0.0,0.0,0.0,0.0,False,False,False,0,False
2024,50,2024-12-09,Ciudad de México,CDMX,Sarampion,0,boletin_pdf,0.0,0.0,0.0,0.0,False,False,False,0,False
2024,50,2024-12-09,Jalisco,Guadalajara,Erisipela,4,boletin_pdf,9.5,5.0,19.5,-1.1,False,False,False,0,False
2024,50,2024-12-09,Jalisco,Guadalajara,Escarlatina,0,boletin_pdf,2.5,2.516611478423583,7.533222956847166,-0.9933992677987828,False,False,False,0,False
2024,50,2024-12-09,Jalisco,Guadalajara,Rubeola,0,boletin_pdf,0.0,0.0,0.0,0.0,False,False,False,0,False
2024,50,2024-12-09,Jalisco,Guadalajara,Sarampion,0,boletin_pdf,0.0,0.0,0.0,0.0,False,False,False,0,False
2024,50,2024-12-09,Nuevo León,Monterrey,Erisipela,48,boletin_pdf,78.0,12.328828005937952,102.6576560118759,-2.4333213169614383,False,False,False,0,False
2024,50,2024-12-09,Nuevo León,Monterrey,Escarlatina,8,boletin_pdf,3.5,2.516611478423583,8.533222956847165,1.7881186820378092,False,True,False,1,False
2024,50,2024-12-09,Nuevo León,Monterrey,Rubeola,0,boletin_pdf,0.0,0.0,0.0,0.0,False,False,False,0,False
2024,50,2024-12-09,Nuevo León,Monterrey,Sarampion,0,boletin_pdf,0.0,0.0,0.0,0.0,False,False,False,0,False
2024,51,2024-12-16,Ciudad de México,CDMX,Erisipela,8,boletin_pdf,6.5,5.972157622389639,18.444315244779276,0.25116550748367644,False,False,False,0,False
2024,51,2024-12-16,Ciudad de México,CDMX,Escarlatina,0,boletin_pdf,14.5,13.203534880225574,40.90706976045115,-1.0981907596363525,False,False,False,0,False
2024,51,2024-12-16,Ciudad de México,CDMX,Rubeola,0,boletin_pdf,0.0,0.0,0.0,0.0,False,False,False,0,False
2024,51,2024-12-16,Ciudad de México,CDMX,Sarampion,0,boletin_pdf,0.0,0.0,0.0,0.0,False,False,False,0,False
2024,51,2024-12-16,Jalisco,Guadalajara,Erisipela,2,boletin_pdf,6.0,4.320493798938574,14.640987597877148,-0.9258200997725514,False,False,False,0,False
2024,51,2024-12-16,Jalisco,Guadalajara,Escarlatina,6,boletin_pdf,9.0,6.6332495807108,22.2664991614216,-0.45226701686664544,False,False,False,0,False
2024,51,2024-12-16,Jalisco,Guadalajara,Rubeola,0,boletin_pdf,0.0,0.0,0.0,0.0,False,False,False,0,False
2024,51,2024-12-16,Jalisco,Guadalajara,Sarampion,0,boletin_pdf,0.0,0.0,0.0,0.0,False,False,False,0,False
2024,51,2024-12-16,Nuevo León,Monterrey,Erisipela,36,boletin_pdf,59.0,10.132456102380443,79.26491220476089,-2.269933347611203,False,False,False,0,False
2024,51,2024-12-16,Nuevo León,Monterrey,Escarlatina,4,boletin_pdf,4.5,4.43471156521669,13.36942313043338,-0.11274690420042432,False,False,False,0,False
2024,51,2024-12-16,Nuevo León,Monterrey,Rubeola,0,boletin_pdf,0.0,0.0,0.0,0.0,False,False,False,0,False
2024,51,2024-12-16,Nuevo León,Monterrey,Sarampion,0,boletin_pdf,0.0,0.0,0.0,0.0,False,False,False,0,False
2024,52,2024-12-23,Ciudad de México,CDMX,Erisipela,6,boletin_pdf,5.5,3.7859388972001824,13.071877794400365,0.13206763594884358,False,False,False,0,False
2024,52,2024-12-23,Ciudad de México,CDMX,Escarlatina,4,boletin_pdf,10.5,11.474609652039003,33.44921930407801,-0.5664680714297736,False,False,False,0,False
2024,52,2024-12-23,Ciudad de México,CDMX,Rubeola,0,boletin_pdf,0.0,0.0,0.0,0.0,False,False,False,0,False
2024,52,2024-12-23,Ciudad de México,CDMX,Sarampion,0,boletin_pdf,0.0,0.0,0.0,0.0,False,False,False,0,False
2024,52,2024-12-23,Jalisco,Guadalajara,Erisipela,8,boletin_pdf,4.5,1.9148542155126762,8.329708431025352,1.8278153875348273,False,False,False,0,False
2024,52,2024-12-23,Jalisco,Guadalajara,Escarlatina,0,boletin_pdf,5.5,5.7445626465380295,16.989125293076057,-0.957427107756338,False,False,False,0,False
2024,52,2024-12-23,Jalisco,Guadalajara,Rubeola,0,boletin_pdf,0.0,0.0,0.0,0.0,False,False,False,0,False
2024,52,2024-12-23,Jalisco,Guadalajara,Sarampion,0,boletin_pdf,0.0,0.0,0.0,0.0,False,False,False,0,False
2024,52,2024-12-23,Nuevo León,Monterrey,Erisipela,34,boletin_pdf,50.5,15.351438586225939,81.20287717245188,-1.0748178359521698,False,False,False,0,False
2024,52,2024-12-23,Nuevo León,Monterrey,Escarlatina,4,boletin_pdf,9.0,12.701705922171767,34.40341184434354,-0.39364791081110845,False,False,False,0,False
2024,52,2024-12-23,Nuevo León,Monterrey,Rubeola,0,boletin_pdf,0.0,0.0,0.0,0.0,False,False,False,0,False
2024,52,2024-12-23,Nuevo León,Monterrey,Sarampion,0,boletin_pdf,0.0,0.0,0.0,0.0,False,False,False,0,False
2024,53,2024-12-23,Ciudad de México,CDMX,Erisipela,0,boletin_pdf,0.0,0.0,0.0,0.0,False,False,False,0,False
2024,53,2024-12-23,Ciudad de México,CDMX,Escarlatina,0,boletin_pdf,0.0,0.0,0.0,0.0,False,False,False,0,False
2024,53,2024-12-23,Ciudad de México,CDMX,Rubeola,0,boletin_pdf,0.0,0.0,0.0,0.0,False,False,False,0,False
2024,53,2024-12-23,Ciudad de México,CDMX,Sarampion,0,boletin_pdf,0.0,0.0,0.0,0.0,False,False,False,0,False
2024,53,2024-12-23,Jalisco,Guadalajara,Erisipela,0,boletin_pdf,0.0,0.0,0.0,0.0,False,False,False,0,False
2024,53,2024-12-23,Jalisco,Guadalajara,Escarlatina,0,boletin_pdf,0.0,0.0,0.0,0.0,False,False,False,0,False
2024,53,2024-12-23,Jalisco,Guadalajara,Rubeola,0,boletin_pdf,0.0,0.0,0.0,0.0,False,False,False,0,False
2024,53,2024-12-23,Jalisco,Guadalajara,Sarampion,0,boletin_pdf,0.0,0.0,0.0,0.0,False,False,False,0,False
2024,53,2024-12-23,Nuevo León,Monterrey,Erisipela,0,boletin_pdf,0.0,0.0,0.0,0.0,False,False,False,0,False
2024,53,2024-12-23,Nuevo León,Monterrey,Escarlatina,0,boletin_pdf,0.0,0.0,0.0,0.0,False,False,False,0,False
2024,53,2024-12-23,Nuevo León,Monterrey,Rubeola,0,boletin_pdf,0.0,0.0,0.0,0.0,False,False,False,0,False
2024,53,2024-12-23,Nuevo León,Monterrey,Sarampion,0,boletin_pdf,0.0,0.0,0.0,0.0,False,False,False,0,False
2025,1,2024-12-30,Ciudad de México,CDMX,Erisipela,0,boletin_pdf,3.0,6.0,15.0,-0.5,False,False,False,0,False
2025,1,2024-12-30,Ciudad de México,CDMX,Escarlatina,0,boletin_pdf,2.0,2.8284271247461903,7.656854249492381,-0.7071067811865475,False,False,False,0,False
2025,1,2024-12-30,Ciudad de México,CDMX,Rubeola,0,boletin_pdf,0.0,0.0,0.0,0.0,False,False,False,0,False
2025,1,2024-12-30,Ciudad de México,CDMX,Sarampion,0,boletin_pdf,0.0,0.0,0.0,0.0,False,False,False,0,False
2025,1,2024-12-30,Jalisco,Guadalajara,Erisipela,0,boletin_pdf,6.0,4.898979485566356,15.797958971132712,-1.2247448713915892,False,False,False,0,False
2025,1,2024-12-30,Jalisco,Guadalajara,Escarlatina,0,boletin_pdf,3.0,2.5819888974716108,8.163977794943222,-1.1618950038622253,False,False,False,0,False
2025,1,2024-12-30,Jalisco,Guadalajara,Rubeola,0,boletin_pdf,0.0,0.0,0.0,0.0,False,False,False,0,False
2025,1,2024-12-30,Jalisco,Guadalajara,Sarampion,0,boletin_pdf,0.0,0.0,0.0,0.0,False,False,False,0,False
2025,1,2024-12-30,Nuevo León,Monterrey,Erisipela,0,boletin_pdf,51.5,20.6801031589948,92.8602063179896,-2.4903163975562714,False,False,False,0,False
2025,1,2024-12-30,Nuevo León,Monterrey,Escarlatina,0,boletin_pdf,5.5,5.7445626465380295,16.989125293076057,-0.957427107756338,False,False,False,0,False
2025,1,2024-12-30,Nuevo León,Monterrey,Rubeola,0,boletin_pdf,0.0,0.0,0.0,0.0,False,False,False,0,False
2025,1,2024-12-30,Nuevo León,Monterrey,Sarampion,0,boletin_pdf,0.0,0.0,0.0,0.0,False,False,False,0,False
2025,2,2025-01-06,Ciudad de México,CDMX,Erisipela,2,boletin_pdf,4.5,5.744562646538029,15.989125293076057,-0.4351941398892446,False,False,False,0,False
2025,2,2025-01-06,Ciudad de México,CDMX,Escarlatina,0,boletin_pdf,2.5,3.785938897200182,10.071877794400365,-0.6603381797442179,False,False,False,0,False
2025,2,2025-01-06,Ciudad de México,CDMX,Rubeola,0,boletin_pdf,0.0,0.0,0.0,0.0,False,False,False,0,False
2025,2,2025-01-06,Ciudad de México,CDMX,Sarampion,0,boletin_pdf,0.0,0.0,0.0,0.0,False,False,False,0,False
2025,2,2025-01-06,Jalisco,Guadalajara,Erisipela,2,boletin_pdf,7.0,4.163331998932265,15.32666399786453,-1.2009611535381535,False,False,False,0,False
2025,2,2025-01-06,Jalisco,Guadalajara,Escarlatina,0,boletin_pdf,8.0,3.265986323710904,14.531972647421808,-2.449489742783178,False,False,False,0,False
2025,2,2025-01-06,Jalisco,Guadalajara,Rubeola,0,boletin_pdf,0.0,0.0,0.0,0.0,False,False,False,0,False
2025,2,2025-01-06,Jalisco,Guadalajara,Sarampion,0,boletin_pdf,0.0,0.0,0.0,0.0,False,False,False,0,False
2025,2,2025-01-06,Nuevo León,Monterrey,Erisipela,38,boletin_pdf,61.0,9.309493362512628,79.61898672502525,-2.4705963154360435,False,False,False,0,False
2025,2,2025-01-06,Nuevo León,Monterrey,Escarlatina,2,boletin_pdf,1.5,1.0,3.5,0.5,False,False,False,0,False
2025,2,2025-01-06,Nuevo León,Monterrey,Rubeola,0,boletin_pdf,0.0,0.0,0.0,0.0,False,False,False,0,False
2025,2,2025-01-06,Nuevo León,Monterrey,Sarampion,0,boletin_pdf,0.0,0.0,0.0,0.0,False,False,False,0,False
2025,3,2025-01-13,Ciudad de México,CDMX,Erisipela,8,boletin_pdf,5.0,5.773502691896257,16.547005383792516,0.5196152422706632,False,False,False,0,False
2025,3,2025-01-13,Ciudad de México,CDMX,Escarlatina,4,boletin_pdf,3.5,5.744562646538029,14.989125293076057,0.08703882797784893,False,False,False,0,False
2025,3,2025-01-13,Ciudad de México,CDMX,Rubeola,0,boletin_pdf,0.0,0.0,0.0,0.0,False,False,False,0,False
2025,3,2025-01-13,Ciudad de México,CDMX,Sarampion,0,boletin_pdf,0.0,0.0,0.0,0.0,False,False,False,0,False
2025,3,2025-01-13,Jalisco,Guadalajara,Erisipela,14,boletin_pdf,6.0,4.0,14.0,2.0,False,True,False,1,False
2025,3,2025-01-13,Jalisco,Guadalajara,Escarlatina,0,boletin_pdf,6.5,2.9999999999999996,12.5,-2.166666666666667,False,False,False,0,False
2025,3,2025-01-13,Jalisco,Guadalajara,Rubeola,0,boletin_pdf,0.0,0.0,0.0,0.0,False,False,False,0,False
2025,3,2025-01-13,Jalisco,Guadalajara,Sarampion,0,boletin_pdf,0.0,0.0,0.0,0.0,False,False,False,0,False
2025,3,2025-01-13,Nuevo León,Monterrey,Erisipela,28,boletin_pdf,77.0,16.77299416721217,110.54598833442434,-2.9213627281755783,False,False,False,0,False
2025,3,2025-01-13,Nuevo León,Monterrey,Escarlatina,0,boletin_pdf,4.0,2.8284271247461903,9.65685424949238,-1.414213562373095,False,False,False,0,False
2025,3,2025-01-13,Nuevo León,Monterrey,Rubeola,0,boletin_pdf,0.0,0.0,0.0,0.0,False,False,False,0,False
2025,3,2025-01-13,Nuevo León,Monterrey,Sarampion,0,boletin_pdf,0.0,0.0,0.0,0.0,False,False,False,0,False
2025,4,2025-01-20,Ciudad de México,CDMX,Erisipela,6,boletin_pdf,4.5,6.60807586719967,17.71615173439934,0.22699497253739323,False,False,False,0,False
2025,4,2025-01-20,Ciudad de México,CDMX,Escarlatina,2,boletin_pdf,6.0,6.928203230275509,19.856406460551018,-0.5773502691896258,False,False,False,0,False
2025,4,2025-01-20,Ciudad de México,CDMX,Rubeola,0,boletin_pdf,0.0,0.0,0.0,0.0,False,False,False,0,False
2025,4,2025-01-20,Ciudad de México,CDMX,Sarampion,0,boletin_pdf,0.0,0.0,0.0,0.0,False,False,False,0,False
2025,4,2025-01-20,Jalisco,Guadalajara,Erisipela,6,boletin_pdf,9.0,3.8297084310253524,16.659416862050705,-0.7833494518006403,False,False,False,0,False
2025,4,2025-01-20,Jalisco,Guadalajara,Escarlatina,0,boletin_pdf,5.0,3.8297084310253524,12.659416862050705,-1.3055824196677337,False,False,False,0,False
2025,4,2025-01-20,Jalisco,Guadalajara,Rubeola,0,boletin_pdf,0.0,0.0,0.0,0.0,False,False,False,0,False
2025,4,2025-01-20,Jalisco,Guadalajara,Sarampion,0,boletin_pdf,0.0,0.0,0.0,0.0,False,False,False,0,False
2025,4,2025-01-20,Nuevo León,Monterrey,Erisipela,28,boletin_pdf,55.5,5.507570547286103,66.5151410945722,-4.9931271445176195,False,False,False,0,False
2025,4,2025-01-20,Nuevo León,Monterrey,Escarlatina,2,boletin_pdf,4.0,4.320493798938574,12.640987597877148,-0.4629100498862757,False,False,False,0,False
2025,4,2025-01-20,Nuevo León,Monterrey,Rubeola,0,boletin_pdf,0.0,0.0,0.0,0.0,False,False,False,0,False
2025,4,2025-01-20,Nuevo León,Monterrey,Sarampion,0,boletin_pdf,0.0,0.0,0.0,0.0,False,False,False,0,False
2025,5,2025-01-27,Ciudad de México,CDMX,Erisipela,4,boletin_pdf,6.5,8.54400374531753,23.58800749063506,-0.2926028679903264,False,False,False,0,False
2025,5,2025-01-27,Ciudad de México,CDMX,Escarlatina,12,boletin_pdf,8.0,10.456258094238748,28.912516188477497,0.38254602783800296,False,False,False,0,False
2025,5,2025-01-27,Ciudad de México,CDMX,Rubeola,0,boletin_pdf,0.0,0.0,0.0,0.0,False,False,False,0,False
2025,5,2025-01-27,Ciudad de México,CDMX,Sarampion,0,boletin_pdf,0.0,0.0,0.0,0.0,False,False,False,0,False
2025,5,2025-01-27,Jalisco,Guadalajara,Erisipela,6,boletin_pdf,8.0,3.6514837167011076,15.302967433402216,-0.5477225575051661,False,False,False,0,False
2025,5,2025-01-27,Jalisco,Guadalajara,Escarlatina,0,boletin_pdf,5.0,3.4641016151377544,11.928203230275509,-1.4433756729740645,False,False,False,0,False
2025,5,2025-01-27,Jalisco,Guadalajara,Rubeola,0,boletin_pdf,0.0,0.0,0.0,0.0,False,False,False,0,False
2025,5,2025-01-27,Jalisco,Guadalajara,Sarampion,0,boletin_pdf,0.0,0.0,0.0,0.0,False,False,False,0,False
2025,5,2025-01-27,Nuevo León,Monterrey,Erisipela,42,boletin_pdf,69.0,7.745966692414834,84.49193338482966,-3.485685011586675,False,False,False,0,False
2025,5,2025-01-27,Nuevo León,Monterrey,Escarlatina,0,boletin_pdf,5.0,2.0,9.0,-2.5,False,False,False,0,False
2025,5,2025-01-27,Nuevo León,Monterrey,Rubeola,0,boletin_pdf,0.0,0.0,0.0,0.0,False,False,False,0,False
2025,5,2025-01-27,Nuevo León,Monterrey,Sarampion,0,boletin_pdf,0.0,0.0,0.0,0.0,False,False,False,0,False
2025,6,2025-02-03,Ciudad de México,CDMX,Erisipela,4,boletin_pdf,8.0,9.797958971132712,27.595917942265423,-0.4082482904638631,False,False,False,0,False
2025,6,2025-02-03,Ciudad de México,CDMX,Escarlatina,6,boletin_pdf,9.0,10.519822558706334,30.039645117412668,-0.28517591273601506,False,False,False,0,False
2025,6,2025-02-03,Ciudad de México,CDMX,Rubeola,0,boletin_pdf,0.0,0.0,0.0,0.0,False,False,False,0,False
2025,6,2025-02-03,Ciudad de México,CDMX,Sarampion,0,boletin_pdf,0.0,0.0,0.0,0.0,False,False,False,0,False
2025,6,2025-02-03,Jalisco,Guadalajara,Erisipela,6,boletin_pdf,3.5,1.9148542155126762,7.329708431025352,1.3055824196677337,False,False,False,0,False
2025,6,2025-02-03,Jalisco,Guadalajara,Escarlatina,0,boletin_pdf,5.5,1.9148542155126762,9.329708431025352,-2.8722813232690143,False,False,False,0,False
2025,6,2025-02-03,Jalisco,Guadalajara,Rubeola,0,boletin_pdf,0.0,0.0,0.0,0.0,False,False,False,0,False
2025,6,2025-02-03,Jalisco,Guadalajara,Sarampion,0,boletin_pdf,0.0,0.0,0.0,0.0,False,False,False,0,False
2025,6,2025-02-03,Nuevo León,Monterrey,Erisipela,52,boletin_pdf,69.5,9.71253485622231,88.92506971244462,-1.801795335518273,False,False,False,0,False
2025,6,2025-02-03,Nuevo León,Monterrey,Escarlatina,4,boletin_pdf,5.5,4.123105625617661,13.746211251235321,-0.36380343755449945,False,False,False,0,False
2025,6,2025-02-03,Nuevo León,Monterrey,Rubeola,0,boletin_pdf,0.0,0.0,0.0,0.0,False,False,False,0,False
2025,6,2025-02-03,Nuevo León,Monterrey,Sarampion,0,boletin_pdf,0.0,0.0,0.0,0.0,False,False,False,0,False
2025,7,2025-02-10,Ciudad de México,CDMX,Erisipela,14,boletin_pdf,5.0,6.6332495807108,18.2664991614216,1.3568010505999364,False,False,False,0,False
2025,7,2025-02-10,Ciudad de México,CDMX,Escarlatina,8,boletin_pdf,5.0,6.6332495807108,18.2664991614216,0.45226701686664544,False,False,False,0,False
2025,7,2025-02-10,Ciudad de México,CDMX,Rubeola,0,boletin_pdf,0.0,0.0,0.0,0.0,False,False,False,0,False
2025,7,2025-02-10,Ciudad de México,CDMX,Sarampion,0,boletin_pdf,0.0,0.0,0.0,0.0,False,False,False,0,False
2025,7,2025-02-10,Jalisco,Guadalajara,Erisipela,2,boletin_pdf,8.0,3.6514837167011076,15.302967433402216,-1.6431676725154982,False,False,False,0,False
2025,7,2025-02-10,Jalisco,Guadalajara,Escarlatina,0,boletin_pdf,5.0,2.581988897471611,10.163977794943222,-1.9364916731037085,False,False,False,0,False
2025,7,2025-02-10,Jalisco,Guadalajara,Rubeola,0,boletin_pdf,0.0,0.0,0.0,0.0,False,False,False,0,False
2025,7,2025-02-10,Jalisco,Guadalajara,Sarampion,0,boletin_pdf,0.0,0.0,0.0,0.0,False,False,False,0,False
2025,7,2025-02-10,Nuevo León,Monterrey,Erisipela,46,boletin_pdf,72.5,13.79613472438325,100.0922694487665,-1.9208278644281411,False,False,False,0,False
2025,7,2025-02-10,Nuevo León,Monterrey,Escarlatina,0,boletin_pdf,7.0,6.6332495807108,20.2664991614216,-1.0552897060221726,False,False,False,0,False
2025,7,2025-02-10,Nuevo León,Monterrey,Rubeola,0,boletin_pdf,0.0,0.0,0.0,0.0,False,False,False,0,False
2025,7,2025-02-10,Nuevo León,Monterrey,Sarampion,0,boletin_pdf,0.0,0.0,0.0,0.0,False,False,False,0,False
2025,8,2025-02-17,Ciudad de México,CDMX,Erisipela,8,boletin_pdf,10.0,12.000000000000002,34.0,-0.16666666666666663,False,False,False,0,False
2025,8,2025-02-17,Ciudad de México,CDMX,Escarlatina,10,boletin_pdf,6.0,9.521904571390465,25.04380914278093,0.42008402520840304,False,False,False,0,False
2025,8,2025-02-17,Ciudad de México,CDMX,Rubeola,0,boletin_pdf,0.0,0.0,0.0,0.0,False,False,False,0,False
2025,8,2025-02-17,Ciudad de México,CDMX,Sarampion,0,boletin_pdf,0.0,0.0,0.0,0.0,False,False,False,0,False
2025,8,2025-02-17,Jalisco,Guadalajara,Erisipela,0,boletin_pdf,7.0,4.760952285695233,16.521904571390465,-1.4702940882294102,False,False,False,0,False
2025,8,2025-02-17,Jalisco,Guadalajara,Escarlatina,4,boletin_pdf,6.0,4.320493798938574,14.640987597877148,-0.4629100498862757,False,False,False,0,False
2025,8,2025-02-17,Jalisco,Guadalajara,Rubeola,0,boletin_pdf,0.0,0.0,0.0,0.0,False,False,False,0,False
2025,8,2025-02-17,Jalisco,Guadalajara,Sarampion,0,boletin_pdf,0.0,0.0,0.0,0.0,False,False,False,0,False
2025,8,2025-02-17,Nuevo León,Monterrey,Erisipela,76,boletin_pdf,79.0,21.19748412744619,121.39496825489238,-0.1415262293375488,False,False,False,0,False
2025,8,2025-02-17,Nuevo León,Monterrey,Escarlatina,2,boletin_pdf,7.0,4.760952285695232,16.521904571390465,-1.0502100630210076,False,False,False,0,False
2025,8,2025-02-17,Nuevo León,Monterrey,Rubeola,0,boletin_pdf,0.0,0.0,0.0,0.0,False,False,False,0,False
2025,8,2025-02-17,Nuevo León,Monterrey,Sarampion,0,boletin_pdf,0.0,0.0,0.0,0.0,False,False,False,0,False
2025,9,2025-02-24,Ciudad de México,CDMX,Erisipela,18,boletin_pdf,7.5,10.376254944182254,28.252509888364507,1.011925791770096,False,False,False,0,False
2025,9,2025-02-24,Ciudad de México,CDMX,Escarlatina,14,boletin_pdf,9.5,11.704699910719626,32.90939982143925,0.38446094597254243,False,False,False,0,False
2025,9,2025-02-24,Ciudad de México,CDMX,Rubeola,0,boletin_pdf,0.0,0.0,0.0,0.0,False,False,False,0,False
2025,9,2025-02-24,Ciudad de México,CDMX,Sarampion,0,boletin_pdf,0.0,0.0,0.0,0.0,False,False,False,0,False
2025,9,2025-02-24,Jalisco,Guadalajara,Erisipela,4,boletin_pdf,6.5,3.415650255319866,13.331300510639732,-0.7319250547113999,False,False,False,0,False
2025,9,2025-02-24,Jalisco,Guadalajara,Escarlatina,8,boletin_pdf,5.5,3.415650255319866,12.331300510639732,0.7319250547113999,False,False,False,0,False
2025,9,2025-02-24,Jalisco,Guadalajara,Rubeola,0,boletin_pdf,0.0,0.0,0.0,0.0,False,False,False,0,False
2025,9,2025-02-24,Jalisco,Guadalajara,Sarampion,0,boletin_pdf,0.0,0.0,0.0,0.0,False,False,False,0,False
2025,9,2025-02-24,Nuevo León,Monterrey,Erisipela,26,boletin_pdf,91.5,22.8837642591132,137.2675285182264,-2.862291328399582,False,False,False,0,False
2025,9,2025-02-24,Nuevo León,Monterrey,Escarlatina,0,boletin_pdf,6.5,4.123105625617661,14.746211251235321,-1.5764815627361644,False,False,False,0,False
2025,9,2025-02-24,Nuevo León,Monterrey,Rubeola,0,boletin_pdf,0.0,0.0,0.0,0.0,False,False,False,0,False
2025,9,2025-02-24,Nuevo León,Monterrey,Sarampion,0,boletin_pdf,0.0,0.0,0.0,0.0,False,False,False,0,False
2025,10,2025-03-03,Ciudad de México,CDMX,Erisipela,10,boletin_pdf,5.5,4.123105625617661,13.746211251235321,1.0914103126634984,False,False,False,0,False
2025,10,2025-03-03,Ciudad de México,CDMX,Escarlatina,6,boletin_pdf,18.5,14.45683229480096,47.41366458960192,-0.8646430798325933,False,False,False,0,False
2025,10,2025-03-03,Ciudad de México,CDMX,Rubeola,0,boletin_pdf,0.0,0.0,0.0,0.0,False,False,False,0,False
2025,10,2025-03-03,Ciudad de México,CDMX,Sarampion,0,boletin_pdf,0.0,0.0,0.0,0.0,False,False,False,0,False
2025,10,2025-03-03,Jalisco,Guadalajara,Erisipela,0,boletin_pdf,9.5,1.9148542155126764,13.329708431025352,-4.961213194737388,False,False,False,0,False
2025,10,2025-03-03,Jalisco,Guadalajara,Escarlatina,0,boletin_pdf,4.5,2.516611478423583,9.533222956847165,-1.7881186820378092,False,False,False,0,False
2025,10,2025-03-03,Jalisco,Guadalajara,Rubeola,0,boletin_pdf,0.0,0.0,0.0,0.0,False,False,False,0,False
2025,10,2025-03-03,Jalisco,Guadalajara,Sarampion,0,boletin_pdf,0.0,0.0,0.0,0.0,False,False,False,0,False
2025,10,2025-03-03,Nuevo León,Monterrey,Erisipela,46,boletin_pdf,89.5,17.0,123.5,-2.5588235294117645,False,False,False,0,False
2025,10,2025-03-03,Nuevo León,Monterrey,Escarlatina,4,boletin_pdf,9.5,9.0,27.5,-0.6111111111111112,False,False,False,0,False
2025,10,2025-03-03,Nuevo León,Monterrey,Rubeola,0,boletin_pdf,0.0,0.0,0.0,0.0,False,False,False,0,False
2025,10,2025-03-03,Nuevo León,Monterrey,Sarampion,0,boletin_pdf,0.0,0.0,0.0,0.0,False,False,False,0,False
2025,11,2025-03-10,Ciudad de México,CDMX,Erisipela,4,boletin_pdf,16.0,10.954451150103322,37.90890230020665,-1.0954451150103321,False,False,False,0,False
2025,11,2025-03-10,Ciudad de México,CDMX,Escarlatina,8,boletin_pdf,20.0,13.856406460551018,47.712812921102035,-0.8660254037844387,False,False,False,0,False
2025,11,2025-03-10,Ciudad de México,CDMX,Rubeola,0,boletin_pdf,0.0,0.0,0.0,0.0,False,False,False,0,False
2025,11,2025-03-10,Ciudad de México,CDMX,Sarampion,0,boletin_pdf,0.0,0.0,0.0,0.0,False,False,False,0,False
2025,11,2025-03-10,Jalisco,Guadalajara,Erisipela,6,boletin_pdf,7.5,4.725815626252609,16.951631252505216,-0.3174055271363692,False,False,False,0,False
2025,11,2025-03-10,Jalisco,Guadalajara,Escarlatina,8,boletin_pdf,5.5,4.725815626252608,14.951631252505216,0.5290092118939488,False,False,False,0,False
2025,11,2025-03-10,Jalisco,Guadalajara,Rubeola,0,boletin_pdf,0.0,0.0,0.0,0.0,False,False,False,0,False
2025,11,2025-03-10,Jalisco,Guadalajara,Sarampion,0,boletin_pdf,0.0,0.0,0.0,0.0,False,False,False,0,False
2025,11,2025-03-10,Nuevo León,Monterrey,Erisipela,44,boletin_pdf,74.0,9.521904571390467,93.04380914278093,-3.150630189063022,False,False,False,0,False
2025,11,2025-03-10,Nuevo León,Monterrey,Escarlatina,2,boletin_pdf,5.0,4.760952285695233,14.521904571390467,-0.6301260378126045,False,False,False,0,False
2025,11,2025-03-10,Nuevo León,Monterrey,Rubeola,0,boletin_pdf,0.0,0.0,0.0,0.0,False,False,False,0,False
2025,11,2025-03-10,Nuevo León,Monterrey,Sarampion,0,boletin_pdf,0.0,0.0,0.0,0.0,False,False,False,0,False
2025,12,2025-03-17,Ciudad de México,CDMX,Erisipela,22,boletin_pdf,11.0,9.865765724632494,30.73153144926499,1.1149666743591518,False,False,False,0,False
2025,12,2025-03-17,Ciudad de México,CDMX,Escarlatina,8,boletin_pdf,20.5,15.864005379054394,52.22801075810879,-0.7879472870391253,False,False,False,0,False
2025,12,2025-03-17,Ciudad de México,CDMX,Rubeola,0,boletin_pdf,0.0,0.0,0.0,0.0,False,False,False,0,False
2025,12,2025-03-17,Ciudad de México,CDMX,Sarampion,0,boletin_pdf,0.0,0.0,0.0,0.0,False,False,False,0,False
2025,12,2025-03-17,Jalisco,Guadalajara,Erisipela,4,boletin_pdf,10.5,6.60807586719967,23.71615173439934,-0.9836448809953706,False,False,False,0,False
2025,12,2025-03-17,Jalisco,Guadalajara,Escarlatina,6,boletin_pdf,5.0,6.2182527020592095,17.43650540411842,0.16081688022566923,False,False,False,0,False
2025,12,2025-03-17,Jalisco,Guadalajara,Rubeola,0,boletin_pdf,0.0,0.0,0.0,0.0,False,False,False,0,False
2025,12,2025-03-17,Jalisco,Guadalajara,Sarampion,0,boletin_pdf,0.0,0.0,0.0,0.0,False,False,False,0,False
2025,12,2025-03-17,Nuevo León,Monterrey,Erisipela,68,boletin_pdf,81.0,16.852299546352715,114.70459909270542,-0.7714080778260047,False,False,False,0,False
2025,12,2025-03-17,Nuevo León,Monterrey,Escarlatina,6,boletin_pdf,11.0,11.604596790352806,34.209193580705616,-0.4308637422160696,False,False,False,0,False
2025,12,2025-03-17,Nuevo León,Monterrey,Rubeola,0,boletin_pdf,0.0,0.0,0.0,0.0,False,False,False,0,False
2025,12,2025-03-17,Nuevo León,Monterrey,Sarampion,0,boletin_pdf,0.0,0.0,0.0,0.0,False,False,False,0,False
2025,13,2025-03-24,Ciudad de México,CDMX,Erisipela,12,boletin_pdf,9.5,7.54983443527075,24.5996688705415,0.33113308926626095,False,False,False,0,False
2025,13,2025-03-24,Ciudad de México,CDMX,Escarlatina,6,boletin_pdf,18.0,15.05545305418162,48.11090610836324,-0.7970533969860858,False,False,False,0,False
2025,13,2025-03-24,Ciudad de México,CDMX,Rubeola,0,boletin_pdf,0.0,0.0,0.0,0.0,False,False,False,0,False
2025,13,2025-03-24,Ciudad de México,CDMX,Sarampion,0,boletin_pdf,0.0,0.0,0.0,0.0,False,False,False,0,False
2025,13,2025-03-24,Jalisco,Guadalajara,Erisipela,12,boletin_pdf,13.0,3.4641016151377544,19.928203230275507,-0.2886751345948129,False,False,False,0,False
2025,13,2025-03-24,Jalisco,Guadalajara,Escarlatina,8,boletin_pdf,5.5,6.191391873668904,17.882783747337808,0.4037864265436241,False,False,False,0,False
2025,13,2025-03-24,Jalisco,Guadalajara,Rubeola,0,boletin_pdf,0.0,0.0,0.0,0.0,False,False,False,0,False
2025,13,2025-03-24,Jalisco,Guadalajara,Sarampion,0,boletin_pdf,0.0,0.0,0.0,0.0,False,False,False,0,False
2025,13,2025-03-24,Nuevo León,Monterrey,Erisipela,40,boletin_pdf,72.5,36.71057976478534,145.92115952957067,-0.8853033705334085,False,False,False,0,False
2025,13,2025-03-24,Nuevo León,Monterrey,Escarlatina,8,boletin_pdf,6.0,1.632993161855452,9.265986323710905,1.224744871391589,False,False,False,0,False
2025,13,2025-03-24,Nuevo León,Monterrey,Rubeola,0,boletin_pdf,0.0,0.0,0.0,0.0,False,False,False,0,False
2025,13,2025-03-24,Nuevo León,Monterrey,Sarampion,0,boletin_pdf,0.0,0.0,0.0,0.0,False,False,False,0,False
2025,14,2025-03-31,Ciudad de México,CDMX,Erisipela,14,boletin_pdf,8.0,7.483314773547883,22.966629547095764,0.8017837257372732,False,False,False,0,False
2025,14,2025-03-31,Ciudad de México,CDMX,Escarlatina,6,boletin_pdf,19.5,15.609825965290794,50.71965193058159,-0.8648398790619387,False,False,False,0,False
2025,14,2025-03-31,Ciudad de México,CDMX,Rubeola,0,boletin_pdf,0.0,0.0,0.0,0.0,False,False,False,0,False
2025,14,2025-03-31,Ciudad de México,CDMX,Sarampion,0,boletin_pdf,0.0,0.0,0.0,0.0,False,False,False,0,False
2025,14,2025-03-31,Jalisco,Guadalajara,Erisipela,8,boletin_pdf,8.0,5.887840577551898,19.775681155103797,0.0,False,False,False,0,False
2025,14,2025-03-31,Jalisco,Guadalajara,Escarlatina,8,boletin_pdf,6.0,5.656854249492381,17.31370849898476,0.35355339059327373,False,False,False,0,False
2025,14,2025-03-31,Jalisco,Guadalajara,Rubeola,0,boletin_pdf,0.0,0.0,0.0,0.0,False,False,False,0,False
2025,14,2025-03-31,Jalisco,Guadalajara,Sarampion,0,boletin_pdf,0.0,0.0,0.0,0.0,False,False,False,0,False
2025,14,2025-03-31,Nuevo León,Monterrey,Erisipela,58,boletin_pdf,92.0,33.94112549695428,159.88225099390854,-1.0017346066809425,False,False,False,0,False
2025,14,2025-03-31,Nuevo León,Monterrey,Escarlatina,10,boletin_pdf,5.0,3.4641016151377544,11.928203230275509,1.4433756729740645,False,True,False,1,False
2025,14,2025-03-31,Nuevo León,Monterrey,Rubeola,0,boletin_pdf,0.0,0.0,0.0,0.0,False,False,False,0,False
2025,14,2025-03-31,Nuevo León,Monterrey,Sarampion,0,boletin_pdf,0.0,0.0,0.0,0.0,False,False,False,0,False
2025,15,2025-04-07,Ciudad de México,CDMX,Erisipela,10,boletin_pdf,13.5,18.138357147217054,49.77671429443411,-0.19296124624698996,False,False,False,0,False
2025,15,2025-04-07,Ciudad de México,CDMX,Escarlatina,8,boletin_pdf,14.5,11.0,36.5,-0.5909090909090909,False,False,False,0,False
2025,15,2025-04-07,Ciudad de México,CDMX,Rubeola,0,boletin_pdf,0.0,0.0,0.0,0.0,False,False,False,0,False
2025,15,2025-04-07,Ciudad de México,CDMX,Sarampion,0,boletin_pdf,0.0,0.0,0.0,0.0,False,False,False,0,False
2025,15,2025-04-07,Jalisco,Guadalajara,Erisipela,10,boletin_pdf,9.5,4.123105625617661,17.746211251235323,0.12126781251816648,False,False,False,0,False
2025,15,2025-04-07,Jalisco,Guadalajara,Escarlatina,8,boletin_pdf,7.0,5.773502691896258,18.547005383792516,0.1732050807568877,False,False,False,0,False
2025,15,2025-04-07,Jalisco,Guadalajara,Rubeola,0,boletin_pdf,0.0,0.0,0.0,0.0,False,False,False,0,False
2025,15,2025-04-07,Jalisco,Guadalajara,Sarampion,0,boletin_pdf,0.0,0.0,0.0,0.0,False,False,False,0,False
2025,15,2025-04-07,Nuevo León,Monterrey,Erisipela,50,boletin_pdf,93.5,11.0,115.5,-3.9545454545454546,False,False,False,0,False
2025,15,2025-04-07,Nuevo León,Monterrey,Escarlatina,2,boletin_pdf,17.0,13.71130920080209,44.42261840160418,-1.093987436234209,False,False,False,0,False
2025,15,2025-04-07,Nuevo León,Monterrey,Rubeola,0,boletin_pdf,0.0,0.0,0.0,0.0,False,False,False,0,False
2025,15,2025-04-07,Nuevo León,Monterrey,Sarampion,0,boletin_pdf,0.0,0.0,0.0,0.0,False,False,False,0,False
2025,16,2025-04-14,Ciudad de México,CDMX,Erisipela,12,boletin_pdf,8.0,5.41602560309064,18.83205120618128,0.7385489458759964,False,False,False,0,False
2025,16,2025-04-14,Ciudad de México,CDMX,Escarlatina,8,boletin_pdf,20.0,13.856406460551018,47.712812921102035,-0.8660254037844387,False,False,False,0,False
2025,16,2025-04-14,Ciudad de México,CDMX,Rubeola,0,boletin_pdf,0.0,0.0,0.0,0.0,False,False,False,0,False
2025,16,2025-04-14,Ciudad de México,CDMX,Sarampion,0,boletin_pdf,0.0,0.0,0.0,0.0,False,False,False,0,False
2025,16,2025-04-14,Jalisco,Guadalajara,Erisipela,6,boletin_pdf,8.5,6.60807586719967,21.71615173439934,-0.3783249542289887,False,False,False,0,False
2025,16,2025-04-14,Jalisco,Guadalajara,Escarlatina,0,boletin_pdf,4.0,1.632993161855452,7.265986323710904,-2.449489742783178,False,False,False,0,False
2025,16,2025-04-14,Jalisco,Guadalajara,Rubeola,0,boletin_pdf,0.0,0.0,0.0,0.0,False,False,False,0,False
2025,16,2025-04-14,Jalisco,Guadalajara,Sarampion,0,boletin_pdf,0.0,0.0,0.0,0.0,False,False,False,0,False
2025,16,2025-04-14,Nuevo León,Monterrey,Erisipela,40,boletin_pdf,94.0,16.08311744241976,126.16623488483953,-3.3575580227731967,False,False,False,0,False
2025,16,2025-04-14,Nuevo León,Monterrey,Escarlatina,4,boletin_pdf,10.0,8.16496580927726,26.32993161855452,-0.7348469228349533,False,False,False,0,False
2025,16,2025-04-14,Nuevo León,Monterrey,Rubeola,0,boletin_pdf,0.0,0.0,0.0,0.0,False,False,False,0,False
2025,16,2025-04-14,Nuevo León,Monterrey,Sarampion,0,boletin_pdf,0.0,0.0,0.0,0.0,False,False,False,0,False
2025,17,2025-04-21,Ciudad de México,CDMX,Erisipela,8,boletin_pdf,10.0,8.485281374238571,26.970562748477143,-0.2357022603955158,False,False,False,0,False
2025,17,2025-04-21,Ciudad de México,CDMX,Escarlatina,8,boletin_pdf,18.5,12.583057392117917,43.66611478423583,-0.8344553849509776,False,False,False,0,False
2025,17,2025-04-21,Ciudad de México,CDMX,Rubeola,0,boletin_pdf,0.0,0.0,0.0,0.0,False,False,False,0,False
2025,17,2025-04-21,Ciudad de México,CDMX,Sarampion,0,boletin_pdf,0.0,0.0,0.0,0.0,False,False,False,0,False
2025,17,2025-04-21,Jalisco,Guadalajara,Erisipela,4,boletin_pdf,9.0,6.2182527020592095,21.43650540411842,-0.8040844011283462,False,False,False,0,False
2025,17,2025-04-21,Jalisco,Guadalajara,Escarlatina,6,boletin_pdf,5.0,4.163331998932265,13.32666399786453,0.2401922307076307,False,False,False,0,False
2025,17,2025-04-21,Jalisco,Guadalajara,Rubeola,0,boletin_pdf,0.0,0.0,0.0,0.0,False,False,False,0,False
2025,17,2025-04-21,Jalisco,Guadalajara,Sarampion,0,boletin_pdf,0.0,0.0,0.0,0.0,False,False,False,0,False
2025,17,2025-04-21,Nuevo León,Monterrey,Erisipela,36,boletin_pdf,79.5,25.73583752927682,130.97167505855364,-1.6902500239409288,False,False,False,0,False
2025,17,2025-04-21,Nuevo León,Monterrey,Escarlatina,0,boletin_pdf,11.0,5.291502622129181,21.583005244258363,-2.0788046015507495,False,False,False,0,False
2025,17,2025-04-21,Nuevo León,Monterrey,Rubeola,0,boletin_pdf,0.0,0.0,0.0,0.0,False,False,False,0,False
2025,17,2025-04-21,Nuevo León,Monterrey,Sarampion,0,boletin_pdf,0.0,0.0,0.0,0.0,False,False,False,0,False
2025,18,2025-04-28,Ciudad de México,CDMX,Erisipela,8,boletin_pdf,10.5,8.54400374531753,27.58800749063506,-0.2926028679903264,False,False,False,0,False
2025,18,2025-04-28,Ciudad de México,CDMX,Escarlatina,12,boletin_pdf,15.0,10.893423092245461,36.786846184490926,-0.27539552761294706,False,False,False,0,False
2025,18,2025-04-28,Ciudad de México,CDMX,Rubeola,0,boletin_pdf,0.0,0.0,0.0,0.0,False,False,False,0,False
2025,18,2025-04-28,Ciudad de México,CDMX,Sarampion,0,boletin_pdf,0.0,0.0,0.0,0.0,False,False,False,0,False
2025,18,2025-04-28,Jalisco,Guadalajara,Erisipela,10,boletin_pdf,4.0,3.6514837167011076,11.302967433402216,1.6431676725154982,False,False,False,0,False
2025,18,2025-04-28,Jalisco,Guadalajara,Escarlatina,0,boletin_pdf,4.0,5.656854249492381,15.313708498984761,-0.7071067811865475,False,False,False,0,False
2025,18,2025-04-28,Jalisco,Guadalajara,Rubeola,0,boletin_pdf,0.0,0.0,0.0,0.0,False,False,False,0,False
2025,18,2025-04-28,Jalisco,Guadalajara,Sarampion,0,boletin_pdf,0.0,0.0,0.0,0.0,False,False,False,0,False
2025,18,2025-04-28,Nuevo León,Monterrey,Erisipela,60,boletin_pdf,95.5,15.864005379054392,127.22801075810878,-2.2377702951911163,False,False,False,0,False
2025,18,2025-04-28,Nuevo León,Monterrey,Escarlatina,6,boletin_pdf,24.0,29.34848093740685,82.6969618748137,-0.6133196480727438,False,False,False,0,False
2025,18,2025-04-28,Nuevo León,Monterrey,Rubeola,0,boletin_pdf,0.0,0.0,0.0,0.0,False,False,False,0,False
2025,18,2025-04-28,Nuevo León,Monterrey,Sarampion,0,boletin_pdf,0.0,0.0,0.0,0.0,False,False,False,0,False
2025,19,2025-05-05,Ciudad de México,CDMX,Erisipela,2,boletin_pdf,13.0,9.309493362512628,31.618986725025255,-1.1815895421650642,False,False,False,0,False
2025,19,2025-05-05,Ciudad de México,CDMX,Escarlatina,8,boletin_pdf,18.0,12.110601416389967,42.22120283277994,-0.8257228238447705,False,False,False,0,False
2025,19,2025-05-05,Ciudad de México,CDMX,Rubeola,0,boletin_pdf,0.0,0.0,0.0,0.0,False,False,False,0,False
2025,19,2025-05-05,Ciudad de México,CDMX,Sarampion,0,boletin_pdf,0.0,0.0,0.0,0.0,False,False,False,0,False
2025,19,2025-05-05,Jalisco,Guadalajara,Erisipela,4,boletin_pdf,10.0,5.887840577551898,21.775681155103797,-1.0190493307301363,False,False,False,0,False
2025,19,2025-05-05,Jalisco,Guadalajara,Escarlatina,4,boletin_pdf,6.0,3.265986323710904,12.531972647421808,-0.6123724356957945,False,False,False,0,False
2025,19,2025-05-05,Jalisco,Guadalajara,Rubeola,0,boletin_pdf,0.0,0.0,0.0,0.0,False,False,False,0,False
2025,19,2025-05-05,Jalisco,Guadalajara,Sarampion,0,boletin_pdf,0.0,0.0,0.0,0.0,False,False,False,0,False
2025,19,2025-05-05,Nuevo León,Monterrey,Erisipela,40,boletin_pdf,97.5,24.78574859336174,147.0714971867235,-2.3198815151138903,False,False,False,0,False
2025,19,2025-05-05,Nuevo León,Monterrey,Escarlatina,4,boletin_pdf,11.5,7.187952884282608,25.875905768565218,-1.0434125154603786,False,False,False,0,False
2025,19,2025-05-05,Nuevo León,Monterrey,Rubeola,0,boletin_pdf,0.0,0.0,0.0,0.0,False,False,False,0,False
2025,19,2025-05-05,Nuevo León,Monterrey,Sarampion,0,boletin_pdf,0.0,0.0,0.0,0.0,False,False,False,0,False
2025,20,2025-05-12,Ciudad de México,CDMX,Erisipela,8,boletin_pdf,6.0,4.320493798938574,14.640987597877148,0.4629100498862757,False,False,False,0,False
2025,20,2025-05-12,Ciudad de México,CDMX,Escarlatina,4,boletin_pdf,19.0,13.316656236958787,45.63331247391757,-1.1264088922239575,False,False,False,0,False
2025,20,2025-05-12,Ciudad de México,CDMX,Rubeola,0,boletin_pdf,0.0,0.0,0.0,0.0,False,False,False,0,False
2025,20,2025-05-12,Ciudad de México,CDMX,Sarampion,0,boletin_pdf,0.0,0.0,0.0,0.0,False,False,False,0,False
2025,20,2025-05-12,Jalisco,Guadalajara,Erisipela,8,boletin_pdf,6.0,2.8284271247461903,11.65685424949238,0.7071067811865475,False,False,False,0,False
2025,20,2025-05-12,Jalisco,Guadalajara,Escarlatina,16,boletin_pdf,143.5,276.3445916484224,696.1891832968448,-0.46138047876909793,False,False,False,0,False
2025,20,2025-05-12,Jalisco,Guadalajara,Rubeola,0,boletin_pdf,0.0,0.0,0.0,0.0,False,False,False,0,False
2025,20,2025-05-12,Jalisco,Guadalajara,Sarampion,0,boletin_pdf,0.0,0.0,0.0,0.0,False,False,False,0,False
2025,20,2025-05-12,Nuevo León,Monterrey,Erisipela,56,boletin_pdf,87.0,46.88994206294849,180.77988412589698,-0.6611225912453321,False,False,False,0,False
2025,20,2025-05-12,Nuevo León,Monterrey,Escarlatina,12,boletin_pdf,172.0,324.0041152002034,820.0082304004068,-0.4938208883585796,False,False,False,0,False
2025,20,2025-05-12,Nuevo León,Monterrey,Rubeola,0,boletin_pdf,0.0,0.0,0.0,0.0,False,False,False,0,False
2025,20,2025-05-12,Nuevo León,Monterrey,Sarampion,0,boletin_pdf,0.0,0.0,0.0,0.0,False,False,False,0,False
2025,21,2025-05-19,Ciudad de México,CDMX,Erisipela,16,boletin_pdf,11.0,7.571877794400366,26.14375558880073,0.6603381797442178,False,False,False,0,False
2025,21,2025-05-19,Ciudad de México,CDMX,Escarlatina,2,boletin_pdf,13.5,10.754843869934453,35.00968773986891,-1.0692856297197078,False,False,False,0,False
2025,21,2025-05-19,Ciudad de México,CDMX,Rubeola,0,boletin_pdf,0.0,0.0,0.0,0.0,False,False,False,0,False
2025,21,2025-05-19,Ciudad de México,CDMX,Sarampion,1,SEFE_csv,0.0,0.0,0.0,1.0,False,True,True,2,True
2025,21,2025-05-19,Ciudad de México,CDMX,Sarampion,0,boletin_pdf,0.0,0.0,0.0,0.0,False,False,False,0,False
2025,21,2025-05-19,Jalisco,Guadalajara,Erisipela,12,boletin_pdf,7.5,3.415650255319866,14.331300510639732,1.3174650984805198,False,False,False,0,False
2025,21,2025-05-19,Jalisco,Guadalajara,Escarlatina,8,boletin_pdf,7.0,5.773502691896258,18.547005383792516,0.1732050807568877,False,False,False,0,False
2025,21,2025-05-19,Jalisco,Guadalajara,Rubeola,0,boletin_pdf,0.0,0.0,0.0,0.0,False,False,False,0,False
2025,21,2025-05-19,Jalisco,Guadalajara,Sarampion,0,boletin_pdf,0.0,0.0,0.0,0.0,False,False,False,0,False
2025,21,2025-05-19,Nuevo León,Monterrey,Erisipela,68,boletin_pdf,107.5,5.7445626465380295,118.98912529307606,-6.876067410250063,False,False,False,0,False
2025,21,2025-05-19,Nuevo León,Monterrey,Escarlatina,6,boletin_pdf,10.0,4.898979485566356,19.79795897113271,-0.8164965809277261,False,False,False,0,False
2025,21,2025-05-19,Nuevo León,Monterrey,Rubeola,0,boletin_pdf,0.0,0.0,0.0,0.0,False,False,False,0,False
2025,21,2025-05-19,Nuevo León,Monterrey,Sarampion,0,boletin_pdf,0.0,0.0,0.0,0.0,False,False,False,0,False
2025,22,2025-05-26,Ciudad de México,CDMX,Erisipela,16,boletin_pdf,11.0,8.717797887081348,28.435595774162696,0.5735393346764044,False,False,False,0,False
2025,22,2025-05-26,Ciudad de México,CDMX,Escarlatina,6,boletin_pdf,16.0,11.313708498984761,38.62741699796952,-0.8838834764831843,False,False,False,0,False
2025,22,2025-05-26,Ciudad de México,CDMX,Rubeola,0,boletin_pdf,0.0,0.0,0.0,0.0,False,False,False,0,False
2025,22,2025-05-26,Ciudad de México,CDMX,Sarampion,0,boletin_pdf,0.0,0.0,0.0,0.0,False,False,False,0,False
2025,22,2025-05-26,Jalisco,Guadalajara,Erisipela,10,boletin_pdf,9.0,2.581988897471611,14.163977794943222,0.3872983346207417,False,False,False,0,False
2025,22,2025-05-26,Jalisco,Guadalajara,Escarlatina,8,boletin_pdf,7.5,3.415650255319866,14.331300510639732,0.14638501094227999,False,False,False,0,False
2025,22,2025-05-26,Jalisco,Guadalajara,Rubeola,0,boletin_pdf,0.0,0.0,0.0,0.0,False,False,False,0,False
2025,22,2025-05-26,Jalisco,Guadalajara,Sarampion,0,boletin_pdf,0.0,0.0,0.0,0.0,False,False,False,0,False
2025,22,2025-05-26,Nuevo León,Monterrey,Erisipela,50,boletin_pdf,125.5,13.69914839202301,152.898296784046,-5.5112914934160075,False,False,False,0,False
2025,22,2025-05-26,Nuevo León,Monterrey,Escarlatina,2,boletin_pdf,14.0,4.320493798938574,22.64098759787715,-2.7774602993176543,False,False,False,0,False
2025,22,2025-05-26,Nuevo León,Monterrey,Rubeola,0,boletin_pdf,0.0,0.0,0.0,0.0,False,False,False,0,False
2025,22,2025-05-26,Nuevo León,Monterrey,Sarampion,0,boletin_pdf,0.0,0.0,0.0,0.0,False,False,False,0,False
2025,23,2025-06-02,Ciudad de México,CDMX,Erisipela,16,boletin_pdf,14.0,10.708252269472673,35.41650453894535,0.1867718419094071,False,False,False,0,False
2025,23,2025-06-02,Ciudad de México,CDMX,Escarlatina,12,boletin_pdf,21.5,15.438048235879215,52.37609647175843,-0.6153627618497309,False,False,False,0,False
2025,23,2025-06-02,Ciudad de México,CDMX,Rubeola,0,boletin_pdf,0.0,0.0,0.0,0.0,False,False,False,0,False
2025,23,2025-06-02,Ciudad de México,CDMX,Sarampion,0,boletin_pdf,0.0,0.0,0.0,0.0,False,False,False,0,False
2025,23,2025-06-02,Jalisco,Guadalajara,Erisipela,6,boletin_pdf,6.0,2.8284271247461903,11.65685424949238,0.0,False,False,False,0,False
2025,23,2025-06-02,Jalisco,Guadalajara,Escarlatina,6,boletin_pdf,12.5,5.0,22.5,-1.3,False,False,False,0,False
2025,23,2025-06-02,Jalisco,Guadalajara,Rubeola,0,boletin_pdf,0.0,0.0,0.0,0.0,False,False,False,0,False
2025,23,2025-06-02,Jalisco,Guadalajara,Sarampion,0,boletin_pdf,0.0,0.0,0.0,0.0,False,False,False,0,False
2025,23,2025-06-02,Nuevo León,Monterrey,Erisipela,38,boletin_pdf,118.0,29.574764017091777,177.14952803418356,-2.705008904002297,False,False,False,0,False
2025,23,2025-06-02,Nuevo León,Monterrey,Escarlatina,0,boletin_pdf,13.0,7.393691004272944,27.78738200854589,-1.758255787601493,False,False,False,0,False
2025,23,2025-06-02,Nuevo León,Monterrey,Rubeola,0,boletin_pdf,0.0,0.0,0.0,0.0,False,False,False,0,False
2025,23,2025-06-02,Nuevo León,Monterrey,Sarampion,0,boletin_pdf,0.0,0.0,0.0,0.0,False,False,False,0,False
2025,24,2025-06-09,Ciudad de México,CDMX,Erisipela,4,boletin_pdf,12.5,9.146948489341495,30.79389697868299,-0.9292716592757296,False,False,False,0,False
2025,24,2025-06-09,Ciudad de México,CDMX,Escarlatina,2,boletin_pdf,26.5,18.28478420253664,63.06956840507328,-1.3399119031769118,False,False,False,0,False
2025,24,2025-06-09,Ciudad de México,CDMX,Rubeola,0,boletin_pdf,0.0,0.0,0.0,0.0,False,False,False,0,False
2025,24,2025-06-09,Ciudad de México,CDMX,Sarampion,0,boletin_pdf,0.0,0.0,0.0,0.0,False,False,False,0,False
2025,24,2025-06-09,Jalisco,Guadalajara,Erisipela,8,boletin_pdf,14.5,5.972157622389639,26.444315244779276,-1.088383865762598,False,False,False,0,False
2025,24,2025-06-09,Jalisco,Guadalajara,Escarlatina,4,boletin_pdf,8.5,5.0,18.5,-0.9,False,False,False,0,False
2025,24,2025-06-09,Jalisco,Guadalajara,Rubeola,0,boletin_pdf,0.0,0.0,0.0,0.0,False,False,False,0,False
2025,24,2025-06-09,Jalisco,Guadalajara,Sarampion,0,boletin_pdf,0.0,0.0,0.0,0.0,False,False,False,0,False
2025,24,2025-06-09,Nuevo León,Monterrey,Erisipela,70,boletin_pdf,117.5,11.0,139.5,-4.318181818181818,False,False,False,0,False
2025,24,2025-06-09,Nuevo León,Monterrey,Escarlatina,0,boletin_pdf,5.5,1.9148542155126762,9.329708431025352,-2.8722813232690143,False,False,False,0,False
2025,24,2025-06-09,Nuevo León,Monterrey,Rubeola,0,boletin_pdf,0.0,0.0,0.0,0.0,False,False,False,0,False
2025,24,2025-06-09,Nuevo León,Monterrey,Sarampion,0,boletin_pdf,0.0,0.0,0.0,0.0,False,False,False,0,False
2025,25,2025-06-16,Ciudad de México,CDMX,Erisipela,8,boletin_pdf,13.0,10.0,33.0,-0.5,False,False,False,0,False
2025,25,2025-06-16,Ciudad de México,CDMX,Escarlatina,4,boletin_pdf,24.0,16.0,56.0,-1.25,False,False,False,0,False
2025,25,2025-06-16,Ciudad de México,CDMX,Rubeola,0,boletin_pdf,0.0,0.0,0.0,0.0,False,False,False,0,False
2025,25,2025-06-16,Ciudad de México,CDMX,Sarampion,0,boletin_pdf,0.0,0.0,0.0,0.0,False,False,False,0,False
2025,25,2025-06-16,Jalisco,Guadalajara,Erisipela,8,boletin_pdf,12.5,3.0,18.5,-1.5,False,False,False,0,False
2025,25,2025-06-16,Jalisco,Guadalajara,Escarlatina,14,boletin_pdf,7.0,4.163331998932265,15.32666399786453,1.681345614953415,False,False,False,0,False
2025,25,2025-06-16,Jalisco,Guadalajara,Rubeola,0,boletin_pdf,0.0,0.0,0.0,0.0,False,False,False,0,False
2025,25,2025-06-16,Jalisco,Guadalajara,Sarampion,0,boletin_pdf,0.0,0.0,0.0,0.0,False,False,False,0,False
2025,25,2025-06-16,Nuevo León,Monterrey,Erisipela,58,boletin_pdf,145.0,22.538855339169285,190.07771067833858,-3.860000815960096,False,False,False,0,False
2025,25,2025-06-16,Nuevo León,Monterrey,Escarlatina,4,boletin_pdf,17.5,6.8068592855540455,31.11371857110809,-1.9832935328412868,False,False,False,0,False
2025,25,2025-06-16,Nuevo León,Monterrey,Rubeola,0,boletin_pdf,0.0,0.0,0.0,0.0,False,False,False,0,False
2025,25,2025-06-16,Nuevo León,Monterrey,Sarampion,0,boletin_pdf,0.0,0.0,0.0,0.0,False,False,False,0,False
2025,26,2025-06-23,Ciudad de México,CDMX,Erisipela,16,boletin_pdf,9.0,7.393691004272944,23.78738200854589,0.946753116400804,False,False,False,0,False
2025,26,2025-06-23,Ciudad de México,CDMX,Escarlatina,4,boletin_pdf,17.5,13.403979508588733,44.30795901717747,-1.0071635808865376,False,False,False,0,False
2025,26,2025-06-23,Ciudad de México,CDMX,Rubeola,0,boletin_pdf,0.0,0.0,0.0,0.0,False,False,False,0,False
2025,26,2025-06-23,Ciudad de México,CDMX,Sarampion,0,boletin_pdf,0.0,0.0,0.0,0.0,False,False,False,0,False
2025,26,2025-06-23,Jalisco,Guadalajara,Erisipela,10,boletin_pdf,12.0,4.320493798938574,20.64098759787715,-0.4629100498862757,False,False,False,0,False
2025,26,2025-06-23,Jalisco,Guadalajara,Escarlatina,6,boletin_pdf,4.5,3.415650255319866,11.331300510639732,0.43915503282683993,False,False,False,0,False
2025,26,2025-06-23,Jalisco,Guadalajara,Rubeola,0,boletin_pdf,0.0,0.0,0.0,0.0,False,False,False,0,False
2025,26,2025-06-23,Jalisco,Guadalajara,Sarampion,0,boletin_pdf,0.0,0.0,0.0,0.0,False,False,False,0,False
2025,26,2025-06-23,Nuevo León,Monterrey,Erisipela,60,boletin_pdf,125.5,21.06339637063944,167.62679274127888,-3.109659945026784,False,False,False,0,False
2025,26,2025-06-23,Nuevo León,Monterrey,Escarlatina,4,boletin_pdf,11.5,5.507570547286102,22.515141094572204,-1.3617619485048054,False,False,False,0,False
2025,26,2025-06-23,Nuevo León,Monterrey,Rubeola,0,boletin_pdf,0.0,0.0,0.0,0.0,False,False,False,0,False
2025,26,2025-06-23,Nuevo León,Monterrey,Sarampion,0,boletin_pdf,0.0,0.0,0.0,0.0,False,False,False,0,False
2025,27,2025-06-30,Ciudad de México,CDMX,Erisipela,6,boletin_pdf,12.0,8.48528137423857,28.97056274847714,-0.7071067811865476,False,False,False,0,False
2025,27,2025-06-30,Ciudad de México,CDMX,Escarlatina,6,boletin_pdf,13.0,10.392304845413264,33.78460969082653,-0.6735753140545634,False,False,False,0,False
2025,27,2025-06-30,Ciudad de México,CDMX,Rubeola,0,boletin_pdf,0.0,0.0,0.0,0.0,False,False,False,0,False
2025,27,2025-06-30,Ciudad de México,CDMX,Sarampion,0,boletin_pdf,0.0,0.0,0.0,0.0,False,False,False,0,False
2025,27,2025-06-30,Jalisco,Guadalajara,Erisipela,4,boletin_pdf,12.5,5.744562646538029,23.989125293076057,-1.4796600756234317,False,False,False,0,False
2025,27,2025-06-30,Jalisco,Guadalajara,Escarlatina,8,boletin_pdf,4.5,6.60807586719967,17.71615173439934,0.5296549359205842,False,False,False,0,False
2025,27,2025-06-30,Jalisco,Guadalajara,Rubeola,0,boletin_pdf,0.0,0.0,0.0,0.0,False,False,False,0,False
2025,27,2025-06-30,Jalisco,Guadalajara,Sarampion,0,boletin_pdf,0.0,0.0,0.0,0.0,False,False,False,0,False
2025,27,2025-06-30,Nuevo León,Monterrey,Erisipela,56,boletin_pdf,117.5,12.041594578792296,141.5831891575846,-5.1072970110050075,False,False,False,0,False
2025,27,2025-06-30,Nuevo León,Monterrey,Escarlatina,6,boletin_pdf,12.0,8.16496580927726,28.32993161855452,-0.7348469228349533,False,False,False,0,False
2025,27,2025-06-30,Nuevo León,Monterrey,Rubeola,0,boletin_pdf,0.0,0.0,0.0,0.0,False,False,False,0,False
2025,27,2025-06-30,Nuevo León,Monterrey,Sarampion,0,boletin_pdf,0.0,0.0,0.0,0.0,False,False,False,0,False
2025,28,2025-07-07,Ciudad de México,CDMX,Erisipela,12,boletin_pdf,8.5,5.972157622389639,20.444315244779276,0.5860528507952449,False,False,False,0,False
2025,28,2025-07-07,Ciudad de México,CDMX,Escarlatina,0,boletin_pdf,11.5,7.724420150837646,26.94884030167529,-1.4887848894072555,False,False,False,0,False
2025,28,2025-07-07,Ciudad de México,CDMX,Rubeola,0,boletin_pdf,0.0,0.0,0.0,0.0,False,False,False,0,False
2025,28,2025-07-07,Ciudad de México,CDMX,Sarampion,0,boletin_pdf,0.0,0.0,0.0,0.0,False,False,False,0,False
2025,28,2025-07-07,Jalisco,Guadalajara,Erisipela,8,boletin_pdf,11.5,4.43471156521669,20.369423130433383,-0.7892283294029703,False,False,False,0,False
2025,28,2025-07-07,Jalisco,Guadalajara,Escarlatina,10,boletin_pdf,5.0,3.4641016151377544,11.928203230275509,1.4433756729740645,False,False,False,0,False
2025,28,2025-07-07,Jalisco,Guadalajara,Rubeola,0,boletin_pdf,0.0,0.0,0.0,0.0,False,False,False,0,False
2025,28,2025-07-07,Jalisco,Guadalajara,Sarampion,0,boletin_pdf,0.0,0.0,0.0,0.0,False,False,False,0,False
2025,28,2025-07-07,Nuevo León,Monterrey,Erisipela,80,boletin_pdf,112.0,20.720360357226735,153.44072071445348,-1.5443746850106888,False,False,False,0,False
2025,28,2025-07-07,Nuevo León,Monterrey,Escarlatina,0,boletin_pdf,9.5,7.724420150837645,24.94884030167529,-1.2298657782059939,False,False,False,0,False
2025,28,2025-07-07,Nuevo León,Monterrey,Rubeola,0,boletin_pdf,0.0,0.0,0.0,0.0,False,False,False,0,False
2025,28,2025-07-07,Nuevo León,Monterrey,Sarampion,0,boletin_pdf,0.0,0.0,0.0,0.0,False,False,False,0,False
2025,29,2025-07-14,Ciudad de México,CDMX,Erisipela,8,boletin_pdf,10.5,7.724420150837646,25.94884030167529,-0.3236488890015773,False,False,False,0,False
2025,29,2025-07-14,Ciudad de México,CDMX,Escarlatina,4,boletin_pdf,18.0,12.328828005937952,42.6576560118759,-1.135549947915338,False,False,False,0,False
2025,29,2025-07-14,Ciudad de México,CDMX,Rubeola,0,boletin_pdf,0.0,0.0,0.0,0.0,False,False,False,0,False
2025,29,2025-07-14,Ciudad de México,CDMX,Sarampion,0,boletin_pdf,0.0,0.0,0.0,0.0,False,False,False,0,False
2025,29,2025-07-14,Jalisco,Guadalajara,Erisipela,10,boletin_pdf,5.0,2.0,9.0,2.5,True,True,False,2,True
2025,29,2025-07-14,Jalisco,Guadalajara,Escarlatina,4,boletin_pdf,4.5,5.259911279353167,15.019822558706334,-0.09505863757867168,False,False,False,0,False
2025,29,2025-07-14,Jalisco,Guadalajara,Rubeola,0,boletin_pdf,0.0,0.0,0.0,0.0,False,False,False,0,False
2025,29,2025-07-14,Jalisco,Guadalajara,Sarampion,0,boletin_pdf,0.0,0.0,0.0,0.0,False,False,False,0,False
2025,29,2025-07-14,Nuevo León,Monterrey,Erisipela,44,boletin_pdf,114.0,9.380831519646858,132.76166303929372,-7.462025072446366,False,False,False,0,False
2025,29,2025-07-14,Nuevo León,Monterrey,Escarlatina,0,boletin_pdf,9.5,5.972157622389639,21.444315244779276,-1.5907148807299507,False,False,False,0,False
2025,29,2025-07-14,Nuevo León,Monterrey,Rubeola,0,boletin_pdf,0.0,0.0,0.0,0.0,False,False,False,0,False
2025,29,2025-07-14,Nuevo León,Monterrey,Sarampion,0,boletin_pdf,0.0,0.0,0.0,0.0,False,False,False,0,False
2025,30,2025-07-21,Ciudad de México,CDMX,Erisipela,12,boletin_pdf,6.0,6.324555320336759,18.64911064067352,0.9486832980505138,False,False,False,0,False
2025,30,2025-07-21,Ciudad de México,CDMX,Escarlatina,4,boletin_pdf,9.0,7.393691004272944,23.78738200854589,-0.6762522260005742,False,False,False,0,False
2025,30,2025-07-21,Ciudad de México,CDMX,Rubeola,0,boletin_pdf,0.0,0.0,0.0,0.0,False,False,False,0,False
2025,30,2025-07-21,Ciudad de México,CDMX,Sarampion,0,boletin_pdf,0.0,0.0,0.0,0.0,False,False,False,0,False
2025,30,2025-07-21,Jalisco,Guadalajara,Erisipela,0,boletin_pdf,8.5,4.123105625617661,16.746211251235323,-2.0615528128088303,False,False,False,0,False
2025,30,2025-07-21,Jalisco,Guadalajara,Escarlatina,8,boletin_pdf,9.0,2.0,13.0,-0.5,False,False,False,0,False
2025,30,2025-07-21,Jalisco,Guadalajara,Rubeola,0,boletin_pdf,0.0,0.0,0.0,0.0,False,False,False,0,False
2025,30,2025-07-21,Jalisco,Guadalajara,Sarampion,0,boletin_pdf,0.0,0.0,0.0,0.0,False,False,False,0,False
2025,30,2025-07-21,Nuevo León,Monterrey,Erisipela,74,boletin_pdf,121.0,12.055427546683415,145.11085509336684,-3.898658908445784,False,False,False,0,False
2025,30,2025-07-21,Nuevo León,Monterrey,Escarlatina,0,boletin_pdf,4.5,1.914854215512676,8.329708431025352,-2.350048355401921,False,False,False,0,False
2025,30,2025-07-21,Nuevo León,Monterrey,Rubeola,0,boletin_pdf,0.0,0.0,0.0,0.0,False,False,False,0,False
2025,30,2025-07-21,Nuevo León,Monterrey,Sarampion,1,SEFE_csv,0.0,0.0,0.0,1.0,False,True,True,2,True
2025,30,2025-07-21,Nuevo León,Monterrey,Sarampion,0,boletin_pdf,0.0,0.0,0.0,0.0,False,False,False,0,False
2025,31,2025-07-28,Ciudad de México,CDMX,Erisipela,16,boletin_pdf,9.0,6.2182527020592095,21.43650540411842,1.1257181615796847,False,False,False,0,False
2025,31,2025-07-28,Ciudad de México,CDMX,Escarlatina,4,boletin_pdf,10.5,7.724420150837646,25.94884030167529,-0.8414871114041009,False,False,False,0,False
2025,31,2025-07-28,Ciudad de México,CDMX,Rubeola,0,boletin_pdf,0.0,0.0,0.0,0.0,False,False,False,0,False
2025,31,2025-07-28,Ciudad de México,CDMX,Sarampion,0,boletin_pdf,0.0,0.0,0.0,0.0,False,False,False,0,False
2025,31,2025-07-28,Jalisco,Guadalajara,Erisipela,6,boletin_pdf,9.5,6.191391873668904,21.882783747337808,-0.5653009971610737,False,False,False,0,False
2025,31,2025-07-28,Jalisco,Guadalajara,Escarlatina,0,boletin_pdf,5.5,4.43471156521669,14.36942313043338,-1.2402159462046676,False,False,False,0,False
2025,31,2025-07-28,Jalisco,Guadalajara,Rubeola,0,boletin_pdf,0.0,0.0,0.0,0.0,False,False,False,0,False
2025,31,2025-07-28,Jalisco,Guadalajara,Sarampion,0,boletin_pdf,0.0,0.0,0.0,0.0,False,False,False,0,False
2025,31,2025-07-28,Nuevo León,Monterrey,Erisipela,72,boletin_pdf,107.5,16.11417595369576,139.72835190739153,-2.2030291900752226,False,False,False,0,False
2025,31,2025-07-28,Nuevo León,Monterrey,Escarlatina,2,boletin_pdf,3.5,2.5166114784235836,8.533222956847167,-0.5960395606792697,False,False,False,0,False
2025,31,2025-07-28,Nuevo León,Monterrey,Rubeola,0,boletin_pdf,0.0,0.0,0.0,0.0,False,False,False,0,False
2025,31,2025-07-28,Nuevo León,Monterrey,Sarampion,0,boletin_pdf,0.0,0.0,0.0,0.0,False,False,False,0,False
2025,32,2025-08-04,Ciudad de México,CDMX,Erisipela,14,boletin_pdf,8.0,7.483314773547883,22.966629547095764,0.8017837257372732,False,False,False,0,False
2025,32,2025-08-04,Ciudad de México,CDMX,Escarlatina,2,boletin_pdf,14.5,11.704699910719626,37.90939982143925,-1.0679470721459512,False,False,False,0,False
2025,32,2025-08-04,Ciudad de México,CDMX,Rubeola,0,boletin_pdf,0.0,0.0,0.0,0.0,False,False,False,0,False
2025,32,2025-08-04,Ciudad de México,CDMX,Sarampion,0,boletin_pdf,0.0,0.0,0.0,0.0,False,False,False,0,False
2025,32,2025-08-04,Jalisco,Guadalajara,Erisipela,6,boletin_pdf,11.0,5.033222956847167,21.066445913694334,-0.9933992677987827,False,False,False,0,False
2025,32,2025-08-04,Jalisco,Guadalajara,Escarlatina,4,boletin_pdf,7.0,3.4641016151377544,13.928203230275509,-0.8660254037844387,False,False,False,0,False
2025,32,2025-08-04,Jalisco,Guadalajara,Rubeola,0,boletin_pdf,0.0,0.0,0.0,0.0,False,False,False,0,False
2025,32,2025-08-04,Jalisco,Guadalajara,Sarampion,0,boletin_pdf,0.0,0.0,0.0,0.0,False,False,False,0,False
2025,32,2025-08-04,Nuevo León,Monterrey,Erisipela,48,boletin_pdf,116.0,16.32993161855452,148.65986323710905,-4.164132562731402,False,False,False,0,False
2025,32,2025-08-04,Nuevo León,Monterrey,Escarlatina,2,boletin_pdf,6.0,1.632993161855452,9.265986323710905,-2.449489742783178,False,False,False,0,False
2025,32,2025-08-04,Nuevo León,Monterrey,Rubeola,0,boletin_pdf,0.0,0.0,0.0,0.0,False,False,False,0,False
2025,32,2025-08-04,Nuevo León,Monterrey,Sarampion,0,boletin_pdf,0.0,0.0,0.0,0.0,False,False,False,0,False
2025,33,2025-08-11,Ciudad de México,CDMX,Erisipela,6,boletin_pdf,10.0,6.928203230275509,23.856406460551018,-0.5773502691896258,False,False,False,0,False
2025,33,2025-08-11,Ciudad de México,CDMX,Escarlatina,4,boletin_pdf,11.0,10.0,31.0,-0.7,False,False,False,0,False
2025,33,2025-08-11,Ciudad de México,CDMX,Rubeola,0,boletin_pdf,0.0,0.0,0.0,0.0,False,False,False,0,False
2025,33,2025-08-11,Ciudad de México,CDMX,Sarampion,1,SEFE_csv,0.0,0.0,0.0,1.0,False,True,True,2,True
2025,33,2025-08-11,Ciudad de México,CDMX,Sarampion,0,boletin_pdf,0.0,0.0,0.0,0.0,False,False,False,0,False
2025,33,2025-08-11,Jalisco,Guadalajara,Erisipela,8,boletin_pdf,7.5,1.9148542155126762,11.329708431025352,0.26111648393354675,False,False,False,0,False
2025,33,2025-08-11,Jalisco,Guadalajara,Escarlatina,2,boletin_pdf,4.0,3.265986323710904,10.531972647421808,-0.6123724356957945,False,False,False,0,False
2025,33,2025-08-11,Jalisco,Guadalajara,Rubeola,0,boletin_pdf,0.0,0.0,0.0,0.0,False,False,False,0,False
2025,33,2025-08-11,Jalisco,Guadalajara,Sarampion,0,boletin_pdf,0.0,0.0,0.0,0.0,False,False,False,0,False
2025,33,2025-08-11,Nuevo León,Monterrey,Erisipela,62,boletin_pdf,112.0,27.80887148615228,167.61774297230457,-1.7979873805701905,False,False,False,0,False
2025,33,2025-08-11,Nuevo León,Monterrey,Escarlatina,2,boletin_pdf,0.5,1.0,2.5,1.5,False,True,True,2,True
2025,33,2025-08-11,Nuevo León,Monterrey,Rubeola,0,boletin_pdf,0.0,0.0,0.0,0.0,False,False,False,0,False
2025,33,2025-08-11,Nuevo León,Monterrey,Sarampion,0,boletin_pdf,0.0,0.0,0.0,0.0,False,False,False,0,False
2025,34,2025-08-18,Ciudad de México,CDMX,Erisipela,16,boletin_pdf,7.0,6.2182527020592095,19.43650540411842,1.4473519220310231,False,False,False,0,False
2025,34,2025-08-18,Ciudad de México,CDMX,Escarlatina,2,boletin_pdf,9.0,6.6332495807108,22.2664991614216,-1.0552897060221726,False,False,False,0,False
2025,34,2025-08-18,Ciudad de México,CDMX,Rubeola,0,boletin_pdf,0.0,0.0,0.0,0.0,False,False,False,0,False
2025,34,2025-08-18,Ciudad de México,CDMX,Sarampion,0,boletin_pdf,0.0,0.0,0.0,0.0,False,False,False,0,False
2025,34,2025-08-18,Jalisco,Guadalajara,Erisipela,18,boletin_pdf,5.5,5.0,15.5,2.5,True,True,True,3,True
2025,34,2025-08-18,Jalisco,Guadalajara,Escarlatina,4,boletin_pdf,5.0,4.760952285695232,14.521904571390465,-0.21004201260420152,False,False,False,0,False
2025,34,2025-08-18,Jalisco,Guadalajara,Rubeola,0,boletin_pdf,0.0,0.0,0.0,0.0,False,False,False,0,False
2025,34,2025-08-18,Jalisco,Guadalajara,Sarampion,0,boletin_pdf,0.0,0.0,0.0,0.0,False,False,False,0,False
2025,34,2025-08-18,Nuevo León,Monterrey,Erisipela,56,boletin_pdf,117.0,19.493588689617926,155.98717737923585,-3.12923397385972,False,False,False,0,False
2025,34,2025-08-18,Nuevo León,Monterrey,Escarlatina,4,boletin_pdf,6.0,2.8284271247461903,11.65685424949238,-0.7071067811865475,False,False,False,0,False
2025,34,2025-08-18,Nuevo León,Monterrey,Rubeola,0,boletin_pdf,0.0,0.0,0.0,0.0,False,False,False,0,False
2025,34,2025-08-18,Nuevo León,Monterrey,Sarampion,0,boletin_pdf,0.0,0.0,0.0,0.0,False,False,False,0,False
2025,35,2025-08-25,Ciudad de México,CDMX,Erisipela,2,boletin_pdf,9.5,7.54983443527075,24.5996688705415,-0.9933992677987828,False,False,False,0,False
2025,35,2025-08-25,Ciudad de México,CDMX,Escarlatina,0,boletin_pdf,9.0,9.591663046625438,28.183326093250876,-0.9383148632568366,False,False,False,0,False
2025,35,2025-08-25,Ciudad de México,CDMX,Rubeola,0,boletin_pdf,0.0,0.0,0.0,0.0,False,False,False,0,False
2025,35,2025-08-25,Ciudad de México,CDMX,Sarampion,2,SEFE_csv,0.0,0.0,0.0,2.0,False,True,True,2,True
2025,35,2025-08-25,Jalisco,Guadalajara,Erisipela,8,boletin_pdf,9.5,4.725815626252608,18.951631252505216,-0.31740552713636927,False,False,False,0,False
2025,35,2025-08-25,Jalisco,Guadalajara,Escarlatina,0,boletin_pdf,6.0,2.309401076758503,10.618802153517006,-2.598076211353316,False,False,False,0,False
2025,35,2025-08-25,Jalisco,Guadalajara,Rubeola,0,boletin_pdf,0.0,0.0,0.0,0.0,False,False,False,0,False
2025,35,2025-08-25,Jalisco,Guadalajara,Sarampion,0,boletin_pdf,0.0,0.0,0.0,0.0,False,False,False,0,False
2025,35,2025-08-25,Nuevo León,Monterrey,Erisipela,58,boletin_pdf,114.0,19.6638416050035,153.327683210007,-2.8478667152074038,False,False,False,0,False
2025,35,2025-08-25,Nuevo León,Monterrey,Escarlatina,0,boletin_pdf,6.5,5.0,16.5,-1.3,False,False,False,0,False
2025,35,2025-08-25,Nuevo León,Monterrey,Rubeola,0,boletin_pdf,0.0,0.0,0.0,0.0,False,False,False,0,False
2025,35,2025-08-25,Nuevo León,Monterrey,Sarampion,0,boletin_pdf,0.0,0.0,0.0,0.0,False,False,False,0,False
2025,36,2025-09-01,Ciudad de México,CDMX,Erisipela,6,boletin_pdf,10.0,7.118052168020874,24.23610433604175,-0.5619514869490164,False,False,False,0,False
2025,36,2025-09-01,Ciudad de México,CDMX,Escarlatina,2,boletin_pdf,7.0,6.831300510639732,20.662601021279464,-0.7319250547113999,False,False,False,0,False
2025,36,2025-09-01,Ciudad de México,CDMX,Rubeola,0,boletin_pdf,0.0,0.0,0.0,0.0,False,False,False,0,False
2025,36,2025-09-01,Ciudad de México,CDMX,Sarampion,2,SEFE_csv,0.0,0.0,0.0,2.0,False,True,True,2,True
2025,36,2025-09-01,Jalisco,Guadalajara,Erisipela,12,boletin_pdf,7.5,7.187952884282608,21.875905768565218,0.6260475092762272,False,False,False,0,False
2025,36,2025-09-01,Jalisco,Guadalajara,Escarlatina,2,boletin_pdf,6.0,5.163977794943222,16.327955589886443,-0.7745966692414834,False,False,False,0,False
2025,36,2025-09-01,Jalisco,Guadalajara,Rubeola,0,boletin_pdf,0.0,0.0,0.0,0.0,False,False,False,0,False
2025,36,2025-09-01,Jalisco,Guadalajara,Sarampion,0,boletin_pdf,0.0,0.0,0.0,0.0,False,False,False,0,False
2025,36,2025-09-01,Nuevo León,Monterrey,Erisipela,44,boletin_pdf,107.0,20.165977949672232,147.33195589934445,-3.1240736331869274,False,False,False,0,False
2025,36,2025-09-01,Nuevo León,Monterrey,Escarlatina,8,boletin_pdf,6.5,5.259911279353167,17.019822558706334,0.28517591273601506,False,False,False,0,False
2025,36,2025-09-01,Nuevo León,Monterrey,Rubeola,0,boletin_pdf,0.0,0.0,0.0,0.0,False,False,False,0,False
2025,36,2025-09-01,Nuevo León,Monterrey,Sarampion,0,boletin_pdf,0.0,0.0,0.0,0.0,False,False,False,0,False
2025,37,2025-09-08,Ciudad de México,CDMX,Erisipela,6,boletin_pdf,12.5,8.386497083606082,29.272994167212165,-0.7750554176792352,False,False,False,0,False
2025,37,2025-09-08,Ciudad de México,CDMX,Escarlatina,6,boletin_pdf,10.5,8.225975119502044,26.951950239004088,-0.5470476064693478,False,False,False,0,False
2025,37,2025-09-08,Ciudad de México,CDMX,Rubeola,0,boletin_pdf,0.0,0.0,0.0,0.0,False,False,False,0,False
2025,37,2025-09-08,Ciudad de México,CDMX,Sarampion,0,boletin_pdf,0.0,0.0,0.0,0.0,False,False,False,0,False
2025,37,2025-09-08,Jalisco,Guadalajara,Erisipela,2,boletin_pdf,9.5,5.0,19.5,-1.5,False,False,False,0,False
2025,37,2025-09-08,Jalisco,Guadalajara,Escarlatina,2,boletin_pdf,8.5,6.403124237432849,21.306248474865697,-1.0151294522759393,False,False,False,0,False
2025,37,2025-09-08,Jalisco,Guadalajara,Rubeola,0,boletin_pdf,0.0,0.0,0.0,0.0,False,False,False,0,False
2025,37,2025-09-08,Jalisco,Guadalajara,Sarampion,1,SEFE_csv,0.0,0.0,0.0,1.0,False,True,True,2,True
2025,37,2025-09-08,Jalisco,Guadalajara,Sarampion,0,boletin_pdf,0.0,0.0,0.0,0.0,False,False,False,0,False
2025,37,2025-09-08,Nuevo León,Monterrey,Erisipela,46,boletin_pdf,100.0,17.73884626086676,135.47769252173353,-3.0441664134114568,False,False,False,0,False
2025,37,2025-09-08,Nuevo León,Monterrey,Escarlatina,2,boletin_pdf,4.5,1.0,6.5,-2.5,False,False,False,0,False
2025,37,2025-09-08,Nuevo León,Monterrey,Rubeola,0,boletin_pdf,0.0,0.0,0.0,0.0,False,False,False,0,False
2025,37,2025-09-08,Nuevo León,Monterrey,Sarampion,0,boletin_pdf,0.0,0.0,0.0,0.0,False,False,False,0,False
2025,38,2025-09-15,Ciudad de México,CDMX,Erisipela,12,boletin_pdf,10.0,10.583005244258363,31.166010488516726,0.1889822365046136,False,False,False,0,False
2025,38,2025-09-15,Ciudad de México,CDMX,Escarlatina,4,boletin_pdf,6.5,5.972157622389639,18.444315244779276,-0.4186091791394607,False,False,False,0,False
2025,38,2025-09-15,Ciudad de México,CDMX,Rubeola,0,boletin_pdf,0.0,0.0,0.0,0.0,False,False,False,0,False
2025,38,2025-09-15,Ciudad de México,CDMX,Sarampion,0,boletin_pdf,0.0,0.0,0.0,0.0,False,False,False,0,False
2025,38,2025-09-15,Jalisco,Guadalajara,Erisipela,6,boletin_pdf,7.5,2.516611478423583,12.533222956847165,-0.5960395606792698,False,False,False,0,False
2025,38,2025-09-15,Jalisco,Guadalajara,Escarlatina,2,boletin_pdf,10.0,5.656854249492381,21.31370849898476,-1.414213562373095,False,False,False,0,False
2025,38,2025-09-15,Jalisco,Guadalajara,Rubeola,0,boletin_pdf,0.0,0.0,0.0,0.0,False,False,False,0,False
2025,38,2025-09-15,Jalisco,Guadalajara,Sarampion,0,boletin_pdf,0.0,0.0,0.0,0.0,False,False,False,0,False
2025,38,2025-09-15,Nuevo León,Monterrey,Erisipela,64,boletin_pdf,98.0,4.320493798938572,106.64098759787714,-7.8694708480666895,False,False,False,0,False
2025,38,2025-09-15,Nuevo León,Monterrey,Escarlatina,4,boletin_pdf,9.0,6.0,21.0,-0.8333333333333334,False,False,False,0,False
2025,38,2025-09-15,Nuevo León,Monterrey,Rubeola,0,boletin_pdf,0.0,0.0,0.0,0.0,False,False,False,0,False
2025,38,2025-09-15,Nuevo León,Monterrey,Sarampion,0,boletin_pdf,0.0,0.0,0.0,0.0,False,False,False,0,False
2025,39,2025-09-22,Ciudad de México,CDMX,Erisipela,0,boletin_pdf,12.0,10.708252269472673,33.41650453894535,-1.1206310514564426,False,False,False,0,False
2025,39,2025-09-22,Ciudad de México,CDMX,Escarlatina,6,boletin_pdf,9.5,8.06225774829855,25.6245154965971,-0.43412157106222965,False,False,False,0,False
2025,39,2025-09-22,Ciudad de México,CDMX,Rubeola,0,boletin_pdf,0.0,0.0,0.0,0.0,False,False,False,0,False
2025,39,2025-09-22,Ciudad de México,CDMX,Sarampion,0,boletin_pdf,0.0,0.0,0.0,0.0,False,False,False,0,False
2025,39,2025-09-22,Jalisco,Guadalajara,Erisipela,6,boletin_pdf,9.0,8.406346808612328,25.812693617224657,-0.3568732135731648,False,False,False,0,False
2025,39,2025-09-22,Jalisco,Guadalajara,Escarlatina,4,boletin_pdf,5.0,3.8297084310253524,12.659416862050705,-0.26111648393354675,False,False,False,0,False
2025,39,2025-09-22,Jalisco,Guadalajara,Rubeola,0,boletin_pdf,0.0,0.0,0.0,0.0,False,False,False,0,False
2025,39,2025-09-22,Jalisco,Guadalajara,Sarampion,4,SEFE_csv,0.0,0.0,0.0,4.0,True,True,True,3,True
2025,39,2025-09-22,Nuevo León,Monterrey,Erisipela,64,boletin_pdf,123.5,10.630145812734648,144.7602916254693,-5.597289166882405,False,False,False,0,False
2025,39,2025-09-22,Nuevo León,Monterrey,Escarlatina,2,boletin_pdf,10.5,9.146948489341495,28.79389697868299,-0.9292716592757296,False,False,False,0,False
2025,39,2025-09-22,Nuevo León,Monterrey,Rubeola,0,boletin_pdf,0.0,0.0,0.0,0.0,False,False,False,0,False
2025,39,2025-09-22,Nuevo León,Monterrey,Sarampion,0,boletin_pdf,0.0,0.0,0.0,0.0,False,False,False,0,False
2025,40,2025-09-29,Ciudad de México,CDMX,Erisipela,12,boletin_pdf,10.0,7.118052168020874,24.23610433604175,0.2809757434745082,False,False,False,0,False
2025,40,2025-09-29,Ciudad de México,CDMX,Escarlatina,8,boletin_pdf,14.0,14.787382008545888,43.57476401709178,-0.40575133560034454,False,False,False,0,False
2025,40,2025-09-29,Ciudad de México,CDMX,Rubeola,0,boletin_pdf,0.0,0.0,0.0,0.0,False,False,False,0,False
2025,40,2025-09-29,Ciudad de México,CDMX,Sarampion,0,boletin_pdf,0.0,0.0,0.0,0.0,False,False,False,0,False
2025,40,2025-09-29,Jalisco,Guadalajara,Erisipela,10,boletin_pdf,9.5,1.9148542155126762,13.329708431025352,0.26111648393354675,False,False,False,0,False
2025,40,2025-09-29,Jalisco,Guadalajara,Escarlatina,4,boletin_pdf,9.0,3.4641016151377544,15.928203230275509,-1.4433756729740645,False,False,False,0,False
2025,40,2025-09-29,Jalisco,Guadalajara,Rubeola,0,boletin_pdf,0.0,0.0,0.0,0.0,False,False,False,0,False
2025,40,2025-09-29,Jalisco,Guadalajara,Sarampion,57,SEFE_csv,0.0,0.0,0.0,57.0,True,True,True,3,True
2025,40,2025-09-29,Nuevo León,Monterrey,Erisipela,36,boletin_pdf,85.5,5.972157622389639,97.44431524477928,-8.288461746961323,False,False,False,0,False
2025,40,2025-09-29,Nuevo León,Monterrey,Escarlatina,0,boletin_pdf,11.5,7.54983443527075,26.5996688705415,-1.5232122106248003,False,False,False,0,False
2025,40,2025-09-29,Nuevo León,Monterrey,Rubeola,0,boletin_pdf,0.0,0.0,0.0,0.0,False,False,False,0,False
2025,40,2025-09-29,Nuevo León,Monterrey,Sarampion,0,boletin_pdf,0.0,0.0,0.0,0.0,False,False,False,0,False
2025,41,2025-10-06,Ciudad de México,CDMX,Erisipela,18,boletin_pdf,12.5,10.376254944182254,33.25250988836451,0.5300563671176693,False,False,False,0,False
2025,41,2025-10-06,Ciudad de México,CDMX,Escarlatina,4,boletin_pdf,15.0,12.489995996796797,39.97999199359359,-0.8807048459279793,False,False,False,0,False
2025,41,2025-10-06,Ciudad de México,CDMX,Rubeola,0,boletin_pdf,0.0,0.0,0.0,0.0,False,False,False,0,False
2025,41,2025-10-06,Ciudad de México,CDMX,Sarampion,0,boletin_pdf,0.0,0.0,0.0,0.0,False,False,False,0,False
2025,41,2025-10-06,Jalisco,Guadalajara,Erisipela,6,boletin_pdf,7.0,2.5819888974716108,12.163977794943222,-0.38729833462074176,False,False,False,0,False
2025,41,2025-10-06,Jalisco,Guadalajara,Escarlatina,8,boletin_pdf,7.0,5.291502622129181,17.583005244258363,0.1889822365046136,False,False,False,0,False
2025,41,2025-10-06,Jalisco,Guadalajara,Rubeola,0,boletin_pdf,0.0,0.0,0.0,0.0,False,False,False,0,False
2025,41,2025-10-06,Jalisco,Guadalajara,Sarampion,19,SEFE_csv,0.0,0.0,0.0,19.0,True,True,True,3,True
2025,41,2025-10-06,Nuevo León,Monterrey,Erisipela,64,boletin_pdf,104.5,9.848857801796102,124.1977156035922,-4.112151968791158,False,False,False,0,False
2025,41,2025-10-06,Nuevo León,Monterrey,Escarlatina,2,boletin_pdf,7.5,4.123105625617661,15.746211251235321,-1.3339459376998313,False,False,False,0,False
2025,41,2025-10-06,Nuevo León,Monterrey,Rubeola,0,boletin_pdf,0.0,0.0,0.0,0.0,False,False,False,0,False
2025,41,2025-10-06,Nuevo León,Monterrey,Sarampion,0,boletin_pdf,0.0,0.0,0.0,0.0,False,False,False,0,False
2025,42,2025-10-13,Ciudad de México,CDMX,Erisipela,8,boletin_pdf,16.0,13.9522996909709,43.9045993819418,-0.5733821790809959,False,False,False,0,False
2025,42,2025-10-13,Ciudad de México,CDMX,Escarlatina,10,boletin_pdf,12.5,10.115993936995679,32.73198787399136,-0.24713340236960127,False,False,False,0,False
2025,42,2025-10-13,Ciudad de México,CDMX,Rubeola,0,boletin_pdf,0.0,0.0,0.0,0.0,False,False,False,0,False
2025,42,2025-10-13,Ciudad de México,CDMX,Sarampion,0,boletin_pdf,0.0,0.0,0.0,0.0,False,False,False,0,False
2025,42,2025-10-13,Jalisco,Guadalajara,Erisipela,4,boletin_pdf,7.5,5.972157622389639,19.444315244779276,-0.5860528507952449,False,False,False,0,False
2025,42,2025-10-13,Jalisco,Guadalajara,Escarlatina,10,boletin_pdf,6.0,2.8284271247461903,11.65685424949238,1.414213562373095,False,False,False,0,False
2025,42,2025-10-13,Jalisco,Guadalajara,Rubeola,0,boletin_pdf,0.0,0.0,0.0,0.0,False,False,False,0,False
2025,42,2025-10-13,Jalisco,Guadalajara,Sarampion,32,SEFE_csv,0.0,0.0,0.0,32.0,True,True,True,3,True
2025,42,2025-10-13,Nuevo León,Monterrey,Erisipela,44,boletin_pdf,112.5,5.507570547286103,123.5151410945722,-12.437425796343888,False,False,False,0,False
2025,42,2025-10-13,Nuevo León,Monterrey,Escarlatina,2,boletin_pdf,9.0,5.773502691896258,20.547005383792516,-1.212435565298214,False,False,False,0,False
2025,42,2025-10-13,Nuevo León,Monterrey,Rubeola,0,boletin_pdf,0.0,0.0,0.0,0.0,False,False,False,0,False
2025,42,2025-10-13,Nuevo León,Monterrey,Sarampion,0,boletin_pdf,0.0,0.0,0.0,0.0,False,False,False,0,False
2025,43,2025-10-20,Ciudad de México,CDMX,Erisipela,18,boletin_pdf,16.0,12.649110640673518,41.29822128134704,0.15811388300841897,False,False,False,0,False
2025,43,2025-10-20,Ciudad de México,CDMX,Escarlatina,8,boletin_pdf,15.5,10.503967504392486,36.50793500878497,-0.714015917972299,False,False,False,0,False
2025,43,2025-10-20,Ciudad de México,CDMX,Rubeola,0,boletin_pdf,0.0,0.0,0.0,0.0,False,False,False,0,False
2025,43,2025-10-20,Ciudad de México,CDMX,Sarampion,1,SEFE_csv,0.0,0.0,0.0,1.0,False,True,True,2,True
2025,43,2025-10-20,Ciudad de México,CDMX,Sarampion,0,boletin_pdf,0.0,0.0,0.0,0.0,False,False,False,0,False
2025,43,2025-10-20,Jalisco,Guadalajara,Erisipela,14,boletin_pdf,12.5,4.123105625617661,20.746211251235323,0.36380343755449945,False,False,False,0,False
2025,43,2025-10-20,Jalisco,Guadalajara,Escarlatina,4,boletin_pdf,5.0,2.581988897471611,10.163977794943222,-0.3872983346207417,False,False,False,0,False
2025,43,2025-10-20,Jalisco,Guadalajara,Rubeola,0,boletin_pdf,0.0,0.0,0.0,0.0,False,False,False,0,False
2025,43,2025-10-20,Jalisco,Guadalajara,Sarampion,23,SEFE_csv,0.0,0.0,0.0,23.0,True,True,True,3,True
2025,43,2025-10-20,Nuevo León,Monterrey,Erisipela,56,boletin_pdf,104.0,23.03620339089466,150.0724067817893,-2.0836766886236378,False,False,False,0,False
2025,43,2025-10-20,Nuevo León,Monterrey,Escarlatina,0,boletin_pdf,5.0,3.4641016151377544,11.928203230275509,-1.4433756729740645,False,False,False,0,False
2025,43,2025-10-20,Nuevo León,Monterrey,Rubeola,0,boletin_pdf,0.0,0.0,0.0,0.0,False,False,False,0,False
2025,43,2025-10-20,Nuevo León,Monterrey,Sarampion,0,boletin_pdf,0.0,0.0,0.0,0.0,False,False,False,0,False
2025,44,2025-10-27,Ciudad de México,CDMX,Erisipela,8,boletin_pdf,15.0,10.519822558706334,36.03964511741267,-0.6654104630507017,False,False,False,0,False
2025,44,2025-10-27,Ciudad de México,CDMX,Escarlatina,2,boletin_pdf,19.5,13.69914839202301,46.898296784046025,-1.2774516706593395,False,False,False,0,False
2025,44,2025-10-27,Ciudad de México,CDMX,Rubeola,0,boletin_pdf,0.0,0.0,0.0,0.0,False,False,False,0,False
2025,44,2025-10-27,Ciudad de México,CDMX,Sarampion,0,boletin_pdf,0.0,0.0,0.0,0.0,False,False,False,0,False
2025,44,2025-10-27,Jalisco,Guadalajara,Erisipela,6,boletin_pdf,11.0,5.291502622129181,21.583005244258363,-0.944911182523068,False,False,False,0,False
2025,44,2025-10-27,Jalisco,Guadalajara,Escarlatina,6,boletin_pdf,5.0,2.0,9.0,0.5,False,False,False,0,False
2025,44,2025-10-27,Jalisco,Guadalajara,Rubeola,0,boletin_pdf,0.0,0.0,0.0,0.0,False,False,False,0,False
2025,44,2025-10-27,Jalisco,Guadalajara,Sarampion,9,SEFE_csv,0.0,0.0,0.0,9.0,True,True,True,3,True
2025,44,2025-10-27,Nuevo León,Monterrey,Erisipela,46,boletin_pdf,101.0,14.832396974191322,130.66479394838265,-3.7080992435478324,False,False,False,0,False
2025,44,2025-10-27,Nuevo León,Monterrey,Escarlatina,4,boletin_pdf,5.5,2.9999999999999996,11.5,-0.5000000000000001,False,False,False,0,False
2025,44,2025-10-27,Nuevo León,Monterrey,Rubeola,0,boletin_pdf,0.0,0.0,0.0,0.0,False,False,False,0,False
2025,44,2025-10-27,Nuevo León,Monterrey,Sarampion,0,boletin_pdf,0.0,0.0,0.0,0.0,False,False,False,0,False
2025,45,2025-11-03,Ciudad de México,CDMX,Erisipela,6,boletin_pdf,8.5,5.744562646538028,19.989125293076057,-0.43519413988924466,False,False,False,0,False
2025,45,2025-11-03,Ciudad de México,CDMX,Escarlatina,6,boletin_pdf,15.0,10.893423092245461,36.786846184490926,-0.8261865828388412,False,False,False,0,False
2025,45,2025-11-03,Ciudad de México,CDMX,Rubeola,0,boletin_pdf,0.0,0.0,0.0,0.0,False,False,False,0,False
2025,45,2025-11-03,Ciudad de México,CDMX,Sarampion,0,boletin_pdf,0.0,0.0,0.0,0.0,False,False,False,0,False
2025,45,2025-11-03,Jalisco,Guadalajara,Erisipela,8,boletin_pdf,7.0,2.581988897471611,12.163977794943222,0.3872983346207417,False,False,False,0,False
2025,45,2025-11-03,Jalisco,Guadalajara,Escarlatina,4,boletin_pdf,7.0,2.581988897471611,12.163977794943222,-1.161895003862225,False,False,False,0,False
2025,45,2025-11-03,Jalisco,Guadalajara,Rubeola,0,boletin_pdf,0.0,0.0,0.0,0.0,False,False,False,0,False
2025,45,2025-11-03,Jalisco,Guadalajara,Sarampion,25,SEFE_csv,0.0,0.0,0.0,25.0,True,True,True,3,True
2025,45,2025-11-03,Nuevo León,Monterrey,Erisipela,36,boletin_pdf,72.0,11.31370849898476,94.62741699796952,-3.1819805153394642,False,False,False,0,False
2025,45,2025-11-03,Nuevo León,Monterrey,Escarlatina,4,boletin_pdf,8.0,4.320493798938574,16.64098759787715,-0.9258200997725514,False,False,False,0,False
2025,45,2025-11-03,Nuevo León,Monterrey,Rubeola,0,boletin_pdf,0.0,0.0,0.0,0.0,False,False,False,0,False
2025,45,2025-11-03,Nuevo León,Monterrey,Sarampion,0,boletin_pdf,0.0,0.0,0.0,0.0,False,False,False,0,False
2025,46,2025-11-10,Ciudad de México,CDMX,Erisipela,6,boletin_pdf,12.0,9.092121131323903,30.184242262647807,-0.6599120175960899,False,False,False,0,False
2025,46,2025-11-10,Ciudad de México,CDMX,Escarlatina,12,boletin_pdf,19.5,16.36052158907737,52.22104317815474,-0.4584205924710346,False,False,False,0,False
2025,46,2025-11-10,Ciudad de México,CDMX,Rubeola,0,boletin_pdf,0.0,0.0,0.0,0.0,False,False,False,0,False
2025,46,2025-11-10,Ciudad de México,CDMX,Sarampion,0,boletin_pdf,0.0,0.0,0.0,0.0,False,False,False,0,False
2025,46,2025-11-10,Jalisco,Guadalajara,Erisipela,6,boletin_pdf,11.5,4.123105625617661,19.746211251235323,-1.3339459376998313,False,False,False,0,False
2025,46,2025-11-10,Jalisco,Guadalajara,Escarlatina,0,boletin_pdf,8.0,2.8284271247461903,13.65685424949238,-2.82842712474619,False,False,False,0,False
2025,46,2025-11-10,Jalisco,Guadalajara,Rubeola,0,boletin_pdf,0.0,0.0,0.0,0.0,False,False,False,0,False
2025,46,2025-11-10,Jalisco,Guadalajara,Sarampion,25,SEFE_csv,0.0,0.0,0.0,25.0,True,True,True,3,True
2025,46,2025-11-10,Nuevo León,Monterrey,Erisipela,46,boletin_pdf,92.5,10.246950765959598,112.99390153191919,-4.537935339210679,False,False,False,0,False
2025,46,2025-11-10,Nuevo León,Monterrey,Escarlatina,0,boletin_pdf,8.5,4.123105625617661,16.746211251235323,-2.0615528128088303,False,False,False,0,False
2025,46,2025-11-10,Nuevo León,Monterrey,Rubeola,0,boletin_pdf,0.0,0.0,0.0,0.0,False,False,False,0,False
2025,46,2025-11-10,Nuevo León,Monterrey,Sarampion,0,boletin_pdf,0.0,0.0,0.0,0.0,False,False,False,0,False
2025,47,2025-11-17,Ciudad de México,CDMX,Erisipela,2,boletin_pdf,3.5,4.123105625617661,11.746211251235321,-0.36380343755449945,False,False,False,0,False
2025,47,2025-11-17,Ciudad de México,CDMX,Escarlatina,4,boletin_pdf,9.0,6.6332495807108,22.2664991614216,-0.753778361444409,False,False,False,0,False
2025,47,2025-11-17,Ciudad de México,CDMX,Rubeola,0,boletin_pdf,0.0,0.0,0.0,0.0,False,False,False,0,False
2025,47,2025-11-17,Ciudad de México,CDMX,Sarampion,0,boletin_pdf,0.0,0.0,0.0,0.0,False,False,False,0,False
2025,47,2025-11-17,Jalisco,Guadalajara,Erisipela,6,boletin_pdf,10.5,4.43471156521669,19.369423130433383,-1.014722137803819,False,False,False,0,False
2025,47,2025-11-17,Jalisco,Guadalajara,Escarlatina,6,boletin_pdf,4.0,3.265986323710904,10.531972647421808,0.6123724356957945,False,False,False,0,False
2025,47,2025-11-17,Jalisco,Guadalajara,Rubeola,0,boletin_pdf,0.0,0.0,0.0,0.0,False,False,False,0,False
2025,47,2025-11-17,Jalisco,Guadalajara,Sarampion,30,SEFE_csv,0.0,0.0,0.0,30.0,True,True,True,3,True
2025,47,2025-11-17,Nuevo León,Monterrey,Erisipela,46,boletin_pdf,70.0,21.602468994692867,113.20493798938574,-1.1109841197270618,False,False,False,0,False
2025,47,2025-11-17,Nuevo León,Monterrey,Escarlatina,2,boletin_pdf,5.5,4.43471156521669,14.36942313043338,-0.7892283294029703,False,False,False,0,False
2025,47,2025-11-17,Nuevo León,Monterrey,Rubeola,0,boletin_pdf,0.0,0.0,0.0,0.0,False,False,False,0,False
2025,47,2025-11-17,Nuevo León,Monterrey,Sarampion,0,boletin_pdf,0.0,0.0,0.0,0.0,False,False,False,0,False
2025,48,2025-11-24,Ciudad de México,CDMX,Erisipela,4,boletin_pdf,15.0,11.135528725660043,37.27105745132009,-0.987829161147262,False,False,False,0,False
2025,48,2025-11-24,Ciudad de México,CDMX,Escarlatina,4,boletin_pdf,14.5,12.793227374930325,40.08645474986065,-0.8207467664161003,False,False,False,0,False
2025,48,2025-11-24,Ciudad de México,CDMX,Rubeola,0,boletin_pdf,0.0,0.0,0.0,0.0,False,False,False,0,False
2025,48,2025-11-24,Ciudad de México,CDMX,Sarampion,0,boletin_pdf,0.0,0.0,0.0,0.0,False,False,False,0,False
2025,48,2025-11-24,Jalisco,Guadalajara,Erisipela,10,boletin_pdf,9.0,3.4641016151377544,15.928203230275509,0.2886751345948129,False,False,False,0,False
2025,48,2025-11-24,Jalisco,Guadalajara,Escarlatina,4,boletin_pdf,3.5,1.0,5.5,0.5,False,False,False,0,False
2025,48,2025-11-24,Jalisco,Guadalajara,Rubeola,0,boletin_pdf,0.0,0.0,0.0,0.0,False,False,False,0,False
2025,48,2025-11-24,Jalisco,Guadalajara,Sarampion,42,SEFE_csv,0.0,0.0,0.0,42.0,True,True,True,3,True
2025,48,2025-11-24,Nuevo León,Monterrey,Erisipela,62,boletin_pdf,59.0,6.2182527020592095,71.43650540411842,0.4824506406770077,False,False,False,0,False
2025,48,2025-11-24,Nuevo León,Monterrey,Escarlatina,4,boletin_pdf,16.5,21.80978373727412,60.11956747454824,-0.5731372741049611,False,False,False,0,False
2025,48,2025-11-24,Nuevo León,Monterrey,Rubeola,0,boletin_pdf,0.0,0.0,0.0,0.0,False,False,False,0,False
2025,48,2025-11-24,Nuevo León,Monterrey,Sarampion,0,boletin_pdf,0.0,0.0,0.0,0.0,False,False,False,0,False
2025,49,2025-12-01,Ciudad de México,CDMX,Erisipela,0,boletin_pdf,10.5,10.246950765959598,30.993901531919196,-1.02469507659596,False,False,False,0,False
2025,49,2025-12-01,Ciudad de México,CDMX,Escarlatina,6,boletin_pdf,14.0,9.38083151964686,32.76166303929372,-0.8528028654224417,False,False,False,0,False
2025,49,2025-12-01,Ciudad de México,CDMX,Rubeola,0,boletin_pdf,0.0,0.0,0.0,0.0,False,False,False,0,False
2025,49,2025-12-01,Ciudad de México,CDMX,Sarampion,5,SEFE_csv,0.0,0.0,0.0,5.0,True,True,True,3,True
2025,49,2025-12-01,Jalisco,Guadalajara,Erisipela,4,boletin_pdf,2.5,1.9148542155126762,6.329708431025352,0.7833494518006403,False,False,False,0,False
2025,49,2025-12-01,Jalisco,Guadalajara,Escarlatina,4,boletin_pdf,7.0,5.773502691896258,18.547005383792516,-0.5196152422706631,False,False,False,0,False
2025,49,2025-12-01,Jalisco,Guadalajara,Rubeola,0,boletin_pdf,0.0,0.0,0.0,0.0,False,False,False,0,False
2025,49,2025-12-01,Jalisco,Guadalajara,Sarampion,73,SEFE_csv,0.0,0.0,0.0,73.0,True,True,True,3,True
2025,49,2025-12-01,Nuevo León,Monterrey,Erisipela,44,boletin_pdf,66.5,9.146948489341495,84.793896978683,-2.4598367451416374,False,False,False,0,False
2025,49,2025-12-01,Nuevo León,Monterrey,Escarlatina,4,boletin_pdf,8.0,4.898979485566356,17.79795897113271,-0.8164965809277261,False,False,False,0,False
2025,49,2025-12-01,Nuevo León,Monterrey,Rubeola,0,boletin_pdf,0.0,0.0,0.0,0.0,False,False,False,0,False
2025,49,2025-12-01,Nuevo León,Monterrey,Sarampion,0,boletin_pdf,0.0,0.0,0.0,0.0,False,False,False,0,False
2025,50,2025-12-08,Ciudad de México,CDMX,Erisipela,8,boletin_pdf,10.5,9.0,28.5,-0.2777777777777778,False,False,False,0,False
2025,50,2025-12-08,Ciudad de México,CDMX,Escarlatina,8,boletin_pdf,10.5,8.225975119502044,26.951950239004088,-0.3039153369274154,False,False,False,0,False
2025,50,2025-12-08,Ciudad de México,CDMX,Rubeola,0,boletin_pdf,0.0,0.0,0.0,0.0,False,False,False,0,False
2025,50,2025-12-08,Ciudad de México,CDMX,Sarampion,0,boletin_pdf,0.0,0.0,0.0,0.0,False,False,False,0,False
2025,50,2025-12-08,Jalisco,Guadalajara,Erisipela,0,boletin_pdf,9.5,5.0,19.5,-1.9,False,False,False,0,False
2025,50,2025-12-08,Jalisco,Guadalajara,Escarlatina,2,boletin_pdf,2.5,2.516611478423583,7.533222956847166,-0.1986798535597566,False,False,False,0,False
2025,50,2025-12-08,Jalisco,Guadalajara,Rubeola,0,boletin_pdf,0.0,0.0,0.0,0.0,False,False,False,0,False
2025,50,2025-12-08,Jalisco,Guadalajara,Sarampion,65,SEFE_csv,0.0,0.0,0.0,65.0,True,True,True,3,True
2025,50,2025-12-08,Nuevo León,Monterrey,Erisipela,44,boletin_pdf,78.0,12.328828005937952,102.6576560118759,-2.757764159222963,False,False,False,0,False
2025,50,2025-12-08,Nuevo León,Monterrey,Escarlatina,12,boletin_pdf,3.5,2.516611478423583,8.533222956847165,3.377557510515862,True,True,True,3,True
2025,50,2025-12-08,Nuevo León,Monterrey,Rubeola,0,boletin_pdf,0.0,0.0,0.0,0.0,False,False,False,0,False
2025,50,2025-12-08,Nuevo León,Monterrey,Sarampion,0,boletin_pdf,0.0,0.0,0.0,0.0,False,False,False,0,False
2025,51,2025-12-15,Ciudad de México,CDMX,Erisipela,6,boletin_pdf,6.5,5.972157622389639,18.444315244779276,-0.08372183582789214,False,False,False,0,False
2025,51,2025-12-15,Ciudad de México,CDMX,Escarlatina,0,boletin_pdf,14.5,13.203534880225574,40.90706976045115,-1.0981907596363525,False,False,False,0,False
2025,51,2025-12-15,Ciudad de México,CDMX,Rubeola,0,boletin_pdf,0.0,0.0,0.0,0.0,False,False,False,0,False
2025,51,2025-12-15,Ciudad de México,CDMX,Sarampion,2,SEFE_csv,0.0,0.0,0.0,2.0,False,True,True,2,True
2025,51,2025-12-15,Ciudad de México,CDMX,Sarampion,0,boletin_pdf,0.0,0.0,0.0,0.0,False,False,False,0,False
2025,51,2025-12-15,Jalisco,Guadalajara,Erisipela,4,boletin_pdf,6.0,4.320493798938574,14.640987597877148,-0.4629100498862757,False,False,False,0,False
2025,51,2025-12-15,Jalisco,Guadalajara,Escarlatina,10,boletin_pdf,9.0,6.6332495807108,22.2664991614216,0.15075567228888181,False,False,False,0,False
2025,51,2025-12-15,Jalisco,Guadalajara,Rubeola,0,boletin_pdf,0.0,0.0,0.0,0.0,False,False,False,0,False
2025,51,2025-12-15,Jalisco,Guadalajara,Sarampion,10,SEFE_csv,0.0,0.0,0.0,10.0,True,True,True,3,True
2025,51,2025-12-15,Nuevo León,Monterrey,Erisipela,48,boletin_pdf,59.0,10.132456102380443,79.26491220476089,-1.0856202966836188,False,False,False,0,False
2025,51,2025-12-15,Nuevo León,Monterrey,Escarlatina,0,boletin_pdf,4.5,4.43471156521669,13.36942313043338,-1.014722137803819,False,False,False,0,False
2025,51,2025-12-15,Nuevo León,Monterrey,Rubeola,0,boletin_pdf,0.0,0.0,0.0,0.0,False,False,False,0,False
2025,51,2025-12-15,Nuevo León,Monterrey,Sarampion,0,boletin_pdf,0.0,0.0,0.0,0.0,False,False,False,0,False
2025,52,2025-12-22,Ciudad de México,CDMX,Erisipela,0,boletin_pdf,5.5,3.7859388972001824,13.071877794400365,-1.4527439954372794,False,False,False,0,False
2025,52,2025-12-22,Ciudad de México,CDMX,Escarlatina,8,boletin_pdf,10.5,11.474609652039003,33.44921930407801,-0.21787233516529755,False,False,False,0,False
2025,52,2025-12-22,Ciudad de México,CDMX,Rubeola,0,boletin_pdf,0.0,0.0,0.0,0.0,False,False,False,0,False
2025,52,2025-12-22,Ciudad de México,CDMX,Sarampion,0,boletin_pdf,0.0,0.0,0.0,0.0,False,False,False,0,False
2025,52,2025-12-22,Jalisco,Guadalajara,Erisipela,8,boletin_pdf,4.5,1.9148542155126762,8.329708431025352,1.8278153875348273,False,False,False,0,False
2025,52,2025-12-22,Jalisco,Guadalajara,Escarlatina,10,boletin_pdf,5.5,5.7445626465380295,16.989125293076057,0.7833494518006402,False,False,False,0,False
2025,52,2025-12-22,Jalisco,Guadalajara,Rubeola,0,boletin_pdf,0.0,0.0,0.0,0.0,False,False,False,0,False
2025,52,2025-12-22,Jalisco,Guadalajara,Sarampion,0,boletin_pdf,0.0,0.0,0.0,0.0,False,False,False,0,False
2025,52,2025-12-22,Nuevo León,Monterrey,Erisipela,36,boletin_pdf,50.5,15.351438586225939,81.20287717245188,-0.9445368861397856,False,False,False,0,False
2025,52,2025-12-22,Nuevo León,Monterrey,Escarlatina,4,boletin_pdf,9.0,12.701705922171767,34.40341184434354,-0.39364791081110845,False,False,False,0,False
2025,52,2025-12-22,Nuevo León,Monterrey,Rubeola,0,boletin_pdf,0.0,0.0,0.0,0.0,False,False,False,0,False
2025,52,2025-12-22,Nuevo León,Monterrey,Sarampion,0,boletin_pdf,0.0,0.0,0.0,0.0,False,False,False,0,False
2025,53,2025-12-22,Ciudad de México,CDMX,Erisipela,6,boletin_pdf,0.0,0.0,0.0,6.0,True,True,True,3,True
2025,53,2025-12-22,Ciudad de México,CDMX,Escarlatina,10,boletin_pdf,0.0,0.0,0.0,10.0,True,True,True,3,True
2025,53,2025-12-22,Ciudad de México,CDMX,Rubeola,0,boletin_pdf,0.0,0.0,0.0,0.0,False,False,False,0,False
2025,53,2025-12-22,Ciudad de México,CDMX,Sarampion,0,boletin_pdf,0.0,0.0,0.0,0.0,False,False,False,0,False
2025,53,2025-12-22,Jalisco,Guadalajara,Erisipela,12,boletin_pdf,0.0,0.0,0.0,12.0,True,True,True,3,True
2025,53,2025-12-22,Jalisco,Guadalajara,Escarlatina,4,boletin_pdf,0.0,0.0,0.0,4.0,True,True,True,3,True
2025,53,2025-12-22,Jalisco,Guadalajara,Rubeola,0,boletin_pdf,0.0,0.0,0.0,0.0,False,False,False,0,False
2025,53,2025-12-22,Jalisco,Guadalajara,Sarampion,0,boletin_pdf,0.0,0.0,0.0,0.0,False,False,False,0,False
2025,53,2025-12-22,Nuevo León,Monterrey,Erisipela,28,boletin_pdf,0.0,0.0,0.0,28.0,True,True,True,3,True
2025,53,2025-12-22,Nuevo León,Monterrey,Escarlatina,4,boletin_pdf,0.0,0.0,0.0,4.0,True,True,True,3,True
2025,53,2025-12-22,Nuevo León,Monterrey,Rubeola,0,boletin_pdf,0.0,0.0,0.0,0.0,False,False,False,0,False
2025,53,2025-12-22,Nuevo León,Monterrey,Sarampion,0,boletin_pdf,0.0,0.0,0.0,0.0,False,False,False,0,False
2026,1,2025-12-29,Ciudad de México,CDMX,Erisipela,2,boletin_pdf,3.0,6.0,15.0,-0.16666666666666666,False,False,False,0,False
2026,1,2025-12-29,Ciudad de México,CDMX,Escarlatina,4,boletin_pdf,2.0,2.8284271247461903,7.656854249492381,0.7071067811865475,False,False,False,0,False
2026,1,2025-12-29,Ciudad de México,CDMX,Rubeola,0,boletin_pdf,0.0,0.0,0.0,0.0,False,False,False,0,False
2026,1,2025-12-29,Ciudad de México,CDMX,Sarampion,0,boletin_pdf,0.0,0.0,0.0,0.0,False,False,False,0,False
2026,1,2025-12-29,Jalisco,Guadalajara,Erisipela,10,boletin_pdf,6.0,4.898979485566356,15.797958971132712,0.8164965809277261,False,False,False,0,False
2026,1,2025-12-29,Jalisco,Guadalajara,Escarlatina,8,boletin_pdf,3.0,2.5819888974716108,8.163977794943222,1.9364916731037087,False,False,False,0,False
2026,1,2025-12-29,Jalisco,Guadalajara,Rubeola,0,boletin_pdf,0.0,0.0,0.0,0.0,False,False,False,0,False
2026,1,2025-12-29,Jalisco,Guadalajara,Sarampion,14,SEFE_csv,0.0,0.0,0.0,14.0,True,True,True,3,True
2026,1,2025-12-29,Nuevo León,Monterrey,Erisipela,34,boletin_pdf,51.5,20.6801031589948,92.8602063179896,-0.8462240185870825,False,False,False,0,False
2026,1,2025-12-29,Nuevo León,Monterrey,Escarlatina,2,boletin_pdf,5.5,5.7445626465380295,16.989125293076057,-0.6092717958449424,False,False,False,0,False
2026,1,2025-12-29,Nuevo León,Monterrey,Rubeola,0,boletin_pdf,0.0,0.0,0.0,0.0,False,False,False,0,False
2026,1,2025-12-29,Nuevo León,Monterrey,Sarampion,0,boletin_pdf,0.0,0.0,0.0,0.0,False,False,False,0,False
2026,2,2026-01-05,Ciudad de México,CDMX,Erisipela,6,boletin_pdf,4.5,5.744562646538029,15.989125293076057,0.26111648393354675,False,False,False,0,False
2026,2,2026-01-05,Ciudad de México,CDMX,Escarlatina,4,boletin_pdf,2.5,3.785938897200182,10.071877794400365,0.3962029078465308,False,False,False,0,False
2026,2,2026-01-05,Ciudad de México,CDMX,Rubeola,0,boletin_pdf,0.0,0.0,0.0,0.0,False,False,False,0,False
2026,2,2026-01-05,Ciudad de México,CDMX,Sarampion,0,boletin_pdf,0.0,0.0,0.0,0.0,False,False,False,0,False
2026,2,2026-01-05,Jalisco,Guadalajara,Erisipela,8,boletin_pdf,7.0,4.163331998932265,15.32666399786453,0.2401922307076307,False,False,False,0,False
2026,2,2026-01-05,Jalisco,Guadalajara,Escarlatina,0,boletin_pdf,8.0,3.265986323710904,14.531972647421808,-2.449489742783178,False,False,False,0,False
2026,2,2026-01-05,Jalisco,Guadalajara,Rubeola,0,boletin_pdf,0.0,0.0,0.0,0.0,False,False,False,0,False
2026,2,2026-01-05,Jalisco,Guadalajara,Sarampion,0,boletin_pdf,0.0,0.0,0.0,0.0,False,False,False,0,False
2026,2,2026-01-05,Nuevo León,Monterrey,Erisipela,42,boletin_pdf,61.0,9.309493362512628,79.61898672502525,-2.0409273910123837,False,False,False,0,False
2026,2,2026-01-05,Nuevo León,Monterrey,Escarlatina,4,boletin_pdf,1.5,1.0,3.5,2.5,True,True,False,2,True
2026,2,2026-01-05,Nuevo León,Monterrey,Rubeola,0,boletin_pdf,0.0,0.0,0.0,0.0,False,False,False,0,False
2026,2,2026-01-05,Nuevo León,Monterrey,Sarampion,0,boletin_pdf,0.0,0.0,0.0,0.0,False,False,False,0,False
2026,3,2026-01-12,Ciudad de México,CDMX,Erisipela,6,boletin_pdf,5.0,5.773502691896257,16.547005383792516,0.17320508075688773,False,False,False,0,False
2026,3,2026-01-12,Ciudad de México,CDMX,Escarlatina,10,boletin_pdf,3.5,5.744562646538029,14.989125293076057,1.131504763712036,False,False,False,0,False
2026,3,2026-01-12,Ciudad de México,CDMX,Rubeola,0,boletin_pdf,0.0,0.0,0.0,0.0,False,False,False,0,False
2026,3,2026-01-12,Ciudad de México,CDMX,Sarampion,0,boletin_pdf,0.0,0.0,0.0,0.0,False,False,False,0,False
2026,3,2026-01-12,Jalisco,Guadalajara,Erisipela,18,boletin_pdf,6.0,4.0,14.0,3.0,True,True,False,2,True
2026,3,2026-01-12,Jalisco,Guadalajara,Escarlatina,6,boletin_pdf,6.5,2.9999999999999996,12.5,-0.16666666666666669,False,False,False,0,False
2026,3,2026-01-12,Jalisco,Guadalajara,Rubeola,0,boletin_pdf,0.0,0.0,0.0,0.0,False,False,False,0,False
2026,3,2026-01-12,Jalisco,Guadalajara,Sarampion,0,boletin_pdf,0.0,0.0,0.0,0.0,False,False,False,0,False
2026,3,2026-01-12,Nuevo León,Monterrey,Erisipela,18,boletin_pdf,77.0,16.77299416721217,110.54598833442434,-3.5175592033134513,False,False,False,0,False
2026,3,2026-01-12,Nuevo León,Monterrey,Escarlatina,2,boletin_pdf,4.0,2.8284271247461903,9.65685424949238,-0.7071067811865475,False,False,False,0,False
2026,3,2026-01-12,Nuevo León,Monterrey,Rubeola,0,boletin_pdf,0.0,0.0,0.0,0.0,False,False,False,0,False
2026,3,2026-01-12,Nuevo León,Monterrey,Sarampion,0,boletin_pdf,0.0,0.0,0.0,0.0,False,False,False,0,False
2026,4,2026-01-19,Ciudad de México,CDMX,Erisipela,4,boletin_pdf,4.5,6.60807586719967,17.71615173439934,-0.07566499084579774,False,False,False,0,False
2026,4,2026-01-19,Ciudad de México,CDMX,Escarlatina,6,boletin_pdf,6.0,6.928203230275509,19.856406460551018,0.0,False,False,False,0,False
2026,4,2026-01-19,Ciudad de México,CDMX,Rubeola,0,boletin_pdf,0.0,0.0,0.0,0.0,False,False,False,0,False
2026,4,2026-01-19,Ciudad de México,CDMX,Sarampion,0,boletin_pdf,0.0,0.0,0.0,0.0,False,False,False,0,False
2026,4,2026-01-19,Jalisco,Guadalajara,Erisipela,6,boletin_pdf,9.0,3.8297084310253524,16.659416862050705,-0.7833494518006403,False,False,False,0,False
2026,4,2026-01-19,Jalisco,Guadalajara,Escarlatina,2,boletin_pdf,5.0,3.8297084310253524,12.659416862050705,-0.7833494518006403,False,False,False,0,False
2026,4,2026-01-19,Jalisco,Guadalajara,Rubeola,0,boletin_pdf,0.0,0.0,0.0,0.0,False,False,False,0,False
2026,4,2026-01-19,Jalisco,Guadalajara,Sarampion,0,boletin_pdf,0.0,0.0,0.0,0.0,False,False,False,0,False
2026,4,2026-01-19,Nuevo León,Monterrey,Erisipela,36,boletin_pdf,55.5,5.507570547286103,66.5151410945722,-3.5405810661124937,False,False,False,0,False
2026,4,2026-01-19,Nuevo León,Monterrey,Escarlatina,2,boletin_pdf,4.0,4.320493798938574,12.640987597877148,-0.4629100498862757,False,False,False,0,False
2026,4,2026-01-19,Nuevo León,Monterrey,Rubeola,0,boletin_pdf,0.0,0.0,0.0,0.0,False,False,False,0,False
2026,4,2026-01-19,Nuevo León,Monterrey,Sarampion,0,boletin_pdf,0.0,0.0,0.0,0.0,False,False,False,0,False
2026,5,2026-01-26,Ciudad de México,CDMX,Erisipela,4,boletin_pdf,6.5,8.54400374531753,23.58800749063506,-0.2926028679903264,False,False,False,0,False
2026,5,2026-01-26,Ciudad de México,CDMX,Escarlatina,4,boletin_pdf,8.0,10.456258094238748,28.912516188477497,-0.38254602783800296,False,False,False,0,False
2026,5,2026-01-26,Ciudad de México,CDMX,Rubeola,0,boletin_pdf,0.0,0.0,0.0,0.0,False,False,False,0,False
2026,5,2026-01-26,Ciudad de México,CDMX,Sarampion,0,boletin_pdf,0.0,0.0,0.0,0.0,False,False,False,0,False
2026,5,2026-01-26,Jalisco,Guadalajara,Erisipela,12,boletin_pdf,8.0,3.6514837167011076,15.302967433402216,1.0954451150103321,False,False,False,0,False
2026,5,2026-01-26,Jalisco,Guadalajara,Escarlatina,4,boletin_pdf,5.0,3.4641016151377544,11.928203230275509,-0.2886751345948129,False,False,False,0,False
2026,5,2026-01-26,Jalisco,Guadalajara,Rubeola,0,boletin_pdf,0.0,0.0,0.0,0.0,False,False,False,0,False
2026,5,2026-01-26,Jalisco,Guadalajara,Sarampion,0,boletin_pdf,0.0,0.0,0.0,0.0,False,False,False,0,False
2026,5,2026-01-26,Nuevo León,Monterrey,Erisipela,24,boletin_pdf,69.0,7.745966692414834,84.49193338482966,-5.809475019311125,False,False,False,0,False
2026,5,2026-01-26,Nuevo León,Monterrey,Escarlatina,4,boletin_pdf,5.0,2.0,9.0,-0.5,False,False,False,0,False
2026,5,2026-01-26,Nuevo León,Monterrey,Rubeola,0,boletin_pdf,0.0,0.0,0.0,0.0,False,False,False,0,False
2026,5,2026-01-26,Nuevo León,Monterrey,Sarampion,0,boletin_pdf,0.0,0.0,0.0,0.0,False,False,False,0,False
2026,6,2026-02-02,Ciudad de México,CDMX,Erisipela,10,boletin_pdf,8.0,9.797958971132712,27.595917942265423,0.20412414523193154,False,False,False,0,False
2026,6,2026-02-02,Ciudad de México,CDMX,Escarlatina,8,boletin_pdf,9.0,10.519822558706334,30.039645117412668,-0.09505863757867168,False,False,False,0,False
2026,6,2026-02-02,Ciudad de México,CDMX,Rubeola,0,boletin_pdf,0.0,0.0,0.0,0.0,False,False,False,0,False
2026,6,2026-02-02,Ciudad de México,CDMX,Sarampion,16,SEFE_csv,0.0,0.0,0.0,16.0,True,True,True,3,True
2026,6,2026-02-02,Jalisco,Guadalajara,Erisipela,6,boletin_pdf,3.5,1.9148542155126762,7.329708431025352,1.3055824196677337,False,False,False,0,False
2026,6,2026-02-02,Jalisco,Guadalajara,Escarlatina,4,boletin_pdf,5.5,1.9148542155126762,9.329708431025352,-0.7833494518006403,False,False,False,0,False
2026,6,2026-02-02,Jalisco,Guadalajara,Rubeola,0,boletin_pdf,0.0,0.0,0.0,0.0,False,False,False,0,False
2026,6,2026-02-02,Jalisco,Guadalajara,Sarampion,223,SEFE_csv,0.0,0.0,0.0,223.0,True,True,True,3,True
2026,6,2026-02-02,Nuevo León,Monterrey,Erisipela,36,boletin_pdf,69.5,9.71253485622231,88.92506971244462,-3.4491510708492656,False,False,False,0,False
2026,6,2026-02-02,Nuevo León,Monterrey,Escarlatina,2,boletin_pdf,5.5,4.123105625617661,13.746211251235321,-0.8488746876271654,False,False,False,0,False
2026,6,2026-02-02,Nuevo León,Monterrey,Rubeola,0,boletin_pdf,0.0,0.0,0.0,0.0,False,False,False,0,False
2026,6,2026-02-02,Nuevo León,Monterrey,Sarampion,2,SEFE_csv,0.0,0.0,0.0,2.0,False,True,True,2,True
2026,7,2026-02-09,Ciudad de México,CDMX,Erisipela,12,boletin_pdf,5.0,6.6332495807108,18.2664991614216,1.0552897060221726,False,False,False,0,False
2026,7,2026-02-09,Ciudad de México,CDMX,Escarlatina,20,boletin_pdf,5.0,6.6332495807108,18.2664991614216,2.2613350843332274,True,False,True,2,True
2026,7,2026-02-09,Ciudad de México,CDMX,Rubeola,0,boletin_pdf,0.0,0.0,0.0,0.0,False,False,False,0,False
2026,7,2026-02-09,Ciudad de México,CDMX,Sarampion,0,boletin_pdf,0.0,0.0,0.0,0.0,False,False,False,0,False
2026,7,2026-02-09,Jalisco,Guadalajara,Erisipela,6,boletin_pdf,8.0,3.6514837167011076,15.302967433402216,-0.5477225575051661,False,False,False,0,False
2026,7,2026-02-09,Jalisco,Guadalajara,Escarlatina,0,boletin_pdf,5.0,2.581988897471611,10.163977794943222,-1.9364916731037085,False,False,False,0,False
2026,7,2026-02-09,Jalisco,Guadalajara,Rubeola,0,boletin_pdf,0.0,0.0,0.0,0.0,False,False,False,0,False
2026,7,2026-02-09,Jalisco,Guadalajara,Sarampion,0,boletin_pdf,0.0,0.0,0.0,0.0,False,False,False,0,False
2026,7,2026-02-09,Nuevo León,Monterrey,Erisipela,52,boletin_pdf,72.5,13.79613472438325,100.0922694487665,-1.4859234422934677,False,False,False,0,False
2026,7,2026-02-09,Nuevo León,Monterrey,Escarlatina,6,boletin_pdf,7.0,6.6332495807108,20.2664991614216,-0.15075567228888181,False,False,False,0,False
2026,7,2026-02-09,Nuevo León,Monterrey,Rubeola,0,boletin_pdf,0.0,0.0,0.0,0.0,False,False,False,0,False
2026,7,2026-02-09,Nuevo León,Monterrey,Sarampion,0,boletin_pdf,0.0,0.0,0.0,0.0,False,False,False,0,False
2026,8,2026-02-16,Ciudad de México,CDMX,Erisipela,4,boletin_pdf,10.0,12.000000000000002,34.0,-0.49999999999999994,False,False,False,0,False
2026,8,2026-02-16,Ciudad de México,CDMX,Escarlatina,4,boletin_pdf,6.0,9.521904571390465,25.04380914278093,-0.21004201260420152,False,False,False,0,False
2026,8,2026-02-16,Ciudad de México,CDMX,Rubeola,0,boletin_pdf,0.0,0.0,0.0,0.0,False,False,False,0,False
2026,8,2026-02-16,Ciudad de México,CDMX,Sarampion,0,boletin_pdf,0.0,0.0,0.0,0.0,False,False,False,0,False
2026,8,2026-02-16,Jalisco,Guadalajara,Erisipela,6,boletin_pdf,7.0,4.760952285695233,16.521904571390465,-0.21004201260420147,False,False,False,0,False
2026,8,2026-02-16,Jalisco,Guadalajara,Escarlatina,8,boletin_pdf,6.0,4.320493798938574,14.640987597877148,0.4629100498862757,False,False,False,0,False
2026,8,2026-02-16,Jalisco,Guadalajara,Rubeola,0,boletin_pdf,0.0,0.0,0.0,0.0,False,False,False,0,False
2026,8,2026-02-16,Jalisco,Guadalajara,Sarampion,0,boletin_pdf,0.0,0.0,0.0,0.0,False,False,False,0,False
2026,8,2026-02-16,Nuevo León,Monterrey,Erisipela,68,boletin_pdf,79.0,21.19748412744619,121.39496825489238,-0.5189295075710122,False,False,False,0,False
2026,8,2026-02-16,Nuevo León,Monterrey,Escarlatina,6,boletin_pdf,7.0,4.760952285695232,16.521904571390465,-0.21004201260420152,False,False,False,0,False
2026,8,2026-02-16,Nuevo León,Monterrey,Rubeola,0,boletin_pdf,0.0,0.0,0.0,0.0,False,False,False,0,False
2026,8,2026-02-16,Nuevo León,Monterrey,Sarampion,0,boletin_pdf,0.0,0.0,0.0,0.0,False,False,False,0,False
2026,9,2026-02-23,Ciudad de México,CDMX,Erisipela,8,boletin_pdf,7.5,10.376254944182254,28.252509888364507,0.04818694246524267,False,False,False,0,False
2026,9,2026-02-23,Ciudad de México,CDMX,Escarlatina,6,boletin_pdf,9.5,11.704699910719626,32.90939982143925,-0.2990251802008663,False,False,False,0,False
2026,9,2026-02-23,Ciudad de México,CDMX,Rubeola,0,boletin_pdf,0.0,0.0,0.0,0.0,False,False,False,0,False
2026,9,2026-02-23,Ciudad de México,CDMX,Sarampion,0,boletin_pdf,0.0,0.0,0.0,0.0,False,False,False,0,False
2026,9,2026-02-23,Jalisco,Guadalajara,Erisipela,6,boletin_pdf,6.5,3.415650255319866,13.331300510639732,-0.14638501094227999,False,False,False,0,False
2026,9,2026-02-23,Jalisco,Guadalajara,Escarlatina,4,boletin_pdf,5.5,3.415650255319866,12.331300510639732,-0.43915503282683993,False,False,False,0,False
2026,9,2026-02-23,Jalisco,Guadalajara,Rubeola,0,boletin_pdf,0.0,0.0,0.0,0.0,False,False,False,0,False
2026,9,2026-02-23,Jalisco,Guadalajara,Sarampion,0,boletin_pdf,0.0,0.0,0.0,0.0,False,False,False,0,False
2026,9,2026-02-23,Nuevo León,Monterrey,Erisipela,76,boletin_pdf,91.5,22.8837642591132,137.2675285182264,-0.6773361158808171,False,False,False,0,False
2026,9,2026-02-23,Nuevo León,Monterrey,Escarlatina,12,boletin_pdf,6.5,4.123105625617661,14.746211251235321,1.3339459376998313,False,True,False,1,False
2026,9,2026-02-23,Nuevo León,Monterrey,Rubeola,0,boletin_pdf,0.0,0.0,0.0,0.0,False,False,False,0,False
2026,9,2026-02-23,Nuevo León,Monterrey,Sarampion,0,boletin_pdf,0.0,0.0,0.0,0.0,False,False,False,0,False
2026,10,2026-03-02,Ciudad de México,CDMX,Erisipela,8,boletin_pdf,5.5,4.123105625617661,13.746211251235321,0.6063390625908325,False,False,False,0,False
2026,10,2026-03-02,Ciudad de México,CDMX,Escarlatina,8,boletin_pdf,18.5,14.45683229480096,47.41366458960192,-0.7263001870593784,False,False,False,0,False
2026,10,2026-03-02,Ciudad de México,CDMX,Rubeola,0,boletin_pdf,0.0,0.0,0.0,0.0,False,False,False,0,False
2026,10,2026-03-02,Ciudad de México,CDMX,Sarampion,14,SEFE_csv,0.0,0.0,0.0,14.0,True,True,True,3,True
2026,10,2026-03-02,Jalisco,Guadalajara,Erisipela,0,boletin_pdf,9.5,1.9148542155126764,13.329708431025352,-4.961213194737388,False,False,False,0,False
2026,10,2026-03-02,Jalisco,Guadalajara,Escarlatina,4,boletin_pdf,4.5,2.516611478423583,9.533222956847165,-0.1986798535597566,False,False,False,0,False
2026,10,2026-03-02,Jalisco,Guadalajara,Rubeola,0,boletin_pdf,0.0,0.0,0.0,0.0,False,False,False,0,False
2026,10,2026-03-02,Jalisco,Guadalajara,Sarampion,104,SEFE_csv,0.0,0.0,0.0,104.0,True,True,True,3,True
2026,10,2026-03-02,Nuevo León,Monterrey,Erisipela,60,boletin_pdf,89.5,17.0,123.5,-1.7352941176470589,False,False,False,0,False
2026,10,2026-03-02,Nuevo León,Monterrey,Escarlatina,2,boletin_pdf,9.5,9.0,27.5,-0.8333333333333334,False,False,False,0,False
2026,10,2026-03-02,Nuevo León,Monterrey,Rubeola,0,boletin_pdf,0.0,0.0,0.0,0.0,False,False,False,0,False
2026,10,2026-03-02,Nuevo León,Monterrey,Sarampion,5,SEFE_csv,0.0,0.0,0.0,5.0,True,True,True,3,True
2026,11,2026-03-09,Ciudad de México,CDMX,Erisipela,12,boletin_pdf,16.0,10.954451150103322,37.90890230020665,-0.3651483716701107,False,False,False,0,False
2026,11,2026-03-09,Ciudad de México,CDMX,Escarlatina,12,boletin_pdf,20.0,13.856406460551018,47.712812921102035,-0.5773502691896258,False,False,False,0,False
2026,11,2026-03-09,Ciudad de México,CDMX,Rubeola,0,boletin_pdf,0.0,0.0,0.0,0.0,False,False,False,0,False
2026,11,2026-03-09,Ciudad de México,CDMX,Sarampion,0,boletin_pdf,0.0,0.0,0.0,0.0,False,False,False,0,False
2026,11,2026-03-09,Jalisco,Guadalajara,Erisipela,6,boletin_pdf,7.5,4.725815626252609,16.951631252505216,-0.3174055271363692,False,False,False,0,False
2026,11,2026-03-09,Jalisco,Guadalajara,Escarlatina,0,boletin_pdf,5.5,4.725815626252608,14.951631252505216,-1.1638202661666872,False,False,False,0,False
2026,11,2026-03-09,Jalisco,Guadalajara,Rubeola,0,boletin_pdf,0.0,0.0,0.0,0.0,False,False,False,0,False
2026,11,2026-03-09,Jalisco,Guadalajara,Sarampion,0,boletin_pdf,0.0,0.0,0.0,0.0,False,False,False,0,False
2026,11,2026-03-09,Nuevo León,Monterrey,Erisipela,46,boletin_pdf,74.0,9.521904571390467,93.04380914278093,-2.9405881764588204,False,False,False,0,False
2026,11,2026-03-09,Nuevo León,Monterrey,Escarlatina,6,boletin_pdf,5.0,4.760952285695233,14.521904571390467,0.21004201260420147,False,False,False,0,False
2026,11,2026-03-09,Nuevo León,Monterrey,Rubeola,0,boletin_pdf,0.0,0.0,0.0,0.0,False,False,False,0,False
2026,11,2026-03-09,Nuevo León,Monterrey,Sarampion,0,boletin_pdf,0.0,0.0,0.0,0.0,False,False,False,0,False
2026,12,2026-03-16,Ciudad de México,CDMX,Erisipela,8,boletin_pdf,11.0,9.865765724632494,30.73153144926499,-0.3040818202797687,False,False,False,0,False
2026,12,2026-03-16,Ciudad de México,CDMX,Escarlatina,6,boletin_pdf,20.5,15.864005379054394,52.22801075810879,-0.9140188529653853,False,False,False,0,False
2026,12,2026-03-16,Ciudad de México,CDMX,Rubeola,0,boletin_pdf,0.0,0.0,0.0,0.0,False,False,False,0,False
2026,12,2026-03-16,Ciudad de México,CDMX,Sarampion,0,boletin_pdf,0.0,0.0,0.0,0.0,False,False,False,0,False
2026,12,2026-03-16,Jalisco,Guadalajara,Erisipela,10,boletin_pdf,10.5,6.60807586719967,23.71615173439934,-0.07566499084579774,False,False,False,0,False
2026,12,2026-03-16,Jalisco,Guadalajara,Escarlatina,8,boletin_pdf,5.0,6.2182527020592095,17.43650540411842,0.4824506406770077,False,False,False,0,False
2026,12,2026-03-16,Jalisco,Guadalajara,Rubeola,0,boletin_pdf,0.0,0.0,0.0,0.0,False,False,False,0,False
2026,12,2026-03-16,Jalisco,Guadalajara,Sarampion,0,boletin_pdf,0.0,0.0,0.0,0.0,False,False,False,0,False
2026,12,2026-03-16,Nuevo León,Monterrey,Erisipela,40,boletin_pdf,81.0,16.852299546352715,114.70459909270542,-2.4329023992974,False,False,False,0,False
2026,12,2026-03-16,Nuevo León,Monterrey,Escarlatina,2,boletin_pdf,11.0,11.604596790352806,34.209193580705616,-0.7755547359889252,False,False,False,0,False
2026,12,2026-03-16,Nuevo León,Monterrey,Rubeola,0,boletin_pdf,0.0,0.0,0.0,0.0,False,False,False,0,False
2026,12,2026-03-16,Nuevo León,Monterrey,Sarampion,0,boletin_pdf,0.0,0.0,0.0,0.0,False,False,False,0,False
2026,13,2026-03-23,Ciudad de México,CDMX,Erisipela,0,boletin_pdf,9.5,7.54983443527075,24.5996688705415,-1.2583057392117916,False,False,False,0,False
2026,13,2026-03-23,Ciudad de México,CDMX,Escarlatina,0,boletin_pdf,18.0,15.05545305418162,48.11090610836324,-1.1955800954791287,False,False,False,0,False
2026,13,2026-03-23,Ciudad de México,CDMX,Rubeola,0,boletin_pdf,0.0,0.0,0.0,0.0,False,False,False,0,False
2026,13,2026-03-23,Ciudad de México,CDMX,Sarampion,0,boletin_pdf,0.0,0.0,0.0,0.0,False,False,False,0,False
2026,13,2026-03-23,Jalisco,Guadalajara,Erisipela,0,boletin_pdf,13.0,3.4641016151377544,19.928203230275507,-3.7527767497325675,False,False,False,0,False
2026,13,2026-03-23,Jalisco,Guadalajara,Escarlatina,0,boletin_pdf,5.5,6.191391873668904,17.882783747337808,-0.8883301383959731,False,False,False,0,False
2026,13,2026-03-23,Jalisco,Guadalajara,Rubeola,0,boletin_pdf,0.0,0.0,0.0,0.0,False,False,False,0,False
2026,13,2026-03-23,Jalisco,Guadalajara,Sarampion,0,boletin_pdf,0.0,0.0,0.0,0.0,False,False,False,0,False
2026,13,2026-03-23,Nuevo León,Monterrey,Erisipela,0,boletin_pdf,72.5,36.71057976478534,145.92115952957067,-1.974907518882219,False,False,False,0,False
2026,13,2026-03-23,Nuevo León,Monterrey,Escarlatina,0,boletin_pdf,6.0,1.632993161855452,9.265986323710905,-3.6742346141747673,False,False,False,0,False
2026,13,2026-03-23,Nuevo León,Monterrey,Rubeola,0,boletin_pdf,0.0,0.0,0.0,0.0,False,False,False,0,False
2026,13,2026-03-23,Nuevo León,Monterrey,Sarampion,0,boletin_pdf,0.0,0.0,0.0,0.0,False,False,False,0,False
2026,14,2026-03-30,Ciudad de México,CDMX,Erisipela,0,boletin_pdf,8.0,7.483314773547883,22.966629547095764,-1.0690449676496976,False,False,False,0,False
2026,14,2026-03-30,Ciudad de México,CDMX,Escarlatina,0,boletin_pdf,19.5,15.609825965290794,50.71965193058159,-1.2492131586450226,False,False,False,0,False
2026,14,2026-03-30,Ciudad de México,CDMX,Rubeola,0,boletin_pdf,0.0,0.0,0.0,0.0,False,False,False,0,False
2026,14,2026-03-30,Ciudad de México,CDMX,Sarampion,23,SEFE_csv,0.0,0.0,0.0,23.0,True,True,True,3,True
2026,14,2026-03-30,Jalisco,Guadalajara,Erisipela,0,boletin_pdf,8.0,5.887840577551898,19.775681155103797,-1.3587324409735149,False,False,False,0,False
2026,14,2026-03-30,Jalisco,Guadalajara,Escarlatina,0,boletin_pdf,6.0,5.656854249492381,17.31370849898476,-1.0606601717798212,False,False,False,0,False
2026,14,2026-03-30,Jalisco,Guadalajara,Rubeola,0,boletin_pdf,0.0,0.0,0.0,0.0,False,False,False,0,False
2026,14,2026-03-30,Jalisco,Guadalajara,Sarampion,136,SEFE_csv,0.0,0.0,0.0,136.0,True,True,True,3,True
2026,14,2026-03-30,Nuevo León,Monterrey,Erisipela,0,boletin_pdf,92.0,33.94112549695428,159.88225099390854,-2.7105759945484325,False,False,False,0,False
2026,14,2026-03-30,Nuevo León,Monterrey,Escarlatina,0,boletin_pdf,5.0,3.4641016151377544,11.928203230275509,-1.4433756729740645,False,False,False,0,False
2026,14,2026-03-30,Nuevo León,Monterrey,Rubeola,0,boletin_pdf,0.0,0.0,0.0,0.0,False,False,False,0,False
2026,14,2026-03-30,Nuevo León,Monterrey,Sarampion,3,SEFE_csv,0.0,0.0,0.0,3.0,True,True,True,3,True
2026,15,2026-04-06,Ciudad de México,CDMX,Erisipela,0,boletin_pdf,13.5,18.138357147217054,49.77671429443411,-0.7442790926669612,False,False,False,0,False
2026,15,2026-04-06,Ciudad de México,CDMX,Escarlatina,0,boletin_pdf,14.5,11.0,36.5,-1.3181818181818181,False,False,False,0,False
2026,15,2026-04-06,Ciudad de México,CDMX,Rubeola,0,boletin_pdf,0.0,0.0,0.0,0.0,False,False,False,0,False
2026,15,2026-04-06,Ciudad de México,CDMX,Sarampion,0,boletin_pdf,0.0,0.0,0.0,0.0,False,False,False,0,False
2026,15,2026-04-06,Jalisco,Guadalajara,Erisipela,0,boletin_pdf,9.5,4.123105625617661,17.746211251235323,-2.3040884378451634,False,False,False,0,False
2026,15,2026-04-06,Jalisco,Guadalajara,Escarlatina,0,boletin_pdf,7.0,5.773502691896258,18.547005383792516,-1.212435565298214,False,False,False,0,False
2026,15,2026-04-06,Jalisco,Guadalajara,Rubeola,0,boletin_pdf,0.0,0.0,0.0,0.0,False,False,False,0,False
2026,15,2026-04-06,Jalisco,Guadalajara,Sarampion,0,boletin_pdf,0.0,0.0,0.0,0.0,False,False,False,0,False
2026,15,2026-04-06,Nuevo León,Monterrey,Erisipela,0,boletin_pdf,93.5,11.0,115.5,-8.5,False,False,False,0,False
2026,15,2026-04-06,Nuevo León,Monterrey,Escarlatina,0,boletin_pdf,17.0,13.71130920080209,44.42261840160418,-1.2398524277321037,False,False,False,0,False
2026,15,2026-04-06,Nuevo León,Monterrey,Rubeola,0,boletin_pdf,0.0,0.0,0.0,0.0,False,False,False,0,False
2026,15,2026-04-06,Nuevo León,Monterrey,Sarampion,0,boletin_pdf,0.0,0.0,0.0,0.0,False,False,False,0,False
2026,16,2026-04-13,Ciudad de México,CDMX,Erisipela,0,boletin_pdf,8.0,5.41602560309064,18.83205120618128,-1.4770978917519928,False,False,False,0,False
2026,16,2026-04-13,Ciudad de México,CDMX,Escarlatina,0,boletin_pdf,20.0,13.856406460551018,47.712812921102035,-1.4433756729740645,False,False,False,0,False
2026,16,2026-04-13,Ciudad de México,CDMX,Rubeola,0,boletin_pdf,0.0,0.0,0.0,0.0,False,False,False,0,False
2026,16,2026-04-13,Ciudad de México,CDMX,Sarampion,0,boletin_pdf,0.0,0.0,0.0,0.0,False,False,False,0,False
2026,16,2026-04-13,Jalisco,Guadalajara,Erisipela,0,boletin_pdf,8.5,6.60807586719967,21.71615173439934,-1.2863048443785616,False,False,False,0,False
2026,16,2026-04-13,Jalisco,Guadalajara,Escarlatina,0,boletin_pdf,4.0,1.632993161855452,7.265986323710904,-2.449489742783178,False,False,False,0,False
2026,16,2026-04-13,Jalisco,Guadalajara,Rubeola,0,boletin_pdf,0.0,0.0,0.0,0.0,False,False,False,0,False
2026,16,2026-04-13,Jalisco,Guadalajara,Sarampion,0,boletin_pdf,0.0,0.0,0.0,0.0,False,False,False,0,False
2026,16,2026-04-13,Nuevo León,Monterrey,Erisipela,0,boletin_pdf,94.0,16.08311744241976,126.16623488483953,-5.8446380396422315,False,False,False,0,False
2026,16,2026-04-13,Nuevo León,Monterrey,Escarlatina,0,boletin_pdf,10.0,8.16496580927726,26.32993161855452,-1.224744871391589,False,False,False,0,False
2026,16,2026-04-13,Nuevo León,Monterrey,Rubeola,0,boletin_pdf,0.0,0.0,0.0,0.0,False,False,False,0,False
2026,16,2026-04-13,Nuevo León,Monterrey,Sarampion,0,boletin_pdf,0.0,0.0,0.0,0.0,False,False,False,0,False
2026,17,2026-04-20,Ciudad de México,CDMX,Erisipela,0,boletin_pdf,10.0,8.485281374238571,26.970562748477143,-1.178511301977579,False,False,False,0,False
2026,17,2026-04-20,Ciudad de México,CDMX,Escarlatina,0,boletin_pdf,18.5,12.583057392117917,43.66611478423583,-1.4702309163421985,False,False,False,0,False
2026,17,2026-04-20,Ciudad de México,CDMX,Rubeola,0,boletin_pdf,0.0,0.0,0.0,0.0,False,False,False,0,False
2026,17,2026-04-20,Ciudad de México,CDMX,Sarampion,0,boletin_pdf,0.0,0.0,0.0,0.0,False,False,False,0,False
2026,17,2026-04-20,Jalisco,Guadalajara,Erisipela,0,boletin_pdf,9.0,6.2182527020592095,21.43650540411842,-1.4473519220310231,False,False,False,0,False
2026,17,2026-04-20,Jalisco,Guadalajara,Escarlatina,0,boletin_pdf,5.0,4.163331998932265,13.32666399786453,-1.2009611535381535,False,False,False,0,False
2026,17,2026-04-20,Jalisco,Guadalajara,Rubeola,0,boletin_pdf,0.0,0.0,0.0,0.0,False,False,False,0,False
2026,17,2026-04-20,Jalisco,Guadalajara,Sarampion,0,boletin_pdf,0.0,0.0,0.0,0.0,False,False,False,0,False
2026,17,2026-04-20,Nuevo León,Monterrey,Erisipela,0,boletin_pdf,79.5,25.73583752927682,130.97167505855364,-3.089077629961008,False,False,False,0,False
2026,17,2026-04-20,Nuevo León,Monterrey,Escarlatina,0,boletin_pdf,11.0,5.291502622129181,21.583005244258363,-2.0788046015507495,False,False,False,0,False
2026,17,2026-04-20,Nuevo León,Monterrey,Rubeola,0,boletin_pdf,0.0,0.0,0.0,0.0,False,False,False,0,False
2026,17,2026-04-20,Nuevo León,Monterrey,Sarampion,0,boletin_pdf,0.0,0.0,0.0,0.0,False,False,False,0,False
2026,18,2026-04-27,Ciudad de México,CDMX,Erisipela,0,boletin_pdf,10.5,8.54400374531753,27.58800749063506,-1.228932045559371,False,False,False,0,False
2026,18,2026-04-27,Ciudad de México,CDMX,Escarlatina,0,boletin_pdf,15.0,10.893423092245461,36.786846184490926,-1.3769776380647352,False,False,False,0,False
2026,18,2026-04-27,Ciudad de México,CDMX,Rubeola,0,boletin_pdf,0.0,0.0,0.0,0.0,False,False,False,0,False
2026,18,2026-04-27,Ciudad de México,CDMX,Sarampion,14,SEFE_csv,0.0,0.0,0.0,14.0,True,True,True,3,True
2026,18,2026-04-27,Jalisco,Guadalajara,Erisipela,0,boletin_pdf,4.0,3.6514837167011076,11.302967433402216,-1.0954451150103321,False,False,False,0,False
2026,18,2026-04-27,Jalisco,Guadalajara,Escarlatina,0,boletin_pdf,4.0,5.656854249492381,15.313708498984761,-0.7071067811865475,False,False,False,0,False
2026,18,2026-04-27,Jalisco,Guadalajara,Rubeola,0,boletin_pdf,0.0,0.0,0.0,0.0,False,False,False,0,False
2026,18,2026-04-27,Jalisco,Guadalajara,Sarampion,182,SEFE_csv,0.0,0.0,0.0,182.0,True,True,True,3,True
2026,18,2026-04-27,Nuevo León,Monterrey,Erisipela,0,boletin_pdf,95.5,15.864005379054392,127.22801075810878,-6.019917272978918,False,False,False,0,False
2026,18,2026-04-27,Nuevo León,Monterrey,Escarlatina,0,boletin_pdf,24.0,29.34848093740685,82.6969618748137,-0.8177595307636584,False,False,False,0,False
2026,18,2026-04-27,Nuevo León,Monterrey,Rubeola,0,boletin_pdf,0.0,0.0,0.0,0.0,False,False,False,0,False
2026,18,2026-04-27,Nuevo León,Monterrey,Sarampion,0,boletin_pdf,0.0,0.0,0.0,0.0,False,False,False,0,False
2026,19,2026-05-04,Ciudad de México,CDMX,Erisipela,0,boletin_pdf,13.0,9.309493362512628,31.618986725025255,-1.396424004376894,False,False,False,0,False
2026,19,2026-05-04,Ciudad de México,CDMX,Escarlatina,0,boletin_pdf,18.0,12.110601416389967,42.22120283277994,-1.4863010829205867,False,False,False,0,False
2026,19,2026-05-04,Ciudad de México,CDMX,Rubeola,0,boletin_pdf,0.0,0.0,0.0,0.0,False,False,False,0,False
2026,19,2026-05-04,Ciudad de México,CDMX,Sarampion,0,boletin_pdf,0.0,0.0,0.0,0.0,False,False,False,0,False
2026,19,2026-05-04,Jalisco,Guadalajara,Erisipela,0,boletin_pdf,10.0,5.887840577551898,21.775681155103797,-1.6984155512168937,False,False,False,0,False
2026,19,2026-05-04,Jalisco,Guadalajara,Escarlatina,0,boletin_pdf,6.0,3.265986323710904,12.531972647421808,-1.8371173070873836,False,False,False,0,False
2026,19,2026-05-04,Jalisco,Guadalajara,Rubeola,0,boletin_pdf,0.0,0.0,0.0,0.0,False,False,False,0,False
2026,19,2026-05-04,Jalisco,Guadalajara,Sarampion,0,boletin_pdf,0.0,0.0,0.0,0.0,False,False,False,0,False
2026,19,2026-05-04,Nuevo León,Monterrey,Erisipela,0,boletin_pdf,97.5,24.78574859336174,147.0714971867235,-3.9337121343235526,False,False,False,0,False
2026,19,2026-05-04,Nuevo León,Monterrey,Escarlatina,0,boletin_pdf,11.5,7.187952884282608,25.875905768565218,-1.5998991903725805,False,False,False,0,False
2026,19,2026-05-04,Nuevo León,Monterrey,Rubeola,0,boletin_pdf,0.0,0.0,0.0,0.0,False,False,False,0,False
2026,19,2026-05-04,Nuevo León,Monterrey,Sarampion,0,boletin_pdf,0.0,0.0,0.0,0.0,False,False,False,0,False
2026,20,2026-05-11,Ciudad de México,CDMX,Erisipela,0,boletin_pdf,6.0,4.320493798938574,14.640987597877148,-1.3887301496588271,False,False,False,0,False
2026,20,2026-05-11,Ciudad de México,CDMX,Escarlatina,0,boletin_pdf,19.0,13.316656236958787,45.63331247391757,-1.4267845968170128,False,False,False,0,False
2026,20,2026-05-11,Ciudad de México,CDMX,Rubeola,0,boletin_pdf,0.0,0.0,0.0,0.0,False,False,False,0,False
2026,20,2026-05-11,Ciudad de México,CDMX,Sarampion,0,boletin_pdf,0.0,0.0,0.0,0.0,False,False,False,0,False
2026,20,2026-05-11,Jalisco,Guadalajara,Erisipela,0,boletin_pdf,6.0,2.8284271247461903,11.65685424949238,-2.1213203435596424,False,False,False,0,False
2026,20,2026-05-11,Jalisco,Guadalajara,Escarlatina,0,boletin_pdf,143.5,276.3445916484224,696.1891832968448,-0.5192792055165926,False,False,False,0,False
2026,20,2026-05-11,Jalisco,Guadalajara,Rubeola,0,boletin_pdf,0.0,0.0,0.0,0.0,False,False,False,0,False
2026,20,2026-05-11,Jalisco,Guadalajara,Sarampion,0,boletin_pdf,0.0,0.0,0.0,0.0,False,False,False,0,False
2026,20,2026-05-11,Nuevo León,Monterrey,Erisipela,0,boletin_pdf,87.0,46.88994206294849,180.77988412589698,-1.8554085625272223,False,False,False,0,False
2026,20,2026-05-11,Nuevo León,Monterrey,Escarlatina,0,boletin_pdf,172.0,324.0041152002034,820.0082304004068,-0.5308574549854731,False,False,False,0,False
2026,20,2026-05-11,Nuevo León,Monterrey,Rubeola,0,boletin_pdf,0.0,0.0,0.0,0.0,False,False,False,0,False
2026,20,2026-05-11,Nuevo León,Monterrey,Sarampion,0,boletin_pdf,0.0,0.0,0.0,0.0,False,False,False,0,False
2026,21,2026-05-18,Ciudad de México,CDMX,Erisipela,0,boletin_pdf,11.0,7.571877794400366,26.14375558880073,-1.4527439954372792,False,False,False,0,False
2026,21,2026-05-18,Ciudad de México,CDMX,Escarlatina,0,boletin_pdf,13.5,10.754843869934453,35.00968773986891,-1.2552483479318308,False,False,False,0,False
2026,21,2026-05-18,Ciudad de México,CDMX,Rubeola,0,boletin_pdf,0.0,0.0,0.0,0.0,False,False,False,0,False
2026,21,2026-05-18,Ciudad de México,CDMX,Sarampion,0,boletin_pdf,0.0,0.0,0.0,0.0,False,False,False,0,False
2026,21,2026-05-18,Jalisco,Guadalajara,Erisipela,0,boletin_pdf,7.5,3.415650255319866,14.331300510639732,-2.1957751641342,False,False,False,0,False
2026,21,2026-05-18,Jalisco,Guadalajara,Escarlatina,0,boletin_pdf,7.0,5.773502691896258,18.547005383792516,-1.212435565298214,False,False,False,0,False
2026,21,2026-05-18,Jalisco,Guadalajara,Rubeola,0,boletin_pdf,0.0,0.0,0.0,0.0,False,False,False,0,False
2026,21,2026-05-18,Jalisco,Guadalajara,Sarampion,0,boletin_pdf,0.0,0.0,0.0,0.0,False,False,False,0,False
2026,21,2026-05-18,Nuevo León,Monterrey,Erisipela,0,boletin_pdf,107.5,5.7445626465380295,118.98912529307606,-18.713348015237514,False,False,False,0,False
2026,21,2026-05-18,Nuevo León,Monterrey,Escarlatina,0,boletin_pdf,10.0,4.898979485566356,19.79795897113271,-2.041241452319315,False,False,False,0,False
2026,21,2026-05-18,Nuevo León,Monterrey,Rubeola,0,boletin_pdf,0.0,0.0,0.0,0.0,False,False,False,0,False
2026,21,2026-05-18,Nuevo León,Monterrey,Sarampion,0,boletin_pdf,0.0,0.0,0.0,0.0,False,False,False,0,False
2026,22,2026-05-25,Ciudad de México,CDMX,Erisipela,0,boletin_pdf,11.0,8.717797887081348,28.435595774162696,-1.2617865362880896,False,False,False,0,False
2026,22,2026-05-25,Ciudad de México,CDMX,Escarlatina,0,boletin_pdf,16.0,11.313708498984761,38.62741699796952,-1.414213562373095,False,False,False,0,False
2026,22,2026-05-25,Ciudad de México,CDMX,Rubeola,0,boletin_pdf,0.0,0.0,0.0,0.0,False,False,False,0,False
2026,22,2026-05-25,Ciudad de México,CDMX,Sarampion,0,boletin_pdf,0.0,0.0,0.0,0.0,False,False,False,0,False
2026,22,2026-05-25,Jalisco,Guadalajara,Erisipela,0,boletin_pdf,9.0,2.581988897471611,14.163977794943222,-3.4856850115866753,False,False,False,0,False
2026,22,2026-05-25,Jalisco,Guadalajara,Escarlatina,0,boletin_pdf,7.5,3.415650255319866,14.331300510639732,-2.1957751641342,False,False,False,0,False
2026,22,2026-05-25,Jalisco,Guadalajara,Rubeola,0,boletin_pdf,0.0,0.0,0.0,0.0,False,False,False,0,False
2026,22,2026-05-25,Jalisco,Guadalajara,Sarampion,0,boletin_pdf,0.0,0.0,0.0,0.0,False,False,False,0,False
2026,22,2026-05-25,Nuevo León,Monterrey,Erisipela,0,boletin_pdf,125.5,13.69914839202301,152.898296784046,-9.16115340958555,False,False,False,0,False
2026,22,2026-05-25,Nuevo León,Monterrey,Escarlatina,0,boletin_pdf,14.0,4.320493798938574,22.64098759787715,-3.2403703492039297,False,False,False,0,False
2026,22,2026-05-25,Nuevo León,Monterrey,Rubeola,0,boletin_pdf,0.0,0.0,0.0,0.0,False,False,False,0,False
2026,22,2026-05-25,Nuevo León,Monterrey,Sarampion,0,boletin_pdf,0.0,0.0,0.0,0.0,False,False,False,0,False
2026,23,2026-06-01,Ciudad de México,CDMX,Erisipela,0,boletin_pdf,14.0,10.708252269472673,35.41650453894535,-1.3074028933658497,False,False,False,0,False
2026,23,2026-06-01,Ciudad de México,CDMX,Escarlatina,0,boletin_pdf,21.5,15.438048235879215,52.37609647175843,-1.3926630926072858,False,False,False,0,False
2026,23,2026-06-01,Ciudad de México,CDMX,Rubeola,0,boletin_pdf,0.0,0.0,0.0,0.0,False,False,False,0,False
2026,23,2026-06-01,Ciudad de México,CDMX,Sarampion,33,SEFE_csv,0.0,0.0,0.0,33.0,True,True,True,3,True
2026,23,2026-06-01,Jalisco,Guadalajara,Erisipela,0,boletin_pdf,6.0,2.8284271247461903,11.65685424949238,-2.1213203435596424,False,False,False,0,False
2026,23,2026-06-01,Jalisco,Guadalajara,Escarlatina,0,boletin_pdf,12.5,5.0,22.5,-2.5,False,False,False,0,False
2026,23,2026-06-01,Jalisco,Guadalajara,Rubeola,0,boletin_pdf,0.0,0.0,0.0,0.0,False,False,False,0,False
2026,23,2026-06-01,Jalisco,Guadalajara,Sarampion,243,SEFE_csv,0.0,0.0,0.0,243.0,True,True,True,3,True
2026,23,2026-06-01,Nuevo León,Monterrey,Erisipela,0,boletin_pdf,118.0,29.574764017091777,177.14952803418356,-3.989888133403388,False,False,False,0,False
2026,23,2026-06-01,Nuevo León,Monterrey,Escarlatina,0,boletin_pdf,13.0,7.393691004272944,27.78738200854589,-1.758255787601493,False,False,False,0,False
2026,23,2026-06-01,Nuevo León,Monterrey,Rubeola,0,boletin_pdf,0.0,0.0,0.0,0.0,False,False,False,0,False
2026,23,2026-06-01,Nuevo León,Monterrey,Sarampion,5,SEFE_csv,0.0,0.0,0.0,5.0,True,True,True,3,True
2026,24,2026-06-08,Ciudad de México,CDMX,Erisipela,0,boletin_pdf,12.5,9.146948489341495,30.79389697868299,-1.3665759695231319,False,False,False,0,False
2026,24,2026-06-08,Ciudad de México,CDMX,Escarlatina,0,boletin_pdf,26.5,18.28478420253664,63.06956840507328,-1.4492924667015576,False,False,False,0,False
2026,24,2026-06-08,Ciudad de México,CDMX,Rubeola,0,boletin_pdf,0.0,0.0,0.0,0.0,False,False,False,0,False
2026,24,2026-06-08,Ciudad de México,CDMX,Sarampion,0,boletin_pdf,0.0,0.0,0.0,0.0,False,False,False,0,False
2026,24,2026-06-08,Jalisco,Guadalajara,Erisipela,0,boletin_pdf,14.5,5.972157622389639,26.444315244779276,-2.427933239008872,False,False,False,0,False
2026,24,2026-06-08,Jalisco,Guadalajara,Escarlatina,0,boletin_pdf,8.5,5.0,18.5,-1.7,False,False,False,0,False
2026,24,2026-06-08,Jalisco,Guadalajara,Rubeola,0,boletin_pdf,0.0,0.0,0.0,0.0,False,False,False,0,False
2026,24,2026-06-08,Jalisco,Guadalajara,Sarampion,0,boletin_pdf,0.0,0.0,0.0,0.0,False,False,False,0,False
2026,24,2026-06-08,Nuevo León,Monterrey,Erisipela,0,boletin_pdf,117.5,11.0,139.5,-10.681818181818182,False,False,False,0,False
2026,24,2026-06-08,Nuevo León,Monterrey,Escarlatina,0,boletin_pdf,5.5,1.9148542155126762,9.329708431025352,-2.8722813232690143,False,False,False,0,False
2026,24,2026-06-08,Nuevo León,Monterrey,Rubeola,0,boletin_pdf,0.0,0.0,0.0,0.0,False,False,False,0,False
2026,24,2026-06-08,Nuevo León,Monterrey,Sarampion,0,boletin_pdf,0.0,0.0,0.0,0.0,False,False,False,0,False
2026,25,2026-06-15,Ciudad de México,CDMX,Erisipela,0,boletin_pdf,13.0,10.0,33.0,-1.3,False,False,False,0,False
2026,25,2026-06-15,Ciudad de México,CDMX,Escarlatina,0,boletin_pdf,24.0,16.0,56.0,-1.5,False,False,False,0,False
2026,25,2026-06-15,Ciudad de México,CDMX,Rubeola,0,boletin_pdf,0.0,0.0,0.0,0.0,False,False,False,0,False
2026,25,2026-06-15,Ciudad de México,CDMX,Sarampion,0,boletin_pdf,0.0,0.0,0.0,0.0,False,False,False,0,False
2026,25,2026-06-15,Jalisco,Guadalajara,Erisipela,0,boletin_pdf,12.5,3.0,18.5,-4.166666666666667,False,False,False,0,False
2026,25,2026-06-15,Jalisco,Guadalajara,Escarlatina,0,boletin_pdf,7.0,4.163331998932265,15.32666399786453,-1.681345614953415,False,False,False,0,False
2026,25,2026-06-15,Jalisco,Guadalajara,Rubeola,0,boletin_pdf,0.0,0.0,0.0,0.0,False,False,False,0,False
2026,25,2026-06-15,Jalisco,Guadalajara,Sarampion,0,boletin_pdf,0.0,0.0,0.0,0.0,False,False,False,0,False
2026,25,2026-06-15,Nuevo León,Monterrey,Erisipela,0,boletin_pdf,145.0,22.538855339169285,190.07771067833858,-6.4333346932668265,False,False,False,0,False
2026,25,2026-06-15,Nuevo León,Monterrey,Escarlatina,0,boletin_pdf,17.5,6.8068592855540455,31.11371857110809,-2.5709360610905567,False,False,False,0,False
2026,25,2026-06-15,Nuevo León,Monterrey,Rubeola,0,boletin_pdf,0.0,0.0,0.0,0.0,False,False,False,0,False
2026,25,2026-06-15,Nuevo León,Monterrey,Sarampion,0,boletin_pdf,0.0,0.0,0.0,0.0,False,False,False,0,False
2026,26,2026-06-22,Ciudad de México,CDMX,Erisipela,0,boletin_pdf,9.0,7.393691004272944,23.78738200854589,-1.2172540068010336,False,False,False,0,False
2026,26,2026-06-22,Ciudad de México,CDMX,Escarlatina,0,boletin_pdf,17.5,13.403979508588733,44.30795901717747,-1.3055824196677337,False,False,False,0,False
2026,26,2026-06-22,Ciudad de México,CDMX,Rubeola,0,boletin_pdf,0.0,0.0,0.0,0.0,False,False,False,0,False
2026,26,2026-06-22,Ciudad de México,CDMX,Sarampion,0,boletin_pdf,0.0,0.0,0.0,0.0,False,False,False,0,False
2026,26,2026-06-22,Jalisco,Guadalajara,Erisipela,0,boletin_pdf,12.0,4.320493798938574,20.64098759787715,-2.7774602993176543,False,False,False,0,False
2026,26,2026-06-22,Jalisco,Guadalajara,Escarlatina,0,boletin_pdf,4.5,3.415650255319866,11.331300510639732,-1.3174650984805198,False,False,False,0,False
2026,26,2026-06-22,Jalisco,Guadalajara,Rubeola,0,boletin_pdf,0.0,0.0,0.0,0.0,False,False,False,0,False
2026,26,2026-06-22,Jalisco,Guadalajara,Sarampion,0,boletin_pdf,0.0,0.0,0.0,0.0,False,False,False,0,False
2026,26,2026-06-22,Nuevo León,Monterrey,Erisipela,0,boletin_pdf,125.5,21.06339637063944,167.62679274127888,-5.958203406120021,False,False,False,0,False
2026,26,2026-06-22,Nuevo León,Monterrey,Escarlatina,0,boletin_pdf,11.5,5.507570547286102,22.515141094572204,-2.0880349877073683,False,False,False,0,False
2026,26,2026-06-22,Nuevo León,Monterrey,Rubeola,0,boletin_pdf,0.0,0.0,0.0,0.0,False,False,False,0,False
2026,26,2026-06-22,Nuevo León,Monterrey,Sarampion,0,boletin_pdf,0.0,0.0,0.0,0.0,False,False,False,0,False
2026,27,2026-06-29,Ciudad de México,CDMX,Erisipela,0,boletin_pdf,12.0,8.48528137423857,28.97056274847714,-1.4142135623730951,False,False,False,0,False
2026,27,2026-06-29,Ciudad de México,CDMX,Escarlatina,0,boletin_pdf,13.0,10.392304845413264,33.78460969082653,-1.2509255832441892,False,False,False,0,False
2026,27,2026-06-29,Ciudad de México,CDMX,Rubeola,0,boletin_pdf,0.0,0.0,0.0,0.0,False,False,False,0,False
2026,27,2026-06-29,Ciudad de México,CDMX,Sarampion,4,SEFE_csv,0.0,0.0,0.0,4.0,True,True,True,3,True
2026,27,2026-06-29,Jalisco,Guadalajara,Erisipela,0,boletin_pdf,12.5,5.744562646538029,23.989125293076057,-2.175970699446223,False,False,False,0,False
2026,27,2026-06-29,Jalisco,Guadalajara,Escarlatina,0,boletin_pdf,4.5,6.60807586719967,17.71615173439934,-0.6809849176121797,False,False,False,0,False
2026,27,2026-06-29,Jalisco,Guadalajara,Rubeola,0,boletin_pdf,0.0,0.0,0.0,0.0,False,False,False,0,False
2026,27,2026-06-29,Jalisco,Guadalajara,Sarampion,53,SEFE_csv,0.0,0.0,0.0,53.0,True,True,True,3,True
2026,27,2026-06-29,Nuevo León,Monterrey,Erisipela,0,boletin_pdf,117.5,12.041594578792296,141.5831891575846,-9.757843882814447,False,False,False,0,False
2026,27,2026-06-29,Nuevo León,Monterrey,Escarlatina,0,boletin_pdf,12.0,8.16496580927726,28.32993161855452,-1.4696938456699067,False,False,False,0,False
2026,27,2026-06-29,Nuevo León,Monterrey,Rubeola,0,boletin_pdf,0.0,0.0,0.0,0.0,False,False,False,0,False
2026,27,2026-06-29,Nuevo León,Monterrey,Sarampion,5,SEFE_csv,0.0,0.0,0.0,5.0,True,True,True,3,True
2026,28,2026-07-06,Ciudad de México,CDMX,Erisipela,0,boletin_pdf,8.5,5.972157622389639,20.444315244779276,-1.4232712090741664,False,False,False,0,False
2026,28,2026-07-06,Ciudad de México,CDMX,Escarlatina,0,boletin_pdf,11.5,7.724420150837646,26.94884030167529,-1.4887848894072555,False,False,False,0,False
2026,28,2026-07-06,Ciudad de México,CDMX,Rubeola,0,boletin_pdf,0.0,0.0,0.0,0.0,False,False,False,0,False
2026,28,2026-07-06,Ciudad de México,CDMX,Sarampion,0,boletin_pdf,0.0,0.0,0.0,0.0,False,False,False,0,False
2026,28,2026-07-06,Jalisco,Guadalajara,Erisipela,0,boletin_pdf,11.5,4.43471156521669,20.369423130433383,-2.5931787966097595,False,False,False,0,False
2026,28,2026-07-06,Jalisco,Guadalajara,Escarlatina,0,boletin_pdf,5.0,3.4641016151377544,11.928203230275509,-1.4433756729740645,False,False,False,0,False
2026,28,2026-07-06,Jalisco,Guadalajara,Rubeola,0,boletin_pdf,0.0,0.0,0.0,0.0,False,False,False,0,False
2026,28,2026-07-06,Jalisco,Guadalajara,Sarampion,0,boletin_pdf,0.0,0.0,0.0,0.0,False,False,False,0,False
2026,28,2026-07-06,Nuevo León,Monterrey,Erisipela,0,boletin_pdf,112.0,20.720360357226735,153.44072071445348,-5.40531139753741,False,False,False,0,False
2026,28,2026-07-06,Nuevo León,Monterrey,Escarlatina,0,boletin_pdf,9.5,7.724420150837645,24.94884030167529,-1.2298657782059939,False,False,False,0,False
2026,28,2026-07-06,Nuevo León,Monterrey,Rubeola,0,boletin_pdf,0.0,0.0,0.0,0.0,False,False,False,0,False
2026,28,2026-07-06,Nuevo León,Monterrey,Sarampion,0,boletin_pdf,0.0,0.0,0.0,0.0,False,False,False,0,False
2026,29,2026-07-13,Ciudad de México,CDMX,Erisipela,0,boletin_pdf,10.5,7.724420150837646,25.94884030167529,-1.3593253338066245,False,False,False,0,False
2026,29,2026-07-13,Ciudad de México,CDMX,Escarlatina,0,boletin_pdf,18.0,12.328828005937952,42.6576560118759,-1.459992790176863,False,False,False,0,False
2026,29,2026-07-13,Ciudad de México,CDMX,Rubeola,0,boletin_pdf,0.0,0.0,0.0,0.0,False,False,False,0,False
2026,29,2026-07-13,Ciudad de México,CDMX,Sarampion,0,boletin_pdf,0.0,0.0,0.0,0.0,False,False,False,0,False
2026,29,2026-07-13,Jalisco,Guadalajara,Erisipela,0,boletin_pdf,5.0,2.0,9.0,-2.5,False,False,False,0,False
2026,29,2026-07-13,Jalisco,Guadalajara,Escarlatina,0,boletin_pdf,4.5,5.259911279353167,15.019822558706334,-0.8555277382080452,False,False,False,0,False
2026,29,2026-07-13,Jalisco,Guadalajara,Rubeola,0,boletin_pdf,0.0,0.0,0.0,0.0,False,False,False,0,False
2026,29,2026-07-13,Jalisco,Guadalajara,Sarampion,0,boletin_pdf,0.0,0.0,0.0,0.0,False,False,False,0,False
2026,29,2026-07-13,Nuevo León,Monterrey,Erisipela,0,boletin_pdf,114.0,9.380831519646858,132.76166303929372,-12.152440832269797,False,False,False,0,False
2026,29,2026-07-13,Nuevo León,Monterrey,Escarlatina,0,boletin_pdf,9.5,5.972157622389639,21.444315244779276,-1.5907148807299507,False,False,False,0,False
2026,29,2026-07-13,Nuevo León,Monterrey,Rubeola,0,boletin_pdf,0.0,0.0,0.0,0.0,False,False,False,0,False
2026,29,2026-07-13,Nuevo León,Monterrey,Sarampion,0,boletin_pdf,0.0,0.0,0.0,0.0,False,False,False,0,False
2026,30,2026-07-20,Ciudad de México,CDMX,Erisipela,0,boletin_pdf,6.0,6.324555320336759,18.64911064067352,-0.9486832980505138,False,False,False,0,False
2026,30,2026-07-20,Ciudad de México,CDMX,Escarlatina,0,boletin_pdf,9.0,7.393691004272944,23.78738200854589,-1.2172540068010336,False,False,False,0,False
2026,30,2026-07-20,Ciudad de México,CDMX,Rubeola,0,boletin_pdf,0.0,0.0,0.0,0.0,False,False,False,0,False
2026,30,2026-07-20,Ciudad de México,CDMX,Sarampion,0,boletin_pdf,0.0,0.0,0.0,0.0,False,False,False,0,False
2026,30,2026-07-20,Jalisco,Guadalajara,Erisipela,0,boletin_pdf,8.5,4.123105625617661,16.746211251235323,-2.0615528128088303,False,False,False,0,False
2026,30,2026-07-20,Jalisco,Guadalajara,Escarlatina,0,boletin_pdf,9.0,2.0,13.0,-4.5,False,False,False,0,False
2026,30,2026-07-20,Jalisco,Guadalajara,Rubeola,0,boletin_pdf,0.0,0.0,0.0,0.0,False,False,False,0,False
2026,30,2026-07-20,Jalisco,Guadalajara,Sarampion,0,boletin_pdf,0.0,0.0,0.0,0.0,False,False,False,0,False
2026,30,2026-07-20,Nuevo León,Monterrey,Erisipela,0,boletin_pdf,121.0,12.055427546683415,145.11085509336684,-10.03697293450936,False,False,False,0,False
2026,30,2026-07-20,Nuevo León,Monterrey,Escarlatina,0,boletin_pdf,4.5,1.914854215512676,8.329708431025352,-2.350048355401921,False,False,False,0,False
2026,30,2026-07-20,Nuevo León,Monterrey,Rubeola,0,boletin_pdf,0.0,0.0,0.0,0.0,False,False,False,0,False
2026,30,2026-07-20,Nuevo León,Monterrey,Sarampion,0,boletin_pdf,0.0,0.0,0.0,0.0,False,False,False,0,False
2026,31,2026-07-27,Ciudad de México,CDMX,Erisipela,0,boletin_pdf,9.0,6.2182527020592095,21.43650540411842,-1.4473519220310231,False,False,False,0,False
2026,31,2026-07-27,Ciudad de México,CDMX,Escarlatina,0,boletin_pdf,10.5,7.724420150837646,25.94884030167529,-1.3593253338066245,False,False,False,0,False
2026,31,2026-07-27,Ciudad de México,CDMX,Rubeola,0,boletin_pdf,0.0,0.0,0.0,0.0,False,False,False,0,False
2026,31,2026-07-27,Ciudad de México,CDMX,Sarampion,1,SEFE_csv,0.0,0.0,0.0,1.0,False,True,True,2,True
2026,31,2026-07-27,Ciudad de México,CDMX,Sarampion,0,boletin_pdf,0.0,0.0,0.0,0.0,False,False,False,0,False
2026,31,2026-07-27,Jalisco,Guadalajara,Erisipela,0,boletin_pdf,9.5,6.191391873668904,21.882783747337808,-1.5343884208657717,False,False,False,0,False
2026,31,2026-07-27,Jalisco,Guadalajara,Escarlatina,0,boletin_pdf,5.5,4.43471156521669,14.36942313043338,-1.2402159462046676,False,False,False,0,False
2026,31,2026-07-27,Jalisco,Guadalajara,Rubeola,0,boletin_pdf,0.0,0.0,0.0,0.0,False,False,False,0,False
2026,31,2026-07-27,Jalisco,Guadalajara,Sarampion,17,SEFE_csv,0.0,0.0,0.0,17.0,True,True,True,3,True
2026,31,2026-07-27,Nuevo León,Monterrey,Erisipela,0,boletin_pdf,107.5,16.11417595369576,139.72835190739153,-6.671144730509477,False,False,False,0,False
2026,31,2026-07-27,Nuevo León,Monterrey,Escarlatina,0,boletin_pdf,3.5,2.5166114784235836,8.533222956847167,-1.3907589749182958,False,False,False,0,False
2026,31,2026-07-27,Nuevo León,Monterrey,Rubeola,0,boletin_pdf,0.0,0.0,0.0,0.0,False,False,False,0,False
2026,31,2026-07-27,Nuevo León,Monterrey,Sarampion,0,boletin_pdf,0.0,0.0,0.0,0.0,False,False,False,0,False
2026,32,2026-08-03,Ciudad de México,CDMX,Erisipela,0,boletin_pdf,8.0,7.483314773547883,22.966629547095764,-1.0690449676496976,False,False,False,0,False
2026,32,2026-08-03,Ciudad de México,CDMX,Escarlatina,0,boletin_pdf,14.5,11.704699910719626,37.90939982143925,-1.2388186036893034,False,False,False,0,False
2026,32,2026-08-03,Ciudad de México,CDMX,Rubeola,0,boletin_pdf,0.0,0.0,0.0,0.0,False,False,False,0,False
2026,32,2026-08-03,Ciudad de México,CDMX,Sarampion,0,boletin_pdf,0.0,0.0,0.0,0.0,False,False,False,0,False
2026,32,2026-08-03,Jalisco,Guadalajara,Erisipela,0,boletin_pdf,11.0,5.033222956847167,21.066445913694334,-2.185478389157322,False,False,False,0,False
2026,32,2026-08-03,Jalisco,Guadalajara,Escarlatina,0,boletin_pdf,7.0,3.4641016151377544,13.928203230275509,-2.0207259421636903,False,False,False,0,False
2026,32,2026-08-03,Jalisco,Guadalajara,Rubeola,0,boletin_pdf,0.0,0.0,0.0,0.0,False,False,False,0,False
2026,32,2026-08-03,Jalisco,Guadalajara,Sarampion,1,SEFE_csv,0.0,0.0,0.0,1.0,False,True,True,2,True
2026,32,2026-08-03,Jalisco,Guadalajara,Sarampion,0,boletin_pdf,0.0,0.0,0.0,0.0,False,False,False,0,False
2026,32,2026-08-03,Nuevo León,Monterrey,Erisipela,0,boletin_pdf,116.0,16.32993161855452,148.65986323710905,-7.103520254071216,False,False,False,0,False
2026,32,2026-08-03,Nuevo León,Monterrey,Escarlatina,0,boletin_pdf,6.0,1.632993161855452,9.265986323710905,-3.6742346141747673,False,False,False,0,False
2026,32,2026-08-03,Nuevo León,Monterrey,Rubeola,0,boletin_pdf,0.0,0.0,0.0,0.0,False,False,False,0,False
2026,32,2026-08-03,Nuevo León,Monterrey,Sarampion,0,boletin_pdf,0.0,0.0,0.0,0.0,False,False,False,0,False
2026,33,2026-08-10,Ciudad de México,CDMX,Erisipela,0,boletin_pdf,10.0,6.928203230275509,23.856406460551018,-1.4433756729740645,False,False,False,0,False
2026,33,2026-08-10,Ciudad de México,CDMX,Escarlatina,0,boletin_pdf,11.0,10.0,31.0,-1.1,False,False,False,0,False
2026,33,2026-08-10,Ciudad de México,CDMX,Rubeola,0,boletin_pdf,0.0,0.0,0.0,0.0,False,False,False,0,False
2026,33,2026-08-10,Ciudad de México,CDMX,Sarampion,0,boletin_pdf,0.0,0.0,0.0,0.0,False,False,False,0,False
2026,33,2026-08-10,Jalisco,Guadalajara,Erisipela,0,boletin_pdf,7.5,1.9148542155126762,11.329708431025352,-3.9167472590032015,False,False,False,0,False
2026,33,2026-08-10,Jalisco,Guadalajara,Escarlatina,0,boletin_pdf,4.0,3.265986323710904,10.531972647421808,-1.224744871391589,False,False,False,0,False
2026,33,2026-08-10,Jalisco,Guadalajara,Rubeola,0,boletin_pdf,0.0,0.0,0.0,0.0,False,False,False,0,False
2026,33,2026-08-10,Jalisco,Guadalajara,Sarampion,0,boletin_pdf,0.0,0.0,0.0,0.0,False,False,False,0,False
2026,33,2026-08-10,Nuevo León,Monterrey,Erisipela,0,boletin_pdf,112.0,27.80887148615228,167.61774297230457,-4.027491732477227,False,False,False,0,False
2026,33,2026-08-10,Nuevo León,Monterrey,Escarlatina,0,boletin_pdf,0.5,1.0,2.5,-0.5,False,False,False,0,False
2026,33,2026-08-10,Nuevo León,Monterrey,Rubeola,0,boletin_pdf,0.0,0.0,0.0,0.0,False,False,False,0,False
2026,33,2026-08-10,Nuevo León,Monterrey,Sarampion,0,boletin_pdf,0.0,0.0,0.0,0.0,False,False,False,0,False
2026,34,2026-08-17,Ciudad de México,CDMX,Erisipela,0,boletin_pdf,7.0,6.2182527020592095,19.43650540411842,-1.1257181615796847,False,False,False,0,False
2026,34,2026-08-17,Ciudad de México,CDMX,Escarlatina,0,boletin_pdf,9.0,6.6332495807108,22.2664991614216,-1.3568010505999364,False,False,False,0,False
2026,34,2026-08-17,Ciudad de México,CDMX,Rubeola,0,boletin_pdf,0.0,0.0,0.0,0.0,False,False,False,0,False
2026,34,2026-08-17,Ciudad de México,CDMX,Sarampion,0,boletin_pdf,0.0,0.0,0.0,0.0,False,False,False,0,False
2026,34,2026-08-17,Jalisco,Guadalajara,Erisipela,0,boletin_pdf,5.5,5.0,15.5,-1.1,False,False,False,0,False
2026,34,2026-08-17,Jalisco,Guadalajara,Escarlatina,0,boletin_pdf,5.0,4.760952285695232,14.521904571390465,-1.0502100630210076,False,False,False,0,False
2026,34,2026-08-17,Jalisco,Guadalajara,Rubeola,0,boletin_pdf,0.0,0.0,0.0,0.0,False,False,False,0,False
2026,34,2026-08-17,Jalisco,Guadalajara,Sarampion,0,boletin_pdf,0.0,0.0,0.0,0.0,False,False,False,0,False
2026,34,2026-08-17,Nuevo León,Monterrey,Erisipela,0,boletin_pdf,117.0,19.493588689617926,155.98717737923585,-6.001973359698152,False,False,False,0,False
2026,34,2026-08-17,Nuevo León,Monterrey,Escarlatina,0,boletin_pdf,6.0,2.8284271247461903,11.65685424949238,-2.1213203435596424,False,False,False,0,False
2026,34,2026-08-17,Nuevo León,Monterrey,Rubeola,0,boletin_pdf,0.0,0.0,0.0,0.0,False,False,False,0,False
2026,34,2026-08-17,Nuevo León,Monterrey,Sarampion,0,boletin_pdf,0.0,0.0,0.0,0.0,False,False,False,0,False
2026,35,2026-08-24,Ciudad de México,CDMX,Erisipela,0,boletin_pdf,9.5,7.54983443527075,24.5996688705415,-1.2583057392117916,False,False,False,0,False
2026,35,2026-08-24,Ciudad de México,CDMX,Escarlatina,0,boletin_pdf,9.0,9.591663046625438,28.183326093250876,-0.9383148632568366,False,False,False,0,False
2026,35,2026-08-24,Ciudad de México,CDMX,Rubeola,0,boletin_pdf,0.0,0.0,0.0,0.0,False,False,False,0,False
2026,35,2026-08-24,Ciudad de México,CDMX,Sarampion,0,boletin_pdf,0.0,0.0,0.0,0.0,False,False,False,0,False
2026,35,2026-08-24,Jalisco,Guadalajara,Erisipela,0,boletin_pdf,9.5,4.725815626252608,18.951631252505216,-2.0102350051970053,False,False,False,0,False
2026,35,2026-08-24,Jalisco,Guadalajara,Escarlatina,0,boletin_pdf,6.0,2.309401076758503,10.618802153517006,-2.598076211353316,False,False,False,0,False
2026,35,2026-08-24,Jalisco,Guadalajara,Rubeola,0,boletin_pdf,0.0,0.0,0.0,0.0,False,False,False,0,False
2026,35,2026-08-24,Jalisco,Guadalajara,Sarampion,0,boletin_pdf,0.0,0.0,0.0,0.0,False,False,False,0,False
2026,35,2026-08-24,Nuevo León,Monterrey,Erisipela,0,boletin_pdf,114.0,19.6638416050035,153.327683210007,-5.797442955957929,False,False,False,0,False
2026,35,2026-08-24,Nuevo León,Monterrey,Escarlatina,0,boletin_pdf,6.5,5.0,16.5,-1.3,False,False,False,0,False
2026,35,2026-08-24,Nuevo León,Monterrey,Rubeola,0,boletin_pdf,0.0,0.0,0.0,0.0,False,False,False,0,False
2026,35,2026-08-24,Nuevo León,Monterrey,Sarampion,0,boletin_pdf,0.0,0.0,0.0,0.0,False,False,False,0,False
2026,36,2026-08-31,Ciudad de México,CDMX,Erisipela,0,boletin_pdf,10.0,7.118052168020874,24.23610433604175,-1.404878717372541,False,False,False,0,False
2026,36,2026-08-31,Ciudad de México,CDMX,Escarlatina,0,boletin_pdf,7.0,6.831300510639732,20.662601021279464,-1.02469507659596,False,False,False,0,False
2026,36,2026-08-31,Ciudad de México,CDMX,Rubeola,0,boletin_pdf,0.0,0.0,0.0,0.0,False,False,False,0,False
2026,36,2026-08-31,Ciudad de México,CDMX,Sarampion,26,SEFE_csv,0.0,0.0,0.0,26.0,True,True,True,3,True
2026,36,2026-08-31,Jalisco,Guadalajara,Erisipela,0,boletin_pdf,7.5,7.187952884282608,21.875905768565218,-1.0434125154603786,False,False,False,0,False
2026,36,2026-08-31,Jalisco,Guadalajara,Escarlatina,0,boletin_pdf,6.0,5.163977794943222,16.327955589886443,-1.161895003862225,False,False,False,0,False
2026,36,2026-08-31,Jalisco,Guadalajara,Rubeola,0,boletin_pdf,0.0,0.0,0.0,0.0,False,False,False,0,False
2026,36,2026-08-31,Jalisco,Guadalajara,Sarampion,306,SEFE_csv,0.0,0.0,0.0,306.0,True,True,True,3,True
2026,36,2026-08-31,Nuevo León,Monterrey,Erisipela,0,boletin_pdf,107.0,20.165977949672232,147.33195589934445,-5.305966329380972,False,False,False,0,False
2026,36,2026-08-31,Nuevo León,Monterrey,Escarlatina,0,boletin_pdf,6.5,5.259911279353167,17.019822558706334,-1.235762288522732,False,False,False,0,False
2026,36,2026-08-31,Nuevo León,Monterrey,Rubeola,0,boletin_pdf,0.0,0.0,0.0,0.0,False,False,False,0,False
2026,36,2026-08-31,Nuevo León,Monterrey,Sarampion,0,boletin_pdf,0.0,0.0,0.0,0.0,False,False,False,0,False
2026,37,2026-09-07,Ciudad de México,CDMX,Erisipela,0,boletin_pdf,12.5,8.386497083606082,29.272994167212165,-1.4904911878446832,False,False,False,0,False
2026,37,2026-09-07,Ciudad de México,CDMX,Escarlatina,0,boletin_pdf,10.5,8.225975119502044,26.951950239004088,-1.2764444150951448,False,False,False,0,False
2026,37,2026-09-07,Ciudad de México,CDMX,Rubeola,0,boletin_pdf,0.0,0.0,0.0,0.0,False,False,False,0,False
2026,37,2026-09-07,Ciudad de México,CDMX,Sarampion,0,boletin_pdf,0.0,0.0,0.0,0.0,False,False,False,0,False
2026,37,2026-09-07,Jalisco,Guadalajara,Erisipela,0,boletin_pdf,9.5,5.0,19.5,-1.9,False,False,False,0,False
2026,37,2026-09-07,Jalisco,Guadalajara,Escarlatina,0,boletin_pdf,8.5,6.403124237432849,21.306248474865697,-1.3274769760531515,False,False,False,0,False
2026,37,2026-09-07,Jalisco,Guadalajara,Rubeola,0,boletin_pdf,0.0,0.0,0.0,0.0,False,False,False,0,False
2026,37,2026-09-07,Jalisco,Guadalajara,Sarampion,0,boletin_pdf,0.0,0.0,0.0,0.0,False,False,False,0,False
2026,37,2026-09-07,Nuevo León,Monterrey,Erisipela,0,boletin_pdf,100.0,17.73884626086676,135.47769252173353,-5.637345210021216,False,False,False,0,False
2026,37,2026-09-07,Nuevo León,Monterrey,Escarlatina,0,boletin_pdf,4.5,1.0,6.5,-4.5,False,False,False,0,False
2026,37,2026-09-07,Nuevo León,Monterrey,Rubeola,0,boletin_pdf,0.0,0.0,0.0,0.0,False,False,False,0,False
2026,37,2026-09-07,Nuevo León,Monterrey,Sarampion,0,boletin_pdf,0.0,0.0,0.0,0.0,False,False,False,0,False
2026,38,2026-09-14,Ciudad de México,CDMX,Erisipela,0,boletin_pdf,10.0,10.583005244258363,31.166010488516726,-0.944911182523068,False,False,False,0,False
2026,38,2026-09-14,Ciudad de México,CDMX,Escarlatina,0,boletin_pdf,6.5,5.972157622389639,18.444315244779276,-1.088383865762598,False,False,False,0,False
2026,38,2026-09-14,Ciudad de México,CDMX,Rubeola,0,boletin_pdf,0.0,0.0,0.0,0.0,False,False,False,0,False
2026,38,2026-09-14,Ciudad de México,CDMX,Sarampion,0,boletin_pdf,0.0,0.0,0.0,0.0,False,False,False,0,False
2026,38,2026-09-14,Jalisco,Guadalajara,Erisipela,0,boletin_pdf,7.5,2.516611478423583,12.533222956847165,-2.9801978033963485,False,False,False,0,False
2026,38,2026-09-14,Jalisco,Guadalajara,Escarlatina,0,boletin_pdf,10.0,5.656854249492381,21.31370849898476,-1.7677669529663687,False,False,False,0,False
2026,38,2026-09-14,Jalisco,Guadalajara,Rubeola,0,boletin_pdf,0.0,0.0,0.0,0.0,False,False,False,0,False
2026,38,2026-09-14,Jalisco,Guadalajara,Sarampion,0,boletin_pdf,0.0,0.0,0.0,0.0,False,False,False,0,False
2026,38,2026-09-14,Nuevo León,Monterrey,Erisipela,0,boletin_pdf,98.0,4.320493798938572,106.64098759787714,-22.682592444427517,False,False,False,0,False
2026,38,2026-09-14,Nuevo León,Monterrey,Escarlatina,0,boletin_pdf,9.0,6.0,21.0,-1.5,False,False,False,0,False
2026,38,2026-09-14,Nuevo León,Monterrey,Rubeola,0,boletin_pdf,0.0,0.0,0.0,0.0,False,False,False,0,False
2026,38,2026-09-14,Nuevo León,Monterrey,Sarampion,0,boletin_pdf,0.0,0.0,0.0,0.0,False,False,False,0,False
2026,39,2026-09-21,Ciudad de México,CDMX,Erisipela,0,boletin_pdf,12.0,10.708252269472673,33.41650453894535,-1.1206310514564426,False,False,False,0,False
2026,39,2026-09-21,Ciudad de México,CDMX,Escarlatina,0,boletin_pdf,9.5,8.06225774829855,25.6245154965971,-1.1783299785974803,False,False,False,0,False
2026,39,2026-09-21,Ciudad de México,CDMX,Rubeola,0,boletin_pdf,0.0,0.0,0.0,0.0,False,False,False,0,False
2026,39,2026-09-21,Ciudad de México,CDMX,Sarampion,0,boletin_pdf,0.0,0.0,0.0,0.0,False,False,False,0,False
2026,39,2026-09-21,Jalisco,Guadalajara,Erisipela,0,boletin_pdf,9.0,8.406346808612328,25.812693617224657,-1.0706196407194946,False,False,False,0,False
2026,39,2026-09-21,Jalisco,Guadalajara,Escarlatina,0,boletin_pdf,5.0,3.8297084310253524,12.659416862050705,-1.3055824196677337,False,False,False,0,False
2026,39,2026-09-21,Jalisco,Guadalajara,Rubeola,0,boletin_pdf,0.0,0.0,0.0,0.0,False,False,False,0,False
2026,39,2026-09-21,Jalisco,Guadalajara,Sarampion,0,boletin_pdf,0.0,0.0,0.0,0.0,False,False,False,0,False
2026,39,2026-09-21,Nuevo León,Monterrey,Erisipela,0,boletin_pdf,123.5,10.630145812734648,144.7602916254693,-11.617902724537428,False,False,False,0,False
2026,39,2026-09-21,Nuevo León,Monterrey,Escarlatina,0,boletin_pdf,10.5,9.146948489341495,28.79389697868299,-1.1479238143994308,False,False,False,0,False
2026,39,2026-09-21,Nuevo León,Monterrey,Rubeola,0,boletin_pdf,0.0,0.0,0.0,0.0,False,False,False,0,False
2026,39,2026-09-21,Nuevo León,Monterrey,Sarampion,0,boletin_pdf,0.0,0.0,0.0,0.0,False,False,False,0,False
2026,40,2026-09-28,Ciudad de México,CDMX,Erisipela,0,boletin_pdf,10.0,7.118052168020874,24.23610433604175,-1.404878717372541,False,False,False,0,False
2026,40,2026-09-28,Ciudad de México,CDMX,Escarlatina,0,boletin_pdf,14.0,14.787382008545888,43.57476401709178,-0.946753116400804,False,False,False,0,False
2026,40,2026-09-28,Ciudad de México,CDMX,Rubeola,0,boletin_pdf,0.0,0.0,0.0,0.0,False,False,False,0,False
2026,40,2026-09-28,Ciudad de México,CDMX,Sarampion,41,SEFE_csv,0.0,0.0,0.0,41.0,True,True,True,3,True
2026,40,2026-09-28,Jalisco,Guadalajara,Erisipela,0,boletin_pdf,9.5,1.9148542155126762,13.329708431025352,-4.961213194737389,False,False,False,0,False
2026,40,2026-09-28,Jalisco,Guadalajara,Escarlatina,0,boletin_pdf,9.0,3.4641016151377544,15.928203230275509,-2.598076211353316,False,False,False,0,False
2026,40,2026-09-28,Jalisco,Guadalajara,Rubeola,0,boletin_pdf,0.0,0.0,0.0,0.0,False,False,False,0,False
2026,40,2026-09-28,Jalisco,Guadalajara,Sarampion,188,SEFE_csv,0.0,0.0,0.0,188.0,True,True,True,3,True
2026,40,2026-09-28,Nuevo León,Monterrey,Erisipela,0,boletin_pdf,85.5,5.972157622389639,97.44431524477928,-14.316433926569557,False,False,False,0,False
2026,40,2026-09-28,Nuevo León,Monterrey,Escarlatina,0,boletin_pdf,11.5,7.54983443527075,26.5996688705415,-1.5232122106248003,False,False,False,0,False
2026,40,2026-09-28,Nuevo León,Monterrey,Rubeola,0,boletin_pdf,0.0,0.0,0.0,0.0,False,False,False,0,False
2026,40,2026-09-28,Nuevo León,Monterrey,Sarampion,1,SEFE_csv,0.0,0.0,0.0,1.0,False,True,True,2,True
2026,40,2026-09-28,Nuevo León,Monterrey,Sarampion,0,boletin_pdf,0.0,0.0,0.0,0.0,False,False,False,0,False
2026,41,2026-10-05,Ciudad de México,CDMX,Erisipela,0,boletin_pdf,12.5,10.376254944182254,33.25250988836451,-1.2046735616310666,False,False,False,0,False
2026,41,2026-10-05,Ciudad de México,CDMX,Escarlatina,0,boletin_pdf,15.0,12.489995996796797,39.97999199359359,-1.2009611535381535,False,False,False,0,False
2026,41,2026-10-05,Ciudad de México,CDMX,Rubeola,0,boletin_pdf,0.0,0.0,0.0,0.0,False,False,False,0,False
2026,41,2026-10-05,Ciudad de México,CDMX,Sarampion,0,boletin_pdf,0.0,0.0,0.0,0.0,False,False,False,0,False
2026,41,2026-10-05,Jalisco,Guadalajara,Erisipela,0,boletin_pdf,7.0,2.5819888974716108,12.163977794943222,-2.7110883423451924,False,False,False,0,False
2026,41,2026-10-05,Jalisco,Guadalajara,Escarlatina,0,boletin_pdf,7.0,5.291502622129181,17.583005244258363,-1.3228756555322951,False,False,False,0,False
2026,41,2026-10-05,Jalisco,Guadalajara,Rubeola,0,boletin_pdf,0.0,0.0,0.0,0.0,False,False,False,0,False
2026,41,2026-10-05,Jalisco,Guadalajara,Sarampion,0,boletin_pdf,0.0,0.0,0.0,0.0,False,False,False,0,False
2026,41,2026-10-05,Nuevo León,Monterrey,Erisipela,0,boletin_pdf,104.5,9.848857801796102,124.1977156035922,-10.610367425646322,False,False,False,0,False
2026,41,2026-10-05,Nuevo León,Monterrey,Escarlatina,0,boletin_pdf,7.5,4.123105625617661,15.746211251235321,-1.8190171877724972,False,False,False,0,False
2026,41,2026-10-05,Nuevo León,Monterrey,Rubeola,0,boletin_pdf,0.0,0.0,0.0,0.0,False,False,False,0,False
2026,41,2026-10-05,Nuevo León,Monterrey,Sarampion,0,boletin_pdf,0.0,0.0,0.0,0.0,False,False,False,0,False
2026,42,2026-10-12,Ciudad de México,CDMX,Erisipela,0,boletin_pdf,16.0,13.9522996909709,43.9045993819418,-1.1467643581619917,False,False,False,0,False
2026,42,2026-10-12,Ciudad de México,CDMX,Escarlatina,0,boletin_pdf,12.5,10.115993936995679,32.73198787399136,-1.2356670118480064,False,False,False,0,False
2026,42,2026-10-12,Ciudad de México,CDMX,Rubeola,0,boletin_pdf,0.0,0.0,0.0,0.0,False,False,False,0,False
2026,42,2026-10-12,Ciudad de México,CDMX,Sarampion,0,boletin_pdf,0.0,0.0,0.0,0.0,False,False,False,0,False
2026,42,2026-10-12,Jalisco,Guadalajara,Erisipela,0,boletin_pdf,7.5,5.972157622389639,19.444315244779276,-1.255827537418382,False,False,False,0,False
2026,42,2026-10-12,Jalisco,Guadalajara,Escarlatina,0,boletin_pdf,6.0,2.8284271247461903,11.65685424949238,-2.1213203435596424,False,False,False,0,False
2026,42,2026-10-12,Jalisco,Guadalajara,Rubeola,0,boletin_pdf,0.0,0.0,0.0,0.0,False,False,False,0,False
2026,42,2026-10-12,Jalisco,Guadalajara,Sarampion,0,boletin_pdf,0.0,0.0,0.0,0.0,False,False,False,0,False
2026,42,2026-10-12,Nuevo León,Monterrey,Erisipela,0,boletin_pdf,112.5,5.507570547286103,123.5151410945722,-20.42642922757208,False,False,False,0,False
2026,42,2026-10-12,Nuevo León,Monterrey,Escarlatina,0,boletin_pdf,9.0,5.773502691896258,20.547005383792516,-1.5588457268119895,False,False,False,0,False
2026,42,2026-10-12,Nuevo León,Monterrey,Rubeola,0,boletin_pdf,0.0,0.0,0.0,0.0,False,False,False,0,False
2026,42,2026-10-12,Nuevo León,Monterrey,Sarampion,0,boletin_pdf,0.0,0.0,0.0,0.0,False,False,False,0,False
2026,43,2026-10-19,Ciudad de México,CDMX,Erisipela,0,boletin_pdf,16.0,12.649110640673518,41.29822128134704,-1.2649110640673518,False,False,False,0,False
2026,43,2026-10-19,Ciudad de México,CDMX,Escarlatina,0,boletin_pdf,15.5,10.503967504392486,36.50793500878497,-1.4756328971427513,False,False,False,0,False
2026,43,2026-10-19,Ciudad de México,CDMX,Rubeola,0,boletin_pdf,0.0,0.0,0.0,0.0,False,False,False,0,False
2026,43,2026-10-19,Ciudad de México,CDMX,Sarampion,0,boletin_pdf,0.0,0.0,0.0,0.0,False,False,False,0,False
2026,43,2026-10-19,Jalisco,Guadalajara,Erisipela,0,boletin_pdf,12.5,4.123105625617661,20.746211251235323,-3.031695312954162,False,False,False,0,False
2026,43,2026-10-19,Jalisco,Guadalajara,Escarlatina,0,boletin_pdf,5.0,2.581988897471611,10.163977794943222,-1.9364916731037085,False,False,False,0,False
2026,43,2026-10-19,Jalisco,Guadalajara,Rubeola,0,boletin_pdf,0.0,0.0,0.0,0.0,False,False,False,0,False
2026,43,2026-10-19,Jalisco,Guadalajara,Sarampion,0,boletin_pdf,0.0,0.0,0.0,0.0,False,False,False,0,False
2026,43,2026-10-19,Nuevo León,Monterrey,Erisipela,0,boletin_pdf,104.0,23.03620339089466,150.0724067817893,-4.514632825351216,False,False,False,0,False
2026,43,2026-10-19,Nuevo León,Monterrey,Escarlatina,0,boletin_pdf,5.0,3.4641016151377544,11.928203230275509,-1.4433756729740645,False,False,False,0,False
2026,43,2026-10-19,Nuevo León,Monterrey,Rubeola,0,boletin_pdf,0.0,0.0,0.0,0.0,False,False,False,0,False
2026,43,2026-10-19,Nuevo León,Monterrey,Sarampion,0,boletin_pdf,0.0,0.0,0.0,0.0,False,False,False,0,False
2026,44,2026-10-26,Ciudad de México,CDMX,Erisipela,0,boletin_pdf,15.0,10.519822558706334,36.03964511741267,-1.4258795636800752,False,False,False,0,False
2026,44,2026-10-26,Ciudad de México,CDMX,Escarlatina,0,boletin_pdf,19.5,13.69914839202301,46.898296784046025,-1.4234461473061213,False,False,False,0,False
2026,44,2026-10-26,Ciudad de México,CDMX,Rubeola,0,boletin_pdf,0.0,0.0,0.0,0.0,False,False,False,0,False
2026,44,2026-10-26,Ciudad de México,CDMX,Sarampion,0,boletin_pdf,0.0,0.0,0.0,0.0,False,False,False,0,False
2026,44,2026-10-26,Jalisco,Guadalajara,Erisipela,0,boletin_pdf,11.0,5.291502622129181,21.583005244258363,-2.0788046015507495,False,False,False,0,False
2026,44,2026-10-26,Jalisco,Guadalajara,Escarlatina,0,boletin_pdf,5.0,2.0,9.0,-2.5,False,False,False,0,False
2026,44,2026-10-26,Jalisco,Guadalajara,Rubeola,0,boletin_pdf,0.0,0.0,0.0,0.0,False,False,False,0,False
2026,44,2026-10-26,Jalisco,Guadalajara,Sarampion,0,boletin_pdf,0.0,0.0,0.0,0.0,False,False,False,0,False
2026,44,2026-10-26,Nuevo León,Monterrey,Erisipela,0,boletin_pdf,101.0,14.832396974191322,130.66479394838265,-6.809418610878747,False,False,False,0,False
2026,44,2026-10-26,Nuevo León,Monterrey,Escarlatina,0,boletin_pdf,5.5,2.9999999999999996,11.5,-1.8333333333333337,False,False,False,0,False
2026,44,2026-10-26,Nuevo León,Monterrey,Rubeola,0,boletin_pdf,0.0,0.0,0.0,0.0,False,False,False,0,False
2026,44,2026-10-26,Nuevo León,Monterrey,Sarampion,0,boletin_pdf,0.0,0.0,0.0,0.0,False,False,False,0,False
2026,45,2026-11-02,Ciudad de México,CDMX,Erisipela,0,boletin_pdf,8.5,5.744562646538028,19.989125293076057,-1.479660075623432,False,False,False,0,False
2026,45,2026-11-02,Ciudad de México,CDMX,Escarlatina,0,boletin_pdf,15.0,10.893423092245461,36.786846184490926,-1.3769776380647352,False,False,False,0,False
2026,45,2026-11-02,Ciudad de México,CDMX,Rubeola,0,boletin_pdf,0.0,0.0,0.0,0.0,False,False,False,0,False
2026,45,2026-11-02,Ciudad de México,CDMX,Sarampion,26,SEFE_csv,0.0,0.0,0.0,26.0,True,True,True,3,True
2026,45,2026-11-02,Jalisco,Guadalajara,Erisipela,0,boletin_pdf,7.0,2.581988897471611,12.163977794943222,-2.711088342345192,False,False,False,0,False
2026,45,2026-11-02,Jalisco,Guadalajara,Escarlatina,0,boletin_pdf,7.0,2.581988897471611,12.163977794943222,-2.711088342345192,False,False,False,0,False
2026,45,2026-11-02,Jalisco,Guadalajara,Rubeola,0,boletin_pdf,0.0,0.0,0.0,0.0,False,False,False,0,False
2026,45,2026-11-02,Jalisco,Guadalajara,Sarampion,174,SEFE_csv,0.0,0.0,0.0,174.0,True,True,True,3,True
2026,45,2026-11-02,Nuevo León,Monterrey,Erisipela,0,boletin_pdf,72.0,11.31370849898476,94.62741699796952,-6.3639610306789285,False,False,False,0,False
2026,45,2026-11-02,Nuevo León,Monterrey,Escarlatina,0,boletin_pdf,8.0,4.320493798938574,16.64098759787715,-1.8516401995451028,False,False,False,0,False
2026,45,2026-11-02,Nuevo León,Monterrey,Rubeola,0,boletin_pdf,0.0,0.0,0.0,0.0,False,False,False,0,False
2026,45,2026-11-02,Nuevo León,Monterrey,Sarampion,0,boletin_pdf,0.0,0.0,0.0,0.0,False,False,False,0,False
2026,46,2026-11-09,Ciudad de México,CDMX,Erisipela,0,boletin_pdf,12.0,9.092121131323903,30.184242262647807,-1.3198240351921797,False,False,False,0,False
2026,46,2026-11-09,Ciudad de México,CDMX,Escarlatina,0,boletin_pdf,19.5,16.36052158907737,52.22104317815474,-1.19189354042469,False,False,False,0,False
2026,46,2026-11-09,Ciudad de México,CDMX,Rubeola,0,boletin_pdf,0.0,0.0,0.0,0.0,False,False,False,0,False
2026,46,2026-11-09,Ciudad de México,CDMX,Sarampion,0,boletin_pdf,0.0,0.0,0.0,0.0,False,False,False,0,False
2026,46,2026-11-09,Jalisco,Guadalajara,Erisipela,0,boletin_pdf,11.5,4.123105625617661,19.746211251235323,-2.789159687917829,False,False,False,0,False
2026,46,2026-11-09,Jalisco,Guadalajara,Escarlatina,0,boletin_pdf,8.0,2.8284271247461903,13.65685424949238,-2.82842712474619,False,False,False,0,False
2026,46,2026-11-09,Jalisco,Guadalajara,Rubeola,0,boletin_pdf,0.0,0.0,0.0,0.0,False,False,False,0,False
2026,46,2026-11-09,Jalisco,Guadalajara,Sarampion,0,boletin_pdf,0.0,0.0,0.0,0.0,False,False,False,0,False
2026,46,2026-11-09,Nuevo León,Monterrey,Erisipela,0,boletin_pdf,92.5,10.246950765959598,112.99390153191919,-9.027075674773933,False,False,False,0,False
2026,46,2026-11-09,Nuevo León,Monterrey,Escarlatina,0,boletin_pdf,8.5,4.123105625617661,16.746211251235323,-2.0615528128088303,False,False,False,0,False
2026,46,2026-11-09,Nuevo León,Monterrey,Rubeola,0,boletin_pdf,0.0,0.0,0.0,0.0,False,False,False,0,False
2026,46,2026-11-09,Nuevo León,Monterrey,Sarampion,0,boletin_pdf,0.0,0.0,0.0,0.0,False,False,False,0,False
2026,47,2026-11-16,Ciudad de México,CDMX,Erisipela,0,boletin_pdf,3.5,4.123105625617661,11.746211251235321,-0.8488746876271654,False,False,False,0,False
2026,47,2026-11-16,Ciudad de México,CDMX,Escarlatina,0,boletin_pdf,9.0,6.6332495807108,22.2664991614216,-1.3568010505999364,False,False,False,0,False
2026,47,2026-11-16,Ciudad de México,CDMX,Rubeola,0,boletin_pdf,0.0,0.0,0.0,0.0,False,False,False,0,False
2026,47,2026-11-16,Ciudad de México,CDMX,Sarampion,0,boletin_pdf,0.0,0.0,0.0,0.0,False,False,False,0,False
2026,47,2026-11-16,Jalisco,Guadalajara,Erisipela,0,boletin_pdf,10.5,4.43471156521669,19.369423130433383,-2.367684988208911,False,False,False,0,False
2026,47,2026-11-16,Jalisco,Guadalajara,Escarlatina,0,boletin_pdf,4.0,3.265986323710904,10.531972647421808,-1.224744871391589,False,False,False,0,False
2026,47,2026-11-16,Jalisco,Guadalajara,Rubeola,0,boletin_pdf,0.0,0.0,0.0,0.0,False,False,False,0,False
2026,47,2026-11-16,Jalisco,Guadalajara,Sarampion,0,boletin_pdf,0.0,0.0,0.0,0.0,False,False,False,0,False
2026,47,2026-11-16,Nuevo León,Monterrey,Erisipela,0,boletin_pdf,70.0,21.602468994692867,113.20493798938574,-3.24037034920393,False,False,False,0,False
2026,47,2026-11-16,Nuevo León,Monterrey,Escarlatina,0,boletin_pdf,5.5,4.43471156521669,14.36942313043338,-1.2402159462046676,False,False,False,0,False
2026,47,2026-11-16,Nuevo León,Monterrey,Rubeola,0,boletin_pdf,0.0,0.0,0.0,0.0,False,False,False,0,False
2026,47,2026-11-16,Nuevo León,Monterrey,Sarampion,0,boletin_pdf,0.0,0.0,0.0,0.0,False,False,False,0,False
2026,48,2026-11-23,Ciudad de México,CDMX,Erisipela,0,boletin_pdf,15.0,11.135528725660043,37.27105745132009,-1.347039765200812,False,False,False,0,False
2026,48,2026-11-23,Ciudad de México,CDMX,Escarlatina,0,boletin_pdf,14.5,12.793227374930325,40.08645474986065,-1.1334122012412815,False,False,False,0,False
2026,48,2026-11-23,Ciudad de México,CDMX,Rubeola,0,boletin_pdf,0.0,0.0,0.0,0.0,False,False,False,0,False
2026,48,2026-11-23,Ciudad de México,CDMX,Sarampion,0,boletin_pdf,0.0,0.0,0.0,0.0,False,False,False,0,False
2026,48,2026-11-23,Jalisco,Guadalajara,Erisipela,0,boletin_pdf,9.0,3.4641016151377544,15.928203230275509,-2.598076211353316,False,False,False,0,False
2026,48,2026-11-23,Jalisco,Guadalajara,Escarlatina,0,boletin_pdf,3.5,1.0,5.5,-3.5,False,False,False,0,False
2026,48,2026-11-23,Jalisco,Guadalajara,Rubeola,0,boletin_pdf,0.0,0.0,0.0,0.0,False,False,False,0,False
2026,48,2026-11-23,Jalisco,Guadalajara,Sarampion,0,boletin_pdf,0.0,0.0,0.0,0.0,False,False,False,0,False
2026,48,2026-11-23,Nuevo León,Monterrey,Erisipela,0,boletin_pdf,59.0,6.2182527020592095,71.43650540411842,-9.488195933314485,False,False,False,0,False
2026,48,2026-11-23,Nuevo León,Monterrey,Escarlatina,0,boletin_pdf,16.5,21.80978373727412,60.11956747454824,-0.7565412018185487,False,False,False,0,False
2026,48,2026-11-23,Nuevo León,Monterrey,Rubeola,0,boletin_pdf,0.0,0.0,0.0,0.0,False,False,False,0,False
2026,48,2026-11-23,Nuevo León,Monterrey,Sarampion,0,boletin_pdf,0.0,0.0,0.0,0.0,False,False,False,0,False
2026,49,2026-11-30,Ciudad de México,CDMX,Erisipela,0,boletin_pdf,10.5,10.246950765959598,30.993901531919196,-1.02469507659596,False,False,False,0,False
2026,49,2026-11-30,Ciudad de México,CDMX,Escarlatina,0,boletin_pdf,14.0,9.38083151964686,32.76166303929372,-1.4924050144892729,False,False,False,0,False
2026,49,2026-11-30,Ciudad de México,CDMX,Rubeola,0,boletin_pdf,0.0,0.0,0.0,0.0,False,False,False,0,False
2026,49,2026-11-30,Ciudad de México,CDMX,Sarampion,29,SEFE_csv,0.0,0.0,0.0,29.0,True,True,True,3,True
2026,49,2026-11-30,Jalisco,Guadalajara,Erisipela,0,boletin_pdf,2.5,1.9148542155126762,6.329708431025352,-1.3055824196677337,False,False,False,0,False
2026,49,2026-11-30,Jalisco,Guadalajara,Escarlatina,0,boletin_pdf,7.0,5.773502691896258,18.547005383792516,-1.212435565298214,False,False,False,0,False
2026,49,2026-11-30,Jalisco,Guadalajara,Rubeola,0,boletin_pdf,0.0,0.0,0.0,0.0,False,False,False,0,False
2026,49,2026-11-30,Jalisco,Guadalajara,Sarampion,304,SEFE_csv,0.0,0.0,0.0,304.0,True,True,True,3,True
2026,49,2026-11-30,Nuevo León,Monterrey,Erisipela,0,boletin_pdf,66.5,9.146948489341495,84.793896978683,-7.270184157863061,False,False,False,0,False
2026,49,2026-11-30,Nuevo León,Monterrey,Escarlatina,0,boletin_pdf,8.0,4.898979485566356,17.79795897113271,-1.6329931618554523,False,False,False,0,False
2026,49,2026-11-30,Nuevo León,Monterrey,Rubeola,0,boletin_pdf,0.0,0.0,0.0,0.0,False,False,False,0,False
2026,49,2026-11-30,Nuevo León,Monterrey,Sarampion,3,SEFE_csv,0.0,0.0,0.0,3.0,True,True,True,3,True
2026,49,2026-11-30,Nuevo León,Monterrey,Sarampion,0,boletin_pdf,0.0,0.0,0.0,0.0,False,False,False,0,False
2026,50,2026-12-07,Ciudad de México,CDMX,Erisipela,0,boletin_pdf,10.5,9.0,28.5,-1.1666666666666667,False,False,False,0,False
2026,50,2026-12-07,Ciudad de México,CDMX,Escarlatina,0,boletin_pdf,10.5,8.225975119502044,26.951950239004088,-1.2764444150951448,False,False,False,0,False
2026,50,2026-12-07,Ciudad de México,CDMX,Rubeola,0,boletin_pdf,0.0,0.0,0.0,0.0,False,False,False,0,False
2026,50,2026-12-07,Ciudad de México,CDMX,Sarampion,0,boletin_pdf,0.0,0.0,0.0,0.0,False,False,False,0,False
2026,50,2026-12-07,Jalisco,Guadalajara,Erisipela,0,boletin_pdf,9.5,5.0,19.5,-1.9,False,False,False,0,False
2026,50,2026-12-07,Jalisco,Guadalajara,Escarlatina,0,boletin_pdf,2.5,2.516611478423583,7.533222956847166,-0.9933992677987828,False,False,False,0,False
2026,50,2026-12-07,Jalisco,Guadalajara,Rubeola,0,boletin_pdf,0.0,0.0,0.0,0.0,False,False,False,0,False
2026,50,2026-12-07,Jalisco,Guadalajara,Sarampion,0,boletin_pdf,0.0,0.0,0.0,0.0,False,False,False,0,False
2026,50,2026-12-07,Nuevo León,Monterrey,Erisipela,0,boletin_pdf,78.0,12.328828005937952,102.6576560118759,-6.32663542409974,False,False,False,0,False
2026,50,2026-12-07,Nuevo León,Monterrey,Escarlatina,0,boletin_pdf,3.5,2.516611478423583,8.533222956847165,-1.390758974918296,False,False,False,0,False
2026,50,2026-12-07,Nuevo León,Monterrey,Rubeola,0,boletin_pdf,0.0,0.0,0.0,0.0,False,False,False,0,False
2026,50,2026-12-07,Nuevo León,Monterrey,Sarampion,0,boletin_pdf,0.0,0.0,0.0,0.0,False,False,False,0,False
2026,51,2026-12-14,Ciudad de México,CDMX,Erisipela,0,boletin_pdf,6.5,5.972157622389639,18.444315244779276,-1.088383865762598,False,False,False,0,False
2026,51,2026-12-14,Ciudad de México,CDMX,Escarlatina,0,boletin_pdf,14.5,13.203534880225574,40.90706976045115,-1.0981907596363525,False,False,False,0,False
2026,51,2026-12-14,Ciudad de México,CDMX,Rubeola,0,boletin_pdf,0.0,0.0,0.0,0.0,False,False,False,0,False
2026,51,2026-12-14,Ciudad de México,CDMX,Sarampion,0,boletin_pdf,0.0,0.0,0.0,0.0,False,False,False,0,False
2026,51,2026-12-14,Jalisco,Guadalajara,Erisipela,0,boletin_pdf,6.0,4.320493798938574,14.640987597877148,-1.3887301496588271,False,False,False,0,False
2026,51,2026-12-14,Jalisco,Guadalajara,Escarlatina,0,boletin_pdf,9.0,6.6332495807108,22.2664991614216,-1.3568010505999364,False,False,False,0,False
2026,51,2026-12-14,Jalisco,Guadalajara,Rubeola,0,boletin_pdf,0.0,0.0,0.0,0.0,False,False,False,0,False
2026,51,2026-12-14,Jalisco,Guadalajara,Sarampion,0,boletin_pdf,0.0,0.0,0.0,0.0,False,False,False,0,False
2026,51,2026-12-14,Nuevo León,Monterrey,Erisipela,0,boletin_pdf,59.0,10.132456102380443,79.26491220476089,-5.822872500393955,False,False,False,0,False
2026,51,2026-12-14,Nuevo León,Monterrey,Escarlatina,0,boletin_pdf,4.5,4.43471156521669,13.36942313043338,-1.014722137803819,False,False,False,0,False
2026,51,2026-12-14,Nuevo León,Monterrey,Rubeola,0,boletin_pdf,0.0,0.0,0.0,0.0,False,False,False,0,False
2026,51,2026-12-14,Nuevo León,Monterrey,Sarampion,0,boletin_pdf,0.0,0.0,0.0,0.0,False,False,False,0,False
2026,52,2026-12-21,Ciudad de México,CDMX,Erisipela,0,boletin_pdf,5.5,3.7859388972001824,13.071877794400365,-1.4527439954372794,False,False,False,0,False
2026,52,2026-12-21,Ciudad de México,CDMX,Escarlatina,0,boletin_pdf,10.5,11.474609652039003,33.44921930407801,-0.9150638076942497,False,False,False,0,False
2026,52,2026-12-21,Ciudad de México,CDMX,Rubeola,0,boletin_pdf,0.0,0.0,0.0,0.0,False,False,False,0,False
2026,52,2026-12-21,Ciudad de México,CDMX,Sarampion,0,boletin_pdf,0.0,0.0,0.0,0.0,False,False,False,0,False
2026,52,2026-12-21,Jalisco,Guadalajara,Erisipela,0,boletin_pdf,4.5,1.9148542155126762,8.329708431025352,-2.350048355401921,False,False,False,0,False
2026,52,2026-12-21,Jalisco,Guadalajara,Escarlatina,0,boletin_pdf,5.5,5.7445626465380295,16.989125293076057,-0.957427107756338,False,False,False,0,False
2026,52,2026-12-21,Jalisco,Guadalajara,Rubeola,0,boletin_pdf,0.0,0.0,0.0,0.0,False,False,False,0,False
2026,52,2026-12-21,Jalisco,Guadalajara,Sarampion,0,boletin_pdf,0.0,0.0,0.0,0.0,False,False,False,0,False
2026,52,2026-12-21,Nuevo León,Monterrey,Erisipela,0,boletin_pdf,50.5,15.351438586225939,81.20287717245188,-3.2895939827627014,False,False,False,0,False
2026,52,2026-12-21,Nuevo León,Monterrey,Escarlatina,0,boletin_pdf,9.0,12.701705922171767,34.40341184434354,-0.7085662394599952,False,False,False,0,False
2026,52,2026-12-21,Nuevo León,Monterrey,Rubeola,0,boletin_pdf,0.0,0.0,0.0,0.0,False,False,False,0,False
2026,52,2026-12-21,Nuevo León,Monterrey,Sarampion,0,boletin_pdf,0.0,0.0,0.0,0.0,False,False,False,0,False
2026,53,2026-12-28,Ciudad de México,CDMX,Erisipela,0,boletin_pdf,0.0,0.0,0.0,0.0,False,False,False,0,False
2026,53,2026-12-28,Ciudad de México,CDMX,Escarlatina,0,boletin_pdf,0.0,0.0,0.0,0.0,False,False,False,0,False
2026,53,2026-12-28,Ciudad de México,CDMX,Rubeola,0,boletin_pdf,0.0,0.0,0.0,0.0,False,False,False,0,False
2026,53,2026-12-28,Ciudad de México,CDMX,Sarampion,0,boletin_pdf,0.0,0.0,0.0,0.0,False,False,False,0,False
2026,53,2026-12-28,Jalisco,Guadalajara,Erisipela,0,boletin_pdf,0.0,0.0,0.0,0.0,False,False,False,0,False
2026,53,2026-12-28,Jalisco,Guadalajara,Escarlatina,0,boletin_pdf,0.0,0.0,0.0,0.0,False,False,False,0,False
2026,53,2026-12-28,Jalisco,Guadalajara,Rubeola,0,boletin_pdf,0.0,0.0,0.0,0.0,False,False,False,0,False
2026,53,2026-12-28,Jalisco,Guadalajara,Sarampion,0,boletin_pdf,0.0,0.0,0.0,0.0,False,False,False,0,False
2026,53,2026-12-28,Nuevo León,Monterrey,Erisipela,0,boletin_pdf,0.0,0.0,0.0,0.0,False,False,False,0,False
2026,53,2026-12-28,Nuevo León,Monterrey,Escarlatina,0,boletin_pdf,0.0,0.0,0.0,0.0,False,False,False,0,False
2026,53,2026-12-28,Nuevo León,Monterrey,Rubeola,0,boletin_pdf,0.0,0.0,0.0,0.0,False,False,False,0,False
2026,53,2026-12-28,Nuevo León,Monterrey,Sarampion,0,boletin_pdf,0.0,0.0,0.0,0.0,False,False,False,0,False
